model_code,feature_code,source_table,source_metric,history_window_size,raw_sample_count,exact_timestamp_match_count,backward_asof_match_count,interior_interpolation_count,leading_boundary_extension_count,trailing_boundary_extension_count,forward_fill_count,backward_fill_count,final_missing_count,max_raw_gap_seconds,median_source_age_seconds,p95_source_age_seconds,max_source_age_seconds,exact_match_ratio,asof_alignment_ratio,non_exact_alignment_ratio,fill_ratio
Pressure,point1_0.8YD_value,em_obs_displacement,displacement_tilt_y_deg,13,13,0,13,0,0,0,0,0,0,181.0,3.0,3.0,3.0,0.0,1.0,1.0,0.0
Pressure,point1_1.8YD_value,em_obs_displacement,displacement_tilt_y_deg,13,13,0,13,0,0,0,0,0,0,181.0,3.0,3.0,3.0,0.0,1.0,1.0,0.0
Pressure,point1_2.8YD_value,em_obs_displacement,displacement_tilt_y_deg,13,13,0,13,0,0,0,0,0,0,181.0,3.0,3.0,3.0,0.0,1.0,1.0,0.0
Pressure,point1_3.8YD_value,em_obs_displacement,displacement_tilt_y_deg,13,13,0,13,0,0,0,0,0,0,181.0,3.0,3.0,3.0,0.0,1.0,1.0,0.0
Pressure,point2_0.6YD_value,em_obs_displacement,displacement_tilt_y_deg,13,13,0,13,0,0,0,0,0,0,181.0,172.0,173.0,173.0,0.0,1.0,1.0,0.0
Pressure,point2_1.6YD_value,em_obs_displacement,displacement_tilt_y_deg,13,13,0,13,0,0,0,0,0,0,181.0,172.0,173.0,173.0,0.0,1.0,1.0,0.0
Pressure,point2_2.6YD_value,em_obs_displacement,displacement_tilt_y_deg,13,13,0,13,0,0,0,0,0,0,181.0,172.0,173.0,173.0,0.0,1.0,1.0,0.0
Pressure,point2_3.6YD_value,em_obs_displacement,displacement_tilt_y_deg,13,13,0,13,0,0,0,0,0,0,181.0,172.0,173.0,173.0,0.0,1.0,1.0,0.0
Pressure,point3_0.5YD_value,em_obs_displacement,displacement_tilt_y_deg,13,13,0,13,0,0,0,0,0,0,181.0,161.0,162.0,162.0,0.0,1.0,1.0,0.0
Pressure,point3_1.5YD_value,em_obs_displacement,displacement_tilt_y_deg,13,13,0,13,0,0,0,0,0,0,181.0,161.0,162.0,162.0,0.0,1.0,1.0,0.0
Pressure,point3_2.5YD_value,em_obs_displacement,displacement_tilt_y_deg,13,13,0,13,0,0,0,0,0,0,181.0,161.0,162.0,162.0,0.0,1.0,1.0,0.0
Pressure,point3_3.5YD_value,em_obs_displacement,displacement_tilt_y_deg,13,13,0,13,0,0,0,0,0,0,181.0,161.0,162.0,162.0,0.0,1.0,1.0,0.0
Pressure,point3_4.5YD_value,em_obs_displacement,displacement_tilt_y_deg,13,13,0,13,0,0,0,0,0,0,181.0,161.0,162.0,162.0,0.0,1.0,1.0,0.0
Pressure,point3_5.5YD_value,em_obs_displacement,displacement_tilt_y_deg,13,13,0,13,0,0,0,0,0,0,181.0,161.0,162.0,162.0,0.0,1.0,1.0,0.0
Pressure,point4_0.5YD_value,em_obs_displacement,displacement_tilt_y_deg,13,13,0,13,0,0,0,0,0,0,181.0,150.0,151.0,151.0,0.0,1.0,1.0,0.0
Pressure,point4_1.5YD_value,em_obs_displacement,displacement_tilt_y_deg,13,13,0,13,0,0,0,0,0,0,181.0,150.0,151.0,151.0,0.0,1.0,1.0,0.0
Pressure,point4_2.5YD_value,em_obs_displacement,displacement_tilt_y_deg,13,13,0,13,0,0,0,0,0,0,181.0,150.0,151.0,151.0,0.0,1.0,1.0,0.0
Pressure,point4_3.5YD_value,em_obs_displacement,displacement_tilt_y_deg,13,13,0,13,0,0,0,0,0,0,181.0,150.0,151.0,151.0,0.0,1.0,1.0,0.0
Pressure,point4_4.5YD_value,em_obs_displacement,displacement_tilt_y_deg,13,13,0,13,0,0,0,0,0,0,181.0,150.0,151.0,151.0,0.0,1.0,1.0,0.0
Pressure,point4_5.5YD_value,em_obs_displacement,displacement_tilt_y_deg,13,13,0,13,0,0,0,0,0,0,181.0,150.0,151.0,151.0,0.0,1.0,1.0,0.0
Pressure,point5_0.5YD_value,em_obs_displacement,displacement_tilt_y_deg,13,13,0,13,0,0,0,0,0,0,182.0,139.0,140.0,140.0,0.0,1.0,1.0,0.0
Pressure,point5_1.5YD_value,em_obs_displacement,displacement_tilt_y_deg,13,13,0,13,0,0,0,0,0,0,182.0,139.0,140.0,140.0,0.0,1.0,1.0,0.0
Pressure,point5_2.5YD_value,em_obs_displacement,displacement_tilt_y_deg,13,13,0,13,0,0,0,0,0,0,182.0,139.0,140.0,140.0,0.0,1.0,1.0,0.0
Pressure,point5_3.5YD_value,em_obs_displacement,displacement_tilt_y_deg,13,13,0,13,0,0,0,0,0,0,182.0,139.0,140.0,140.0,0.0,1.0,1.0,0.0
Pressure,point5_4.5YD_value,em_obs_displacement,displacement_tilt_y_deg,13,13,0,13,0,0,0,0,0,0,182.0,139.0,140.0,140.0,0.0,1.0,1.0,0.0
Pressure,point5_5.5YD_value,em_obs_displacement,displacement_tilt_y_deg,13,13,0,13,0,0,0,0,0,0,182.0,139.0,140.0,140.0,0.0,1.0,1.0,0.0
Pressure,point6_0.5YD_value,em_obs_displacement,displacement_tilt_y_deg,13,13,0,13,0,0,0,0,0,0,181.0,126.0,127.0,127.0,0.0,1.0,1.0,0.0
Pressure,point6_1.5YD_value,em_obs_displacement,displacement_tilt_y_deg,13,13,0,13,0,0,0,0,0,0,181.0,126.0,127.0,127.0,0.0,1.0,1.0,0.0
Pressure,point6_2.5YD_value,em_obs_displacement,displacement_tilt_y_deg,13,13,0,13,0,0,0,0,0,0,181.0,126.0,127.0,127.0,0.0,1.0,1.0,0.0
Pressure,point6_3.5YD_value,em_obs_displacement,displacement_tilt_y_deg,13,13,0,13,0,0,0,0,0,0,181.0,126.0,127.0,127.0,0.0,1.0,1.0,0.0
Pressure,point6_4.5YD_value,em_obs_displacement,displacement_tilt_y_deg,13,13,0,13,0,0,0,0,0,0,181.0,126.0,127.0,127.0,0.0,1.0,1.0,0.0
Pressure,point6_5.5YD_value,em_obs_displacement,displacement_tilt_y_deg,13,13,0,13,0,0,0,0,0,0,181.0,126.0,127.0,127.0,0.0,1.0,1.0,0.0
Pressure,line2_point1_0.6YD_value,em_obs_displacement,displacement_tilt_y_deg,13,13,0,13,0,0,0,0,0,0,192.0,25.0,26.0,26.0,0.0,1.0,1.0,0.0
Pressure,line2_point1_1.6YD_value,em_obs_displacement,displacement_tilt_y_deg,13,13,0,13,0,0,0,0,0,0,192.0,25.0,26.0,26.0,0.0,1.0,1.0,0.0
Pressure,line2_point1_2.6YD_value,em_obs_displacement,displacement_tilt_y_deg,13,13,0,13,0,0,0,0,0,0,192.0,25.0,26.0,26.0,0.0,1.0,1.0,0.0
Pressure,line2_point1_3.6YD_value,em_obs_displacement,displacement_tilt_y_deg,13,13,0,13,0,0,0,0,0,0,192.0,25.0,26.0,26.0,0.0,1.0,1.0,0.0
Pressure,line2_point2_0.5YD_value,em_obs_displacement,displacement_tilt_y_deg,13,13,0,11,2,0,0,0,0,0,193.0,14.0,191.4,192.0,0.0,0.846153846154,1.0,0.153846153846
Pressure,line2_point2_1.5YD_value,em_obs_displacement,displacement_tilt_y_deg,13,13,0,11,2,0,0,0,0,0,193.0,14.0,191.4,192.0,0.0,0.846153846154,1.0,0.153846153846
Pressure,line2_point2_2.5YD_value,em_obs_displacement,displacement_tilt_y_deg,13,13,0,11,2,0,0,0,0,0,193.0,14.0,191.4,192.0,0.0,0.846153846154,1.0,0.153846153846
Pressure,line2_point2_3.5YD_value,em_obs_displacement,displacement_tilt_y_deg,13,13,0,11,2,0,0,0,0,0,193.0,14.0,191.4,192.0,0.0,0.846153846154,1.0,0.153846153846
Pressure,line2_point2_4.5YD_value,em_obs_displacement,displacement_tilt_y_deg,13,13,0,11,2,0,0,0,0,0,193.0,14.0,191.4,192.0,0.0,0.846153846154,1.0,0.153846153846
Pressure,line2_point2_5.5YD_value,em_obs_displacement,displacement_tilt_y_deg,13,13,0,11,2,0,0,0,0,0,193.0,14.0,191.4,192.0,0.0,0.846153846154,1.0,0.153846153846
Pressure,point1_0.8XD_value,em_obs_displacement,displacement_tilt_x_deg,13,13,0,13,0,0,0,0,0,0,181.0,3.0,3.0,3.0,0.0,1.0,1.0,0.0
Pressure,point1_1.8XD_value,em_obs_displacement,displacement_tilt_x_deg,13,13,0,13,0,0,0,0,0,0,181.0,3.0,3.0,3.0,0.0,1.0,1.0,0.0
Pressure,point1_2.8XD_value,em_obs_displacement,displacement_tilt_x_deg,13,13,0,13,0,0,0,0,0,0,181.0,3.0,3.0,3.0,0.0,1.0,1.0,0.0
Pressure,point1_3.8XD_value,em_obs_displacement,displacement_tilt_x_deg,13,13,0,13,0,0,0,0,0,0,181.0,3.0,3.0,3.0,0.0,1.0,1.0,0.0
Pressure,point2_0.6XD_value,em_obs_displacement,displacement_tilt_x_deg,13,13,0,13,0,0,0,0,0,0,181.0,172.0,173.0,173.0,0.0,1.0,1.0,0.0
Pressure,point2_1.6XD_value,em_obs_displacement,displacement_tilt_x_deg,13,13,0,13,0,0,0,0,0,0,181.0,172.0,173.0,173.0,0.0,1.0,1.0,0.0
Pressure,point2_2.6XD_value,em_obs_displacement,displacement_tilt_x_deg,13,13,0,13,0,0,0,0,0,0,181.0,172.0,173.0,173.0,0.0,1.0,1.0,0.0
Pressure,point2_3.6XD_value,em_obs_displacement,displacement_tilt_x_deg,13,13,0,13,0,0,0,0,0,0,181.0,172.0,173.0,173.0,0.0,1.0,1.0,0.0
Pressure,point3_0.5XD_value,em_obs_displacement,displacement_tilt_x_deg,13,13,0,13,0,0,0,0,0,0,181.0,161.0,162.0,162.0,0.0,1.0,1.0,0.0
Pressure,point3_1.5XD_value,em_obs_displacement,displacement_tilt_x_deg,13,13,0,13,0,0,0,0,0,0,181.0,161.0,162.0,162.0,0.0,1.0,1.0,0.0
Pressure,point3_2.5XD_value,em_obs_displacement,displacement_tilt_x_deg,13,13,0,13,0,0,0,0,0,0,181.0,161.0,162.0,162.0,0.0,1.0,1.0,0.0
Pressure,point3_3.5XD_value,em_obs_displacement,displacement_tilt_x_deg,13,13,0,13,0,0,0,0,0,0,181.0,161.0,162.0,162.0,0.0,1.0,1.0,0.0
Pressure,point3_4.5XD_value,em_obs_displacement,displacement_tilt_x_deg,13,13,0,13,0,0,0,0,0,0,181.0,161.0,162.0,162.0,0.0,1.0,1.0,0.0
Pressure,point3_5.5XD_value,em_obs_displacement,displacement_tilt_x_deg,13,13,0,13,0,0,0,0,0,0,181.0,161.0,162.0,162.0,0.0,1.0,1.0,0.0
Pressure,point4_0.5XD_value,em_obs_displacement,displacement_tilt_x_deg,13,13,0,13,0,0,0,0,0,0,181.0,150.0,151.0,151.0,0.0,1.0,1.0,0.0
Pressure,point4_1.5XD_value,em_obs_displacement,displacement_tilt_x_deg,13,13,0,13,0,0,0,0,0,0,181.0,150.0,151.0,151.0,0.0,1.0,1.0,0.0
Pressure,point4_2.5XD_value,em_obs_displacement,displacement_tilt_x_deg,13,13,0,13,0,0,0,0,0,0,181.0,150.0,151.0,151.0,0.0,1.0,1.0,0.0
Pressure,point4_3.5XD_value,em_obs_displacement,displacement_tilt_x_deg,13,13,0,13,0,0,0,0,0,0,181.0,150.0,151.0,151.0,0.0,1.0,1.0,0.0
Pressure,point4_4.5XD_value,em_obs_displacement,displacement_tilt_x_deg,13,13,0,13,0,0,0,0,0,0,181.0,150.0,151.0,151.0,0.0,1.0,1.0,0.0
Pressure,point4_5.5XD_value,em_obs_displacement,displacement_tilt_x_deg,13,13,0,13,0,0,0,0,0,0,181.0,150.0,151.0,151.0,0.0,1.0,1.0,0.0
Pressure,point5_0.5XD_value,em_obs_displacement,displacement_tilt_x_deg,13,13,0,13,0,0,0,0,0,0,182.0,139.0,140.0,140.0,0.0,1.0,1.0,0.0
Pressure,point5_1.5XD_value,em_obs_displacement,displacement_tilt_x_deg,13,13,0,13,0,0,0,0,0,0,182.0,139.0,140.0,140.0,0.0,1.0,1.0,0.0
Pressure,point5_2.5XD_value,em_obs_displacement,displacement_tilt_x_deg,13,13,0,13,0,0,0,0,0,0,182.0,139.0,140.0,140.0,0.0,1.0,1.0,0.0
Pressure,point5_3.5XD_value,em_obs_displacement,displacement_tilt_x_deg,13,13,0,13,0,0,0,0,0,0,182.0,139.0,140.0,140.0,0.0,1.0,1.0,0.0
Pressure,point5_4.5XD_value,em_obs_displacement,displacement_tilt_x_deg,13,13,0,13,0,0,0,0,0,0,182.0,139.0,140.0,140.0,0.0,1.0,1.0,0.0
Pressure,point5_5.5XD_value,em_obs_displacement,displacement_tilt_x_deg,13,13,0,13,0,0,0,0,0,0,182.0,139.0,140.0,140.0,0.0,1.0,1.0,0.0
Pressure,point6_0.5XD_value,em_obs_displacement,displacement_tilt_x_deg,13,13,0,13,0,0,0,0,0,0,181.0,126.0,127.0,127.0,0.0,1.0,1.0,0.0
Pressure,point6_1.5XD_value,em_obs_displacement,displacement_tilt_x_deg,13,13,0,13,0,0,0,0,0,0,181.0,126.0,127.0,127.0,0.0,1.0,1.0,0.0
Pressure,point6_2.5XD_value,em_obs_displacement,displacement_tilt_x_deg,13,13,0,13,0,0,0,0,0,0,181.0,126.0,127.0,127.0,0.0,1.0,1.0,0.0
Pressure,point6_3.5XD_value,em_obs_displacement,displacement_tilt_x_deg,13,13,0,13,0,0,0,0,0,0,181.0,126.0,127.0,127.0,0.0,1.0,1.0,0.0
Pressure,point6_4.5XD_value,em_obs_displacement,displacement_tilt_x_deg,13,13,0,13,0,0,0,0,0,0,181.0,126.0,127.0,127.0,0.0,1.0,1.0,0.0
Pressure,point6_5.5XD_value,em_obs_displacement,displacement_tilt_x_deg,13,13,0,13,0,0,0,0,0,0,181.0,126.0,127.0,127.0,0.0,1.0,1.0,0.0
Pressure,line2_point1_0.6XD_value,em_obs_displacement,displacement_tilt_x_deg,13,13,0,13,0,0,0,0,0,0,192.0,25.0,26.0,26.0,0.0,1.0,1.0,0.0
Pressure,line2_point1_1.6XD_value,em_obs_displacement,displacement_tilt_x_deg,13,13,0,13,0,0,0,0,0,0,192.0,25.0,26.0,26.0,0.0,1.0,1.0,0.0
Pressure,line2_point1_2.6XD_value,em_obs_displacement,displacement_tilt_x_deg,13,13,0,13,0,0,0,0,0,0,192.0,25.0,26.0,26.0,0.0,1.0,1.0,0.0
Pressure,line2_point1_3.6XD_value,em_obs_displacement,displacement_tilt_x_deg,13,13,0,13,0,0,0,0,0,0,192.0,25.0,26.0,26.0,0.0,1.0,1.0,0.0
Pressure,line2_point2_0.5XD_value,em_obs_displacement,displacement_tilt_x_deg,13,13,0,11,2,0,0,0,0,0,193.0,14.0,191.4,192.0,0.0,0.846153846154,1.0,0.153846153846
Pressure,line2_point2_1.5XD_value,em_obs_displacement,displacement_tilt_x_deg,13,13,0,11,2,0,0,0,0,0,193.0,14.0,191.4,192.0,0.0,0.846153846154,1.0,0.153846153846
Pressure,line2_point2_2.5XD_value,em_obs_displacement,displacement_tilt_x_deg,13,13,0,11,2,0,0,0,0,0,193.0,14.0,191.4,192.0,0.0,0.846153846154,1.0,0.153846153846
Pressure,line2_point2_3.5XD_value,em_obs_displacement,displacement_tilt_x_deg,13,13,0,11,2,0,0,0,0,0,193.0,14.0,191.4,192.0,0.0,0.846153846154,1.0,0.153846153846
Pressure,line2_point2_4.5XD_value,em_obs_displacement,displacement_tilt_x_deg,13,13,0,11,2,0,0,0,0,0,193.0,14.0,191.4,192.0,0.0,0.846153846154,1.0,0.153846153846
Pressure,line2_point2_5.5XD_value,em_obs_displacement,displacement_tilt_x_deg,13,13,0,11,2,0,0,0,0,0,193.0,14.0,191.4,192.0,0.0,0.846153846154,1.0,0.153846153846
Pressure,point1_0.12Strain_value,em_obs_earth_pressure,earth_pressure_strain_ue,13,13,0,13,0,0,0,0,0,0,181.0,136.0,137.0,137.0,0.0,1.0,1.0,0.0
Pressure,point1_1.12Strain_value,em_obs_earth_pressure,earth_pressure_strain_ue,13,13,0,13,0,0,0,0,0,0,181.0,136.0,137.0,137.0,0.0,1.0,1.0,0.0
Pressure,point1_2.12Strain_value,em_obs_earth_pressure,earth_pressure_strain_ue,13,13,0,13,0,0,0,0,0,0,181.0,136.0,137.0,137.0,0.0,1.0,1.0,0.0
Pressure,point1_3.12Strain_value,em_obs_earth_pressure,earth_pressure_strain_ue,13,13,0,13,0,0,0,0,0,0,181.0,136.0,137.0,137.0,0.0,1.0,1.0,0.0
Pressure,point1_4.12Strain_value,em_obs_earth_pressure,earth_pressure_strain_ue,13,13,0,13,0,0,0,0,0,0,181.0,136.0,137.0,137.0,0.0,1.0,1.0,0.0
Pressure,point1_5.12Strain_value,em_obs_earth_pressure,earth_pressure_strain_ue,13,13,0,13,0,0,0,0,0,0,181.0,136.0,137.0,137.0,0.0,1.0,1.0,0.0
Pressure,point1_6.12Strain_value,em_obs_earth_pressure,earth_pressure_strain_ue,13,13,0,13,0,0,0,0,0,0,181.0,136.0,137.0,137.0,0.0,1.0,1.0,0.0
Pressure,point2_0.2Strain_value,em_obs_earth_pressure,earth_pressure_strain_ue,13,13,0,13,0,0,0,0,0,0,192.0,34.0,35.0,35.0,0.0,1.0,1.0,0.0
Pressure,point2_1.2Strain_value,em_obs_earth_pressure,earth_pressure_strain_ue,13,13,0,13,0,0,0,0,0,0,192.0,34.0,35.0,35.0,0.0,1.0,1.0,0.0
Pressure,point2_2.2Strain_value,em_obs_earth_pressure,earth_pressure_strain_ue,13,13,0,13,0,0,0,0,0,0,192.0,34.0,35.0,35.0,0.0,1.0,1.0,0.0
Pressure,point2_3.2Strain_value,em_obs_earth_pressure,earth_pressure_strain_ue,13,13,0,13,0,0,0,0,0,0,192.0,34.0,35.0,35.0,0.0,1.0,1.0,0.0
Pressure,point2_4.2Strain_value,em_obs_earth_pressure,earth_pressure_strain_ue,13,13,0,13,0,0,0,0,0,0,192.0,34.0,35.0,35.0,0.0,1.0,1.0,0.0
Pressure,point2_5.2Strain_value,em_obs_earth_pressure,earth_pressure_strain_ue,13,13,0,13,0,0,0,0,0,0,192.0,34.0,35.0,35.0,0.0,1.0,1.0,0.0
Pressure,point2_6.2Strain_value,em_obs_earth_pressure,earth_pressure_strain_ue,13,13,0,13,0,0,0,0,0,0,192.0,34.0,35.0,35.0,0.0,1.0,1.0,0.0
Pressure,point1_0.12Pressure_value,em_obs_earth_pressure,earth_pressure_p,13,13,0,13,0,0,0,0,0,0,181.0,136.0,137.0,137.0,0.0,1.0,1.0,0.0
Pressure,point1_1.12Pressure_value,em_obs_earth_pressure,earth_pressure_p,13,13,0,13,0,0,0,0,0,0,181.0,136.0,137.0,137.0,0.0,1.0,1.0,0.0
Pressure,point1_2.12Pressure_value,em_obs_earth_pressure,earth_pressure_p,13,13,0,13,0,0,0,0,0,0,181.0,136.0,137.0,137.0,0.0,1.0,1.0,0.0
Pressure,point1_3.12Pressure_value,em_obs_earth_pressure,earth_pressure_p,13,13,0,13,0,0,0,0,0,0,181.0,136.0,137.0,137.0,0.0,1.0,1.0,0.0
Pressure,point1_4.12Pressure_value,em_obs_earth_pressure,earth_pressure_p,13,13,0,13,0,0,0,0,0,0,181.0,136.0,137.0,137.0,0.0,1.0,1.0,0.0
Pressure,point1_5.12Pressure_value,em_obs_earth_pressure,earth_pressure_p,13,13,0,13,0,0,0,0,0,0,181.0,136.0,137.0,137.0,0.0,1.0,1.0,0.0
Pressure,point1_6.12Pressure_value,em_obs_earth_pressure,earth_pressure_p,13,13,0,13,0,0,0,0,0,0,181.0,136.0,137.0,137.0,0.0,1.0,1.0,0.0
Pressure,point2_0.2Pressure_value,em_obs_earth_pressure,earth_pressure_p,13,13,0,13,0,0,0,0,0,0,192.0,34.0,35.0,35.0,0.0,1.0,1.0,0.0
Pressure,point2_1.2Pressure_value,em_obs_earth_pressure,earth_pressure_p,13,13,0,13,0,0,0,0,0,0,192.0,34.0,35.0,35.0,0.0,1.0,1.0,0.0
Pressure,point2_2.2Pressure_value,em_obs_earth_pressure,earth_pressure_p,13,13,0,13,0,0,0,0,0,0,192.0,34.0,35.0,35.0,0.0,1.0,1.0,0.0
Pressure,point2_3.2Pressure_value,em_obs_earth_pressure,earth_pressure_p,13,13,0,13,0,0,0,0,0,0,192.0,34.0,35.0,35.0,0.0,1.0,1.0,0.0
Pressure,point2_4.2Pressure_value,em_obs_earth_pressure,earth_pressure_p,13,13,0,13,0,0,0,0,0,0,192.0,34.0,35.0,35.0,0.0,1.0,1.0,0.0
Pressure,point2_5.2Pressure_value,em_obs_earth_pressure,earth_pressure_p,13,13,0,13,0,0,0,0,0,0,192.0,34.0,35.0,35.0,0.0,1.0,1.0,0.0
Pressure,point2_6.2Pressure_value,em_obs_earth_pressure,earth_pressure_p,13,13,0,13,0,0,0,0,0,0,192.0,34.0,35.0,35.0,0.0,1.0,1.0,0.0
Pressure,point1_11.5water_value,em_obs_pressure_water_level,pressure_water_level_mm,13,13,6,7,0,0,0,0,0,0,181.0,1.0,1.0,1.0,0.461538461538,0.538461538462,0.538461538462,0.0
Pressure,point5_11.5water_value,em_obs_pressure_water_level,pressure_water_level_mm,13,13,0,13,0,0,0,0,0,0,181.0,137.0,138.0,138.0,0.0,1.0,1.0,0.0
Strain,point1_0.8YD_value,em_obs_displacement,displacement_tilt_y_deg,13,13,0,13,0,0,0,0,0,0,181.0,3.0,3.0,3.0,0.0,1.0,1.0,0.0
Strain,point1_1.8YD_value,em_obs_displacement,displacement_tilt_y_deg,13,13,0,13,0,0,0,0,0,0,181.0,3.0,3.0,3.0,0.0,1.0,1.0,0.0
Strain,point1_2.8YD_value,em_obs_displacement,displacement_tilt_y_deg,13,13,0,13,0,0,0,0,0,0,181.0,3.0,3.0,3.0,0.0,1.0,1.0,0.0
Strain,point1_3.8YD_value,em_obs_displacement,displacement_tilt_y_deg,13,13,0,13,0,0,0,0,0,0,181.0,3.0,3.0,3.0,0.0,1.0,1.0,0.0
Strain,point2_0.6YD_value,em_obs_displacement,displacement_tilt_y_deg,13,13,0,13,0,0,0,0,0,0,181.0,172.0,173.0,173.0,0.0,1.0,1.0,0.0
Strain,point2_1.6YD_value,em_obs_displacement,displacement_tilt_y_deg,13,13,0,13,0,0,0,0,0,0,181.0,172.0,173.0,173.0,0.0,1.0,1.0,0.0
Strain,point2_2.6YD_value,em_obs_displacement,displacement_tilt_y_deg,13,13,0,13,0,0,0,0,0,0,181.0,172.0,173.0,173.0,0.0,1.0,1.0,0.0
Strain,point2_3.6YD_value,em_obs_displacement,displacement_tilt_y_deg,13,13,0,13,0,0,0,0,0,0,181.0,172.0,173.0,173.0,0.0,1.0,1.0,0.0
Strain,point3_0.5YD_value,em_obs_displacement,displacement_tilt_y_deg,13,13,0,13,0,0,0,0,0,0,181.0,161.0,162.0,162.0,0.0,1.0,1.0,0.0
Strain,point3_1.5YD_value,em_obs_displacement,displacement_tilt_y_deg,13,13,0,13,0,0,0,0,0,0,181.0,161.0,162.0,162.0,0.0,1.0,1.0,0.0
Strain,point3_2.5YD_value,em_obs_displacement,displacement_tilt_y_deg,13,13,0,13,0,0,0,0,0,0,181.0,161.0,162.0,162.0,0.0,1.0,1.0,0.0
Strain,point3_3.5YD_value,em_obs_displacement,displacement_tilt_y_deg,13,13,0,13,0,0,0,0,0,0,181.0,161.0,162.0,162.0,0.0,1.0,1.0,0.0
Strain,point3_4.5YD_value,em_obs_displacement,displacement_tilt_y_deg,13,13,0,13,0,0,0,0,0,0,181.0,161.0,162.0,162.0,0.0,1.0,1.0,0.0
Strain,point3_5.5YD_value,em_obs_displacement,displacement_tilt_y_deg,13,13,0,13,0,0,0,0,0,0,181.0,161.0,162.0,162.0,0.0,1.0,1.0,0.0
Strain,point4_0.5YD_value,em_obs_displacement,displacement_tilt_y_deg,13,13,0,13,0,0,0,0,0,0,181.0,150.0,151.0,151.0,0.0,1.0,1.0,0.0
Strain,point4_1.5YD_value,em_obs_displacement,displacement_tilt_y_deg,13,13,0,13,0,0,0,0,0,0,181.0,150.0,151.0,151.0,0.0,1.0,1.0,0.0
Strain,point4_2.5YD_value,em_obs_displacement,displacement_tilt_y_deg,13,13,0,13,0,0,0,0,0,0,181.0,150.0,151.0,151.0,0.0,1.0,1.0,0.0
Strain,point4_3.5YD_value,em_obs_displacement,displacement_tilt_y_deg,13,13,0,13,0,0,0,0,0,0,181.0,150.0,151.0,151.0,0.0,1.0,1.0,0.0
Strain,point4_4.5YD_value,em_obs_displacement,displacement_tilt_y_deg,13,13,0,13,0,0,0,0,0,0,181.0,150.0,151.0,151.0,0.0,1.0,1.0,0.0
Strain,point4_5.5YD_value,em_obs_displacement,displacement_tilt_y_deg,13,13,0,13,0,0,0,0,0,0,181.0,150.0,151.0,151.0,0.0,1.0,1.0,0.0
Strain,point5_0.5YD_value,em_obs_displacement,displacement_tilt_y_deg,13,13,0,13,0,0,0,0,0,0,182.0,139.0,140.0,140.0,0.0,1.0,1.0,0.0
Strain,point5_1.5YD_value,em_obs_displacement,displacement_tilt_y_deg,13,13,0,13,0,0,0,0,0,0,182.0,139.0,140.0,140.0,0.0,1.0,1.0,0.0
Strain,point5_2.5YD_value,em_obs_displacement,displacement_tilt_y_deg,13,13,0,13,0,0,0,0,0,0,182.0,139.0,140.0,140.0,0.0,1.0,1.0,0.0
Strain,point5_3.5YD_value,em_obs_displacement,displacement_tilt_y_deg,13,13,0,13,0,0,0,0,0,0,182.0,139.0,140.0,140.0,0.0,1.0,1.0,0.0
Strain,point5_4.5YD_value,em_obs_displacement,displacement_tilt_y_deg,13,13,0,13,0,0,0,0,0,0,182.0,139.0,140.0,140.0,0.0,1.0,1.0,0.0
Strain,point5_5.5YD_value,em_obs_displacement,displacement_tilt_y_deg,13,13,0,13,0,0,0,0,0,0,182.0,139.0,140.0,140.0,0.0,1.0,1.0,0.0
Strain,point6_0.5YD_value,em_obs_displacement,displacement_tilt_y_deg,13,13,0,13,0,0,0,0,0,0,181.0,126.0,127.0,127.0,0.0,1.0,1.0,0.0
Strain,point6_1.5YD_value,em_obs_displacement,displacement_tilt_y_deg,13,13,0,13,0,0,0,0,0,0,181.0,126.0,127.0,127.0,0.0,1.0,1.0,0.0
Strain,point6_2.5YD_value,em_obs_displacement,displacement_tilt_y_deg,13,13,0,13,0,0,0,0,0,0,181.0,126.0,127.0,127.0,0.0,1.0,1.0,0.0
Strain,point6_3.5YD_value,em_obs_displacement,displacement_tilt_y_deg,13,13,0,13,0,0,0,0,0,0,181.0,126.0,127.0,127.0,0.0,1.0,1.0,0.0
Strain,point6_4.5YD_value,em_obs_displacement,displacement_tilt_y_deg,13,13,0,13,0,0,0,0,0,0,181.0,126.0,127.0,127.0,0.0,1.0,1.0,0.0
Strain,point6_5.5YD_value,em_obs_displacement,displacement_tilt_y_deg,13,13,0,13,0,0,0,0,0,0,181.0,126.0,127.0,127.0,0.0,1.0,1.0,0.0
Strain,line2_point1_0.6YD_value,em_obs_displacement,displacement_tilt_y_deg,13,13,0,13,0,0,0,0,0,0,192.0,25.0,26.0,26.0,0.0,1.0,1.0,0.0
Strain,line2_point1_1.6YD_value,em_obs_displacement,displacement_tilt_y_deg,13,13,0,13,0,0,0,0,0,0,192.0,25.0,26.0,26.0,0.0,1.0,1.0,0.0
Strain,line2_point1_2.6YD_value,em_obs_displacement,displacement_tilt_y_deg,13,13,0,13,0,0,0,0,0,0,192.0,25.0,26.0,26.0,0.0,1.0,1.0,0.0
Strain,line2_point1_3.6YD_value,em_obs_displacement,displacement_tilt_y_deg,13,13,0,13,0,0,0,0,0,0,192.0,25.0,26.0,26.0,0.0,1.0,1.0,0.0
Strain,line2_point2_0.5YD_value,em_obs_displacement,displacement_tilt_y_deg,13,13,0,11,2,0,0,0,0,0,193.0,14.0,191.4,192.0,0.0,0.846153846154,1.0,0.153846153846
Strain,line2_point2_1.5YD_value,em_obs_displacement,displacement_tilt_y_deg,13,13,0,11,2,0,0,0,0,0,193.0,14.0,191.4,192.0,0.0,0.846153846154,1.0,0.153846153846
Strain,line2_point2_2.5YD_value,em_obs_displacement,displacement_tilt_y_deg,13,13,0,11,2,0,0,0,0,0,193.0,14.0,191.4,192.0,0.0,0.846153846154,1.0,0.153846153846
Strain,line2_point2_3.5YD_value,em_obs_displacement,displacement_tilt_y_deg,13,13,0,11,2,0,0,0,0,0,193.0,14.0,191.4,192.0,0.0,0.846153846154,1.0,0.153846153846
Strain,line2_point2_4.5YD_value,em_obs_displacement,displacement_tilt_y_deg,13,13,0,11,2,0,0,0,0,0,193.0,14.0,191.4,192.0,0.0,0.846153846154,1.0,0.153846153846
Strain,line2_point2_5.5YD_value,em_obs_displacement,displacement_tilt_y_deg,13,13,0,11,2,0,0,0,0,0,193.0,14.0,191.4,192.0,0.0,0.846153846154,1.0,0.153846153846
Strain,point1_0.8XD_value,em_obs_displacement,displacement_tilt_x_deg,13,13,0,13,0,0,0,0,0,0,181.0,3.0,3.0,3.0,0.0,1.0,1.0,0.0
Strain,point1_1.8XD_value,em_obs_displacement,displacement_tilt_x_deg,13,13,0,13,0,0,0,0,0,0,181.0,3.0,3.0,3.0,0.0,1.0,1.0,0.0
Strain,point1_2.8XD_value,em_obs_displacement,displacement_tilt_x_deg,13,13,0,13,0,0,0,0,0,0,181.0,3.0,3.0,3.0,0.0,1.0,1.0,0.0
Strain,point1_3.8XD_value,em_obs_displacement,displacement_tilt_x_deg,13,13,0,13,0,0,0,0,0,0,181.0,3.0,3.0,3.0,0.0,1.0,1.0,0.0
Strain,point2_0.6XD_value,em_obs_displacement,displacement_tilt_x_deg,13,13,0,13,0,0,0,0,0,0,181.0,172.0,173.0,173.0,0.0,1.0,1.0,0.0
Strain,point2_1.6XD_value,em_obs_displacement,displacement_tilt_x_deg,13,13,0,13,0,0,0,0,0,0,181.0,172.0,173.0,173.0,0.0,1.0,1.0,0.0
Strain,point2_2.6XD_value,em_obs_displacement,displacement_tilt_x_deg,13,13,0,13,0,0,0,0,0,0,181.0,172.0,173.0,173.0,0.0,1.0,1.0,0.0
Strain,point2_3.6XD_value,em_obs_displacement,displacement_tilt_x_deg,13,13,0,13,0,0,0,0,0,0,181.0,172.0,173.0,173.0,0.0,1.0,1.0,0.0
Strain,point3_0.5XD_value,em_obs_displacement,displacement_tilt_x_deg,13,13,0,13,0,0,0,0,0,0,181.0,161.0,162.0,162.0,0.0,1.0,1.0,0.0
Strain,point3_1.5XD_value,em_obs_displacement,displacement_tilt_x_deg,13,13,0,13,0,0,0,0,0,0,181.0,161.0,162.0,162.0,0.0,1.0,1.0,0.0
Strain,point3_2.5XD_value,em_obs_displacement,displacement_tilt_x_deg,13,13,0,13,0,0,0,0,0,0,181.0,161.0,162.0,162.0,0.0,1.0,1.0,0.0
Strain,point3_3.5XD_value,em_obs_displacement,displacement_tilt_x_deg,13,13,0,13,0,0,0,0,0,0,181.0,161.0,162.0,162.0,0.0,1.0,1.0,0.0
Strain,point3_4.5XD_value,em_obs_displacement,displacement_tilt_x_deg,13,13,0,13,0,0,0,0,0,0,181.0,161.0,162.0,162.0,0.0,1.0,1.0,0.0
Strain,point3_5.5XD_value,em_obs_displacement,displacement_tilt_x_deg,13,13,0,13,0,0,0,0,0,0,181.0,161.0,162.0,162.0,0.0,1.0,1.0,0.0
Strain,point4_0.5XD_value,em_obs_displacement,displacement_tilt_x_deg,13,13,0,13,0,0,0,0,0,0,181.0,150.0,151.0,151.0,0.0,1.0,1.0,0.0
Strain,point4_1.5XD_value,em_obs_displacement,displacement_tilt_x_deg,13,13,0,13,0,0,0,0,0,0,181.0,150.0,151.0,151.0,0.0,1.0,1.0,0.0
Strain,point4_2.5XD_value,em_obs_displacement,displacement_tilt_x_deg,13,13,0,13,0,0,0,0,0,0,181.0,150.0,151.0,151.0,0.0,1.0,1.0,0.0
Strain,point4_3.5XD_value,em_obs_displacement,displacement_tilt_x_deg,13,13,0,13,0,0,0,0,0,0,181.0,150.0,151.0,151.0,0.0,1.0,1.0,0.0
Strain,point4_4.5XD_value,em_obs_displacement,displacement_tilt_x_deg,13,13,0,13,0,0,0,0,0,0,181.0,150.0,151.0,151.0,0.0,1.0,1.0,0.0
Strain,point4_5.5XD_value,em_obs_displacement,displacement_tilt_x_deg,13,13,0,13,0,0,0,0,0,0,181.0,150.0,151.0,151.0,0.0,1.0,1.0,0.0
Strain,point5_0.5XD_value,em_obs_displacement,displacement_tilt_x_deg,13,13,0,13,0,0,0,0,0,0,182.0,139.0,140.0,140.0,0.0,1.0,1.0,0.0
Strain,point5_1.5XD_value,em_obs_displacement,displacement_tilt_x_deg,13,13,0,13,0,0,0,0,0,0,182.0,139.0,140.0,140.0,0.0,1.0,1.0,0.0
Strain,point5_2.5XD_value,em_obs_displacement,displacement_tilt_x_deg,13,13,0,13,0,0,0,0,0,0,182.0,139.0,140.0,140.0,0.0,1.0,1.0,0.0
Strain,point5_3.5XD_value,em_obs_displacement,displacement_tilt_x_deg,13,13,0,13,0,0,0,0,0,0,182.0,139.0,140.0,140.0,0.0,1.0,1.0,0.0
Strain,point5_4.5XD_value,em_obs_displacement,displacement_tilt_x_deg,13,13,0,13,0,0,0,0,0,0,182.0,139.0,140.0,140.0,0.0,1.0,1.0,0.0
Strain,point5_5.5XD_value,em_obs_displacement,displacement_tilt_x_deg,13,13,0,13,0,0,0,0,0,0,182.0,139.0,140.0,140.0,0.0,1.0,1.0,0.0
Strain,point6_0.5XD_value,em_obs_displacement,displacement_tilt_x_deg,13,13,0,13,0,0,0,0,0,0,181.0,126.0,127.0,127.0,0.0,1.0,1.0,0.0
Strain,point6_1.5XD_value,em_obs_displacement,displacement_tilt_x_deg,13,13,0,13,0,0,0,0,0,0,181.0,126.0,127.0,127.0,0.0,1.0,1.0,0.0
Strain,point6_2.5XD_value,em_obs_displacement,displacement_tilt_x_deg,13,13,0,13,0,0,0,0,0,0,181.0,126.0,127.0,127.0,0.0,1.0,1.0,0.0
Strain,point6_3.5XD_value,em_obs_displacement,displacement_tilt_x_deg,13,13,0,13,0,0,0,0,0,0,181.0,126.0,127.0,127.0,0.0,1.0,1.0,0.0
Strain,point6_4.5XD_value,em_obs_displacement,displacement_tilt_x_deg,13,13,0,13,0,0,0,0,0,0,181.0,126.0,127.0,127.0,0.0,1.0,1.0,0.0
Strain,point6_5.5XD_value,em_obs_displacement,displacement_tilt_x_deg,13,13,0,13,0,0,0,0,0,0,181.0,126.0,127.0,127.0,0.0,1.0,1.0,0.0
Strain,line2_point1_0.6XD_value,em_obs_displacement,displacement_tilt_x_deg,13,13,0,13,0,0,0,0,0,0,192.0,25.0,26.0,26.0,0.0,1.0,1.0,0.0
Strain,line2_point1_1.6XD_value,em_obs_displacement,displacement_tilt_x_deg,13,13,0,13,0,0,0,0,0,0,192.0,25.0,26.0,26.0,0.0,1.0,1.0,0.0
Strain,line2_point1_2.6XD_value,em_obs_displacement,displacement_tilt_x_deg,13,13,0,13,0,0,0,0,0,0,192.0,25.0,26.0,26.0,0.0,1.0,1.0,0.0
Strain,line2_point1_3.6XD_value,em_obs_displacement,displacement_tilt_x_deg,13,13,0,13,0,0,0,0,0,0,192.0,25.0,26.0,26.0,0.0,1.0,1.0,0.0
Strain,line2_point2_0.5XD_value,em_obs_displacement,displacement_tilt_x_deg,13,13,0,11,2,0,0,0,0,0,193.0,14.0,191.4,192.0,0.0,0.846153846154,1.0,0.153846153846
Strain,line2_point2_1.5XD_value,em_obs_displacement,displacement_tilt_x_deg,13,13,0,11,2,0,0,0,0,0,193.0,14.0,191.4,192.0,0.0,0.846153846154,1.0,0.153846153846
Strain,line2_point2_2.5XD_value,em_obs_displacement,displacement_tilt_x_deg,13,13,0,11,2,0,0,0,0,0,193.0,14.0,191.4,192.0,0.0,0.846153846154,1.0,0.153846153846
Strain,line2_point2_3.5XD_value,em_obs_displacement,displacement_tilt_x_deg,13,13,0,11,2,0,0,0,0,0,193.0,14.0,191.4,192.0,0.0,0.846153846154,1.0,0.153846153846
Strain,line2_point2_4.5XD_value,em_obs_displacement,displacement_tilt_x_deg,13,13,0,11,2,0,0,0,0,0,193.0,14.0,191.4,192.0,0.0,0.846153846154,1.0,0.153846153846
Strain,line2_point2_5.5XD_value,em_obs_displacement,displacement_tilt_x_deg,13,13,0,11,2,0,0,0,0,0,193.0,14.0,191.4,192.0,0.0,0.846153846154,1.0,0.153846153846
Strain,point1_0.12Strain_value,em_obs_earth_pressure,earth_pressure_strain_ue,13,13,0,13,0,0,0,0,0,0,181.0,136.0,137.0,137.0,0.0,1.0,1.0,0.0
Strain,point1_1.12Strain_value,em_obs_earth_pressure,earth_pressure_strain_ue,13,13,0,13,0,0,0,0,0,0,181.0,136.0,137.0,137.0,0.0,1.0,1.0,0.0
Strain,point1_2.12Strain_value,em_obs_earth_pressure,earth_pressure_strain_ue,13,13,0,13,0,0,0,0,0,0,181.0,136.0,137.0,137.0,0.0,1.0,1.0,0.0
Strain,point1_3.12Strain_value,em_obs_earth_pressure,earth_pressure_strain_ue,13,13,0,13,0,0,0,0,0,0,181.0,136.0,137.0,137.0,0.0,1.0,1.0,0.0
Strain,point1_4.12Strain_value,em_obs_earth_pressure,earth_pressure_strain_ue,13,13,0,13,0,0,0,0,0,0,181.0,136.0,137.0,137.0,0.0,1.0,1.0,0.0
Strain,point1_5.12Strain_value,em_obs_earth_pressure,earth_pressure_strain_ue,13,13,0,13,0,0,0,0,0,0,181.0,136.0,137.0,137.0,0.0,1.0,1.0,0.0
Strain,point1_6.12Strain_value,em_obs_earth_pressure,earth_pressure_strain_ue,13,13,0,13,0,0,0,0,0,0,181.0,136.0,137.0,137.0,0.0,1.0,1.0,0.0
Strain,point2_0.2Strain_value,em_obs_earth_pressure,earth_pressure_strain_ue,13,13,0,13,0,0,0,0,0,0,192.0,34.0,35.0,35.0,0.0,1.0,1.0,0.0
Strain,point2_1.2Strain_value,em_obs_earth_pressure,earth_pressure_strain_ue,13,13,0,13,0,0,0,0,0,0,192.0,34.0,35.0,35.0,0.0,1.0,1.0,0.0
Strain,point2_2.2Strain_value,em_obs_earth_pressure,earth_pressure_strain_ue,13,13,0,13,0,0,0,0,0,0,192.0,34.0,35.0,35.0,0.0,1.0,1.0,0.0
Strain,point2_3.2Strain_value,em_obs_earth_pressure,earth_pressure_strain_ue,13,13,0,13,0,0,0,0,0,0,192.0,34.0,35.0,35.0,0.0,1.0,1.0,0.0
Strain,point2_4.2Strain_value,em_obs_earth_pressure,earth_pressure_strain_ue,13,13,0,13,0,0,0,0,0,0,192.0,34.0,35.0,35.0,0.0,1.0,1.0,0.0
Strain,point2_5.2Strain_value,em_obs_earth_pressure,earth_pressure_strain_ue,13,13,0,13,0,0,0,0,0,0,192.0,34.0,35.0,35.0,0.0,1.0,1.0,0.0
Strain,point2_6.2Strain_value,em_obs_earth_pressure,earth_pressure_strain_ue,13,13,0,13,0,0,0,0,0,0,192.0,34.0,35.0,35.0,0.0,1.0,1.0,0.0
Strain,point1_0.12Pressure_value,em_obs_earth_pressure,earth_pressure_p,13,13,0,13,0,0,0,0,0,0,181.0,136.0,137.0,137.0,0.0,1.0,1.0,0.0
Strain,point1_1.12Pressure_value,em_obs_earth_pressure,earth_pressure_p,13,13,0,13,0,0,0,0,0,0,181.0,136.0,137.0,137.0,0.0,1.0,1.0,0.0
Strain,point1_2.12Pressure_value,em_obs_earth_pressure,earth_pressure_p,13,13,0,13,0,0,0,0,0,0,181.0,136.0,137.0,137.0,0.0,1.0,1.0,0.0
Strain,point1_3.12Pressure_value,em_obs_earth_pressure,earth_pressure_p,13,13,0,13,0,0,0,0,0,0,181.0,136.0,137.0,137.0,0.0,1.0,1.0,0.0
Strain,point1_4.12Pressure_value,em_obs_earth_pressure,earth_pressure_p,13,13,0,13,0,0,0,0,0,0,181.0,136.0,137.0,137.0,0.0,1.0,1.0,0.0
Strain,point1_5.12Pressure_value,em_obs_earth_pressure,earth_pressure_p,13,13,0,13,0,0,0,0,0,0,181.0,136.0,137.0,137.0,0.0,1.0,1.0,0.0
Strain,point1_6.12Pressure_value,em_obs_earth_pressure,earth_pressure_p,13,13,0,13,0,0,0,0,0,0,181.0,136.0,137.0,137.0,0.0,1.0,1.0,0.0
Strain,point2_0.2Pressure_value,em_obs_earth_pressure,earth_pressure_p,13,13,0,13,0,0,0,0,0,0,192.0,34.0,35.0,35.0,0.0,1.0,1.0,0.0
Strain,point2_1.2Pressure_value,em_obs_earth_pressure,earth_pressure_p,13,13,0,13,0,0,0,0,0,0,192.0,34.0,35.0,35.0,0.0,1.0,1.0,0.0
Strain,point2_2.2Pressure_value,em_obs_earth_pressure,earth_pressure_p,13,13,0,13,0,0,0,0,0,0,192.0,34.0,35.0,35.0,0.0,1.0,1.0,0.0
Strain,point2_3.2Pressure_value,em_obs_earth_pressure,earth_pressure_p,13,13,0,13,0,0,0,0,0,0,192.0,34.0,35.0,35.0,0.0,1.0,1.0,0.0
Strain,point2_4.2Pressure_value,em_obs_earth_pressure,earth_pressure_p,13,13,0,13,0,0,0,0,0,0,192.0,34.0,35.0,35.0,0.0,1.0,1.0,0.0
Strain,point2_5.2Pressure_value,em_obs_earth_pressure,earth_pressure_p,13,13,0,13,0,0,0,0,0,0,192.0,34.0,35.0,35.0,0.0,1.0,1.0,0.0
Strain,point2_6.2Pressure_value,em_obs_earth_pressure,earth_pressure_p,13,13,0,13,0,0,0,0,0,0,192.0,34.0,35.0,35.0,0.0,1.0,1.0,0.0
Strain,point1_11.5water_value,em_obs_pressure_water_level,pressure_water_level_mm,13,13,6,7,0,0,0,0,0,0,181.0,1.0,1.0,1.0,0.461538461538,0.538461538462,0.538461538462,0.0
Strain,point5_11.5water_value,em_obs_pressure_water_level,pressure_water_level_mm,13,13,0,13,0,0,0,0,0,0,181.0,137.0,138.0,138.0,0.0,1.0,1.0,0.0
XD,point1_0.8YD_value,em_obs_displacement,displacement_tilt_y_deg,12,12,0,12,0,0,0,0,0,0,181.0,3.0,3.0,3.0,0.0,1.0,1.0,0.0
XD,point1_1.8YD_value,em_obs_displacement,displacement_tilt_y_deg,12,12,0,12,0,0,0,0,0,0,181.0,3.0,3.0,3.0,0.0,1.0,1.0,0.0
XD,point1_2.8YD_value,em_obs_displacement,displacement_tilt_y_deg,12,12,0,12,0,0,0,0,0,0,181.0,3.0,3.0,3.0,0.0,1.0,1.0,0.0
XD,point1_3.8YD_value,em_obs_displacement,displacement_tilt_y_deg,12,12,0,12,0,0,0,0,0,0,181.0,3.0,3.0,3.0,0.0,1.0,1.0,0.0
XD,point2_0.6YD_value,em_obs_displacement,displacement_tilt_y_deg,12,12,0,12,0,0,0,0,0,0,181.0,172.0,173.0,173.0,0.0,1.0,1.0,0.0
XD,point2_1.6YD_value,em_obs_displacement,displacement_tilt_y_deg,12,12,0,12,0,0,0,0,0,0,181.0,172.0,173.0,173.0,0.0,1.0,1.0,0.0
XD,point2_2.6YD_value,em_obs_displacement,displacement_tilt_y_deg,12,12,0,12,0,0,0,0,0,0,181.0,172.0,173.0,173.0,0.0,1.0,1.0,0.0
XD,point2_3.6YD_value,em_obs_displacement,displacement_tilt_y_deg,12,12,0,12,0,0,0,0,0,0,181.0,172.0,173.0,173.0,0.0,1.0,1.0,0.0
XD,point3_0.5YD_value,em_obs_displacement,displacement_tilt_y_deg,12,12,0,12,0,0,0,0,0,0,181.0,161.0,162.0,162.0,0.0,1.0,1.0,0.0
XD,point3_1.5YD_value,em_obs_displacement,displacement_tilt_y_deg,12,12,0,12,0,0,0,0,0,0,181.0,161.0,162.0,162.0,0.0,1.0,1.0,0.0
XD,point3_2.5YD_value,em_obs_displacement,displacement_tilt_y_deg,12,12,0,12,0,0,0,0,0,0,181.0,161.0,162.0,162.0,0.0,1.0,1.0,0.0
XD,point3_3.5YD_value,em_obs_displacement,displacement_tilt_y_deg,12,12,0,12,0,0,0,0,0,0,181.0,161.0,162.0,162.0,0.0,1.0,1.0,0.0
XD,point3_4.5YD_value,em_obs_displacement,displacement_tilt_y_deg,12,12,0,12,0,0,0,0,0,0,181.0,161.0,162.0,162.0,0.0,1.0,1.0,0.0
XD,point3_5.5YD_value,em_obs_displacement,displacement_tilt_y_deg,12,12,0,12,0,0,0,0,0,0,181.0,161.0,162.0,162.0,0.0,1.0,1.0,0.0
XD,point4_0.5YD_value,em_obs_displacement,displacement_tilt_y_deg,12,12,0,12,0,0,0,0,0,0,181.0,150.0,151.0,151.0,0.0,1.0,1.0,0.0
XD,point4_1.5YD_value,em_obs_displacement,displacement_tilt_y_deg,12,12,0,12,0,0,0,0,0,0,181.0,150.0,151.0,151.0,0.0,1.0,1.0,0.0
XD,point4_2.5YD_value,em_obs_displacement,displacement_tilt_y_deg,12,12,0,12,0,0,0,0,0,0,181.0,150.0,151.0,151.0,0.0,1.0,1.0,0.0
XD,point4_3.5YD_value,em_obs_displacement,displacement_tilt_y_deg,12,12,0,12,0,0,0,0,0,0,181.0,150.0,151.0,151.0,0.0,1.0,1.0,0.0
XD,point4_4.5YD_value,em_obs_displacement,displacement_tilt_y_deg,12,12,0,12,0,0,0,0,0,0,181.0,150.0,151.0,151.0,0.0,1.0,1.0,0.0
XD,point4_5.5YD_value,em_obs_displacement,displacement_tilt_y_deg,12,12,0,12,0,0,0,0,0,0,181.0,150.0,151.0,151.0,0.0,1.0,1.0,0.0
XD,point5_0.5YD_value,em_obs_displacement,displacement_tilt_y_deg,12,12,0,12,0,0,0,0,0,0,182.0,139.0,140.0,140.0,0.0,1.0,1.0,0.0
XD,point5_1.5YD_value,em_obs_displacement,displacement_tilt_y_deg,12,12,0,12,0,0,0,0,0,0,182.0,139.0,140.0,140.0,0.0,1.0,1.0,0.0
XD,point5_2.5YD_value,em_obs_displacement,displacement_tilt_y_deg,12,12,0,12,0,0,0,0,0,0,182.0,139.0,140.0,140.0,0.0,1.0,1.0,0.0
XD,point5_3.5YD_value,em_obs_displacement,displacement_tilt_y_deg,12,12,0,12,0,0,0,0,0,0,182.0,139.0,140.0,140.0,0.0,1.0,1.0,0.0
XD,point5_4.5YD_value,em_obs_displacement,displacement_tilt_y_deg,12,12,0,12,0,0,0,0,0,0,182.0,139.0,140.0,140.0,0.0,1.0,1.0,0.0
XD,point5_5.5YD_value,em_obs_displacement,displacement_tilt_y_deg,12,12,0,12,0,0,0,0,0,0,182.0,139.0,140.0,140.0,0.0,1.0,1.0,0.0
XD,point6_0.5YD_value,em_obs_displacement,displacement_tilt_y_deg,12,12,0,12,0,0,0,0,0,0,181.0,126.0,127.0,127.0,0.0,1.0,1.0,0.0
XD,point6_1.5YD_value,em_obs_displacement,displacement_tilt_y_deg,12,12,0,12,0,0,0,0,0,0,181.0,126.0,127.0,127.0,0.0,1.0,1.0,0.0
XD,point6_2.5YD_value,em_obs_displacement,displacement_tilt_y_deg,12,12,0,12,0,0,0,0,0,0,181.0,126.0,127.0,127.0,0.0,1.0,1.0,0.0
XD,point6_3.5YD_value,em_obs_displacement,displacement_tilt_y_deg,12,12,0,12,0,0,0,0,0,0,181.0,126.0,127.0,127.0,0.0,1.0,1.0,0.0
XD,point6_4.5YD_value,em_obs_displacement,displacement_tilt_y_deg,12,12,0,12,0,0,0,0,0,0,181.0,126.0,127.0,127.0,0.0,1.0,1.0,0.0
XD,point6_5.5YD_value,em_obs_displacement,displacement_tilt_y_deg,12,12,0,12,0,0,0,0,0,0,181.0,126.0,127.0,127.0,0.0,1.0,1.0,0.0
XD,line2_point1_0.6YD_value,em_obs_displacement,displacement_tilt_y_deg,12,12,0,12,0,0,0,0,0,0,192.0,25.0,26.0,26.0,0.0,1.0,1.0,0.0
XD,line2_point1_1.6YD_value,em_obs_displacement,displacement_tilt_y_deg,12,12,0,12,0,0,0,0,0,0,192.0,25.0,26.0,26.0,0.0,1.0,1.0,0.0
XD,line2_point1_2.6YD_value,em_obs_displacement,displacement_tilt_y_deg,12,12,0,12,0,0,0,0,0,0,192.0,25.0,26.0,26.0,0.0,1.0,1.0,0.0
XD,line2_point1_3.6YD_value,em_obs_displacement,displacement_tilt_y_deg,12,12,0,12,0,0,0,0,0,0,192.0,25.0,26.0,26.0,0.0,1.0,1.0,0.0
XD,line2_point2_0.5YD_value,em_obs_displacement,displacement_tilt_y_deg,12,12,0,10,2,0,0,0,0,0,192.0,14.0,191.45,192.0,0.0,0.833333333333,1.0,0.166666666667
XD,line2_point2_1.5YD_value,em_obs_displacement,displacement_tilt_y_deg,12,12,0,10,2,0,0,0,0,0,192.0,14.0,191.45,192.0,0.0,0.833333333333,1.0,0.166666666667
XD,line2_point2_2.5YD_value,em_obs_displacement,displacement_tilt_y_deg,12,12,0,10,2,0,0,0,0,0,192.0,14.0,191.45,192.0,0.0,0.833333333333,1.0,0.166666666667
XD,line2_point2_3.5YD_value,em_obs_displacement,displacement_tilt_y_deg,12,12,0,10,2,0,0,0,0,0,192.0,14.0,191.45,192.0,0.0,0.833333333333,1.0,0.166666666667
XD,line2_point2_4.5YD_value,em_obs_displacement,displacement_tilt_y_deg,12,12,0,10,2,0,0,0,0,0,192.0,14.0,191.45,192.0,0.0,0.833333333333,1.0,0.166666666667
XD,line2_point2_5.5YD_value,em_obs_displacement,displacement_tilt_y_deg,12,12,0,10,2,0,0,0,0,0,192.0,14.0,191.45,192.0,0.0,0.833333333333,1.0,0.166666666667
XD,point1_0.8XD_value,em_obs_displacement,displacement_tilt_x_deg,12,12,0,12,0,0,0,0,0,0,181.0,3.0,3.0,3.0,0.0,1.0,1.0,0.0
XD,point1_1.8XD_value,em_obs_displacement,displacement_tilt_x_deg,12,12,0,12,0,0,0,0,0,0,181.0,3.0,3.0,3.0,0.0,1.0,1.0,0.0
XD,point1_2.8XD_value,em_obs_displacement,displacement_tilt_x_deg,12,12,0,12,0,0,0,0,0,0,181.0,3.0,3.0,3.0,0.0,1.0,1.0,0.0
XD,point1_3.8XD_value,em_obs_displacement,displacement_tilt_x_deg,12,12,0,12,0,0,0,0,0,0,181.0,3.0,3.0,3.0,0.0,1.0,1.0,0.0
XD,point2_0.6XD_value,em_obs_displacement,displacement_tilt_x_deg,12,12,0,12,0,0,0,0,0,0,181.0,172.0,173.0,173.0,0.0,1.0,1.0,0.0
XD,point2_1.6XD_value,em_obs_displacement,displacement_tilt_x_deg,12,12,0,12,0,0,0,0,0,0,181.0,172.0,173.0,173.0,0.0,1.0,1.0,0.0
XD,point2_2.6XD_value,em_obs_displacement,displacement_tilt_x_deg,12,12,0,12,0,0,0,0,0,0,181.0,172.0,173.0,173.0,0.0,1.0,1.0,0.0
XD,point2_3.6XD_value,em_obs_displacement,displacement_tilt_x_deg,12,12,0,12,0,0,0,0,0,0,181.0,172.0,173.0,173.0,0.0,1.0,1.0,0.0
XD,point3_0.5XD_value,em_obs_displacement,displacement_tilt_x_deg,12,12,0,12,0,0,0,0,0,0,181.0,161.0,162.0,162.0,0.0,1.0,1.0,0.0
XD,point3_1.5XD_value,em_obs_displacement,displacement_tilt_x_deg,12,12,0,12,0,0,0,0,0,0,181.0,161.0,162.0,162.0,0.0,1.0,1.0,0.0
XD,point3_2.5XD_value,em_obs_displacement,displacement_tilt_x_deg,12,12,0,12,0,0,0,0,0,0,181.0,161.0,162.0,162.0,0.0,1.0,1.0,0.0
XD,point3_3.5XD_value,em_obs_displacement,displacement_tilt_x_deg,12,12,0,12,0,0,0,0,0,0,181.0,161.0,162.0,162.0,0.0,1.0,1.0,0.0
XD,point3_4.5XD_value,em_obs_displacement,displacement_tilt_x_deg,12,12,0,12,0,0,0,0,0,0,181.0,161.0,162.0,162.0,0.0,1.0,1.0,0.0
XD,point3_5.5XD_value,em_obs_displacement,displacement_tilt_x_deg,12,12,0,12,0,0,0,0,0,0,181.0,161.0,162.0,162.0,0.0,1.0,1.0,0.0
XD,point4_0.5XD_value,em_obs_displacement,displacement_tilt_x_deg,12,12,0,12,0,0,0,0,0,0,181.0,150.0,151.0,151.0,0.0,1.0,1.0,0.0
XD,point4_1.5XD_value,em_obs_displacement,displacement_tilt_x_deg,12,12,0,12,0,0,0,0,0,0,181.0,150.0,151.0,151.0,0.0,1.0,1.0,0.0
XD,point4_2.5XD_value,em_obs_displacement,displacement_tilt_x_deg,12,12,0,12,0,0,0,0,0,0,181.0,150.0,151.0,151.0,0.0,1.0,1.0,0.0
XD,point4_3.5XD_value,em_obs_displacement,displacement_tilt_x_deg,12,12,0,12,0,0,0,0,0,0,181.0,150.0,151.0,151.0,0.0,1.0,1.0,0.0
XD,point4_4.5XD_value,em_obs_displacement,displacement_tilt_x_deg,12,12,0,12,0,0,0,0,0,0,181.0,150.0,151.0,151.0,0.0,1.0,1.0,0.0
XD,point4_5.5XD_value,em_obs_displacement,displacement_tilt_x_deg,12,12,0,12,0,0,0,0,0,0,181.0,150.0,151.0,151.0,0.0,1.0,1.0,0.0
XD,point5_0.5XD_value,em_obs_displacement,displacement_tilt_x_deg,12,12,0,12,0,0,0,0,0,0,182.0,139.0,140.0,140.0,0.0,1.0,1.0,0.0
XD,point5_1.5XD_value,em_obs_displacement,displacement_tilt_x_deg,12,12,0,12,0,0,0,0,0,0,182.0,139.0,140.0,140.0,0.0,1.0,1.0,0.0
XD,point5_2.5XD_value,em_obs_displacement,displacement_tilt_x_deg,12,12,0,12,0,0,0,0,0,0,182.0,139.0,140.0,140.0,0.0,1.0,1.0,0.0
XD,point5_3.5XD_value,em_obs_displacement,displacement_tilt_x_deg,12,12,0,12,0,0,0,0,0,0,182.0,139.0,140.0,140.0,0.0,1.0,1.0,0.0
XD,point5_4.5XD_value,em_obs_displacement,displacement_tilt_x_deg,12,12,0,12,0,0,0,0,0,0,182.0,139.0,140.0,140.0,0.0,1.0,1.0,0.0
XD,point5_5.5XD_value,em_obs_displacement,displacement_tilt_x_deg,12,12,0,12,0,0,0,0,0,0,182.0,139.0,140.0,140.0,0.0,1.0,1.0,0.0
XD,point6_0.5XD_value,em_obs_displacement,displacement_tilt_x_deg,12,12,0,12,0,0,0,0,0,0,181.0,126.0,127.0,127.0,0.0,1.0,1.0,0.0
XD,point6_1.5XD_value,em_obs_displacement,displacement_tilt_x_deg,12,12,0,12,0,0,0,0,0,0,181.0,126.0,127.0,127.0,0.0,1.0,1.0,0.0
XD,point6_2.5XD_value,em_obs_displacement,displacement_tilt_x_deg,12,12,0,12,0,0,0,0,0,0,181.0,126.0,127.0,127.0,0.0,1.0,1.0,0.0
XD,point6_3.5XD_value,em_obs_displacement,displacement_tilt_x_deg,12,12,0,12,0,0,0,0,0,0,181.0,126.0,127.0,127.0,0.0,1.0,1.0,0.0
XD,point6_4.5XD_value,em_obs_displacement,displacement_tilt_x_deg,12,12,0,12,0,0,0,0,0,0,181.0,126.0,127.0,127.0,0.0,1.0,1.0,0.0
XD,point6_5.5XD_value,em_obs_displacement,displacement_tilt_x_deg,12,12,0,12,0,0,0,0,0,0,181.0,126.0,127.0,127.0,0.0,1.0,1.0,0.0
XD,line2_point1_0.6XD_value,em_obs_displacement,displacement_tilt_x_deg,12,12,0,12,0,0,0,0,0,0,192.0,25.0,26.0,26.0,0.0,1.0,1.0,0.0
XD,line2_point1_1.6XD_value,em_obs_displacement,displacement_tilt_x_deg,12,12,0,12,0,0,0,0,0,0,192.0,25.0,26.0,26.0,0.0,1.0,1.0,0.0
XD,line2_point1_2.6XD_value,em_obs_displacement,displacement_tilt_x_deg,12,12,0,12,0,0,0,0,0,0,192.0,25.0,26.0,26.0,0.0,1.0,1.0,0.0
XD,line2_point1_3.6XD_value,em_obs_displacement,displacement_tilt_x_deg,12,12,0,12,0,0,0,0,0,0,192.0,25.0,26.0,26.0,0.0,1.0,1.0,0.0
XD,line2_point2_0.5XD_value,em_obs_displacement,displacement_tilt_x_deg,12,12,0,10,2,0,0,0,0,0,192.0,14.0,191.45,192.0,0.0,0.833333333333,1.0,0.166666666667
XD,line2_point2_1.5XD_value,em_obs_displacement,displacement_tilt_x_deg,12,12,0,10,2,0,0,0,0,0,192.0,14.0,191.45,192.0,0.0,0.833333333333,1.0,0.166666666667
XD,line2_point2_2.5XD_value,em_obs_displacement,displacement_tilt_x_deg,12,12,0,10,2,0,0,0,0,0,192.0,14.0,191.45,192.0,0.0,0.833333333333,1.0,0.166666666667
XD,line2_point2_3.5XD_value,em_obs_displacement,displacement_tilt_x_deg,12,12,0,10,2,0,0,0,0,0,192.0,14.0,191.45,192.0,0.0,0.833333333333,1.0,0.166666666667
XD,line2_point2_4.5XD_value,em_obs_displacement,displacement_tilt_x_deg,12,12,0,10,2,0,0,0,0,0,192.0,14.0,191.45,192.0,0.0,0.833333333333,1.0,0.166666666667
XD,line2_point2_5.5XD_value,em_obs_displacement,displacement_tilt_x_deg,12,12,0,10,2,0,0,0,0,0,192.0,14.0,191.45,192.0,0.0,0.833333333333,1.0,0.166666666667
XD,point1_0.12Strain_value,em_obs_earth_pressure,earth_pressure_strain_ue,12,12,0,12,0,0,0,0,0,0,181.0,136.0,137.0,137.0,0.0,1.0,1.0,0.0
XD,point1_1.12Strain_value,em_obs_earth_pressure,earth_pressure_strain_ue,12,12,0,12,0,0,0,0,0,0,181.0,136.0,137.0,137.0,0.0,1.0,1.0,0.0
XD,point1_2.12Strain_value,em_obs_earth_pressure,earth_pressure_strain_ue,12,12,0,12,0,0,0,0,0,0,181.0,136.0,137.0,137.0,0.0,1.0,1.0,0.0
XD,point1_3.12Strain_value,em_obs_earth_pressure,earth_pressure_strain_ue,12,12,0,12,0,0,0,0,0,0,181.0,136.0,137.0,137.0,0.0,1.0,1.0,0.0
XD,point1_4.12Strain_value,em_obs_earth_pressure,earth_pressure_strain_ue,12,12,0,12,0,0,0,0,0,0,181.0,136.0,137.0,137.0,0.0,1.0,1.0,0.0
XD,point1_5.12Strain_value,em_obs_earth_pressure,earth_pressure_strain_ue,12,12,0,12,0,0,0,0,0,0,181.0,136.0,137.0,137.0,0.0,1.0,1.0,0.0
XD,point1_6.12Strain_value,em_obs_earth_pressure,earth_pressure_strain_ue,12,12,0,12,0,0,0,0,0,0,181.0,136.0,137.0,137.0,0.0,1.0,1.0,0.0
XD,point2_0.2Strain_value,em_obs_earth_pressure,earth_pressure_strain_ue,12,12,0,12,0,0,0,0,0,0,192.0,34.0,35.0,35.0,0.0,1.0,1.0,0.0
XD,point2_1.2Strain_value,em_obs_earth_pressure,earth_pressure_strain_ue,12,12,0,12,0,0,0,0,0,0,192.0,34.0,35.0,35.0,0.0,1.0,1.0,0.0
XD,point2_2.2Strain_value,em_obs_earth_pressure,earth_pressure_strain_ue,12,12,0,12,0,0,0,0,0,0,192.0,34.0,35.0,35.0,0.0,1.0,1.0,0.0
XD,point2_3.2Strain_value,em_obs_earth_pressure,earth_pressure_strain_ue,12,12,0,12,0,0,0,0,0,0,192.0,34.0,35.0,35.0,0.0,1.0,1.0,0.0
XD,point2_4.2Strain_value,em_obs_earth_pressure,earth_pressure_strain_ue,12,12,0,12,0,0,0,0,0,0,192.0,34.0,35.0,35.0,0.0,1.0,1.0,0.0
XD,point2_5.2Strain_value,em_obs_earth_pressure,earth_pressure_strain_ue,12,12,0,12,0,0,0,0,0,0,192.0,34.0,35.0,35.0,0.0,1.0,1.0,0.0
XD,point2_6.2Strain_value,em_obs_earth_pressure,earth_pressure_strain_ue,12,12,0,12,0,0,0,0,0,0,192.0,34.0,35.0,35.0,0.0,1.0,1.0,0.0
XD,point1_0.12Pressure_value,em_obs_earth_pressure,earth_pressure_p,12,12,0,12,0,0,0,0,0,0,181.0,136.0,137.0,137.0,0.0,1.0,1.0,0.0
XD,point1_1.12Pressure_value,em_obs_earth_pressure,earth_pressure_p,12,12,0,12,0,0,0,0,0,0,181.0,136.0,137.0,137.0,0.0,1.0,1.0,0.0
XD,point1_2.12Pressure_value,em_obs_earth_pressure,earth_pressure_p,12,12,0,12,0,0,0,0,0,0,181.0,136.0,137.0,137.0,0.0,1.0,1.0,0.0
XD,point1_3.12Pressure_value,em_obs_earth_pressure,earth_pressure_p,12,12,0,12,0,0,0,0,0,0,181.0,136.0,137.0,137.0,0.0,1.0,1.0,0.0
XD,point1_4.12Pressure_value,em_obs_earth_pressure,earth_pressure_p,12,12,0,12,0,0,0,0,0,0,181.0,136.0,137.0,137.0,0.0,1.0,1.0,0.0
XD,point1_5.12Pressure_value,em_obs_earth_pressure,earth_pressure_p,12,12,0,12,0,0,0,0,0,0,181.0,136.0,137.0,137.0,0.0,1.0,1.0,0.0
XD,point1_6.12Pressure_value,em_obs_earth_pressure,earth_pressure_p,12,12,0,12,0,0,0,0,0,0,181.0,136.0,137.0,137.0,0.0,1.0,1.0,0.0
XD,point2_0.2Pressure_value,em_obs_earth_pressure,earth_pressure_p,12,12,0,12,0,0,0,0,0,0,192.0,34.0,35.0,35.0,0.0,1.0,1.0,0.0
XD,point2_1.2Pressure_value,em_obs_earth_pressure,earth_pressure_p,12,12,0,12,0,0,0,0,0,0,192.0,34.0,35.0,35.0,0.0,1.0,1.0,0.0
XD,point2_2.2Pressure_value,em_obs_earth_pressure,earth_pressure_p,12,12,0,12,0,0,0,0,0,0,192.0,34.0,35.0,35.0,0.0,1.0,1.0,0.0
XD,point2_3.2Pressure_value,em_obs_earth_pressure,earth_pressure_p,12,12,0,12,0,0,0,0,0,0,192.0,34.0,35.0,35.0,0.0,1.0,1.0,0.0
XD,point2_4.2Pressure_value,em_obs_earth_pressure,earth_pressure_p,12,12,0,12,0,0,0,0,0,0,192.0,34.0,35.0,35.0,0.0,1.0,1.0,0.0
XD,point2_5.2Pressure_value,em_obs_earth_pressure,earth_pressure_p,12,12,0,12,0,0,0,0,0,0,192.0,34.0,35.0,35.0,0.0,1.0,1.0,0.0
XD,point2_6.2Pressure_value,em_obs_earth_pressure,earth_pressure_p,12,12,0,12,0,0,0,0,0,0,192.0,34.0,35.0,35.0,0.0,1.0,1.0,0.0
XD,point1_11.5water_value,em_obs_pressure_water_level,pressure_water_level_mm,12,12,6,6,0,0,0,0,0,0,181.0,0.5,1.0,1.0,0.5,0.5,0.5,0.0
XD,point5_11.5water_value,em_obs_pressure_water_level,pressure_water_level_mm,12,12,0,12,0,0,0,0,0,0,181.0,137.0,138.0,138.0,0.0,1.0,1.0,0.0
YD,point1_0.8YD_value,em_obs_displacement,displacement_tilt_y_deg,16,15,0,15,0,1,0,0,0,0,181.0,3.0,46.5,177.0,0.0,0.9375,1.0,0.0625
YD,point1_1.8YD_value,em_obs_displacement,displacement_tilt_y_deg,16,15,0,15,0,1,0,0,0,0,181.0,3.0,46.5,177.0,0.0,0.9375,1.0,0.0625
YD,point1_2.8YD_value,em_obs_displacement,displacement_tilt_y_deg,16,15,0,15,0,1,0,0,0,0,181.0,3.0,46.5,177.0,0.0,0.9375,1.0,0.0625
YD,point1_3.8YD_value,em_obs_displacement,displacement_tilt_y_deg,16,15,0,15,0,1,0,0,0,0,181.0,3.0,46.5,177.0,0.0,0.9375,1.0,0.0625
YD,point2_0.6YD_value,em_obs_displacement,displacement_tilt_y_deg,16,15,0,15,0,1,0,0,0,0,181.0,172.0,173.0,173.0,0.0,0.9375,1.0,0.0625
YD,point2_1.6YD_value,em_obs_displacement,displacement_tilt_y_deg,16,15,0,15,0,1,0,0,0,0,181.0,172.0,173.0,173.0,0.0,0.9375,1.0,0.0625
YD,point2_2.6YD_value,em_obs_displacement,displacement_tilt_y_deg,16,15,0,15,0,1,0,0,0,0,181.0,172.0,173.0,173.0,0.0,0.9375,1.0,0.0625
YD,point2_3.6YD_value,em_obs_displacement,displacement_tilt_y_deg,16,15,0,15,0,1,0,0,0,0,181.0,172.0,173.0,173.0,0.0,0.9375,1.0,0.0625
YD,point3_0.5YD_value,em_obs_displacement,displacement_tilt_y_deg,16,15,0,15,0,1,0,0,0,0,181.0,161.0,162.0,162.0,0.0,0.9375,1.0,0.0625
YD,point3_1.5YD_value,em_obs_displacement,displacement_tilt_y_deg,16,15,0,15,0,1,0,0,0,0,181.0,161.0,162.0,162.0,0.0,0.9375,1.0,0.0625
YD,point3_2.5YD_value,em_obs_displacement,displacement_tilt_y_deg,16,15,0,15,0,1,0,0,0,0,181.0,161.0,162.0,162.0,0.0,0.9375,1.0,0.0625
YD,point3_3.5YD_value,em_obs_displacement,displacement_tilt_y_deg,16,15,0,15,0,1,0,0,0,0,181.0,161.0,162.0,162.0,0.0,0.9375,1.0,0.0625
YD,point3_4.5YD_value,em_obs_displacement,displacement_tilt_y_deg,16,15,0,15,0,1,0,0,0,0,181.0,161.0,162.0,162.0,0.0,0.9375,1.0,0.0625
YD,point3_5.5YD_value,em_obs_displacement,displacement_tilt_y_deg,16,15,0,15,0,1,0,0,0,0,181.0,161.0,162.0,162.0,0.0,0.9375,1.0,0.0625
YD,point4_0.5YD_value,em_obs_displacement,displacement_tilt_y_deg,16,15,0,15,0,1,0,0,0,0,181.0,150.0,151.0,151.0,0.0,0.9375,1.0,0.0625
YD,point4_1.5YD_value,em_obs_displacement,displacement_tilt_y_deg,16,15,0,15,0,1,0,0,0,0,181.0,150.0,151.0,151.0,0.0,0.9375,1.0,0.0625
YD,point4_2.5YD_value,em_obs_displacement,displacement_tilt_y_deg,16,15,0,15,0,1,0,0,0,0,181.0,150.0,151.0,151.0,0.0,0.9375,1.0,0.0625
YD,point4_3.5YD_value,em_obs_displacement,displacement_tilt_y_deg,16,15,0,15,0,1,0,0,0,0,181.0,150.0,151.0,151.0,0.0,0.9375,1.0,0.0625
YD,point4_4.5YD_value,em_obs_displacement,displacement_tilt_y_deg,16,15,0,15,0,1,0,0,0,0,181.0,150.0,151.0,151.0,0.0,0.9375,1.0,0.0625
YD,point4_5.5YD_value,em_obs_displacement,displacement_tilt_y_deg,16,15,0,15,0,1,0,0,0,0,181.0,150.0,151.0,151.0,0.0,0.9375,1.0,0.0625
YD,point5_0.5YD_value,em_obs_displacement,displacement_tilt_y_deg,16,15,0,15,0,1,0,0,0,0,182.0,139.0,140.0,140.0,0.0,0.9375,1.0,0.0625
YD,point5_1.5YD_value,em_obs_displacement,displacement_tilt_y_deg,16,15,0,15,0,1,0,0,0,0,182.0,139.0,140.0,140.0,0.0,0.9375,1.0,0.0625
YD,point5_2.5YD_value,em_obs_displacement,displacement_tilt_y_deg,16,15,0,15,0,1,0,0,0,0,182.0,139.0,140.0,140.0,0.0,0.9375,1.0,0.0625
YD,point5_3.5YD_value,em_obs_displacement,displacement_tilt_y_deg,16,15,0,15,0,1,0,0,0,0,182.0,139.0,140.0,140.0,0.0,0.9375,1.0,0.0625
YD,point5_4.5YD_value,em_obs_displacement,displacement_tilt_y_deg,16,15,0,15,0,1,0,0,0,0,182.0,139.0,140.0,140.0,0.0,0.9375,1.0,0.0625
YD,point5_5.5YD_value,em_obs_displacement,displacement_tilt_y_deg,16,15,0,15,0,1,0,0,0,0,182.0,139.0,140.0,140.0,0.0,0.9375,1.0,0.0625
YD,point6_0.5YD_value,em_obs_displacement,displacement_tilt_y_deg,16,15,0,15,0,1,0,0,0,0,181.0,126.5,127.25,128.0,0.0,0.9375,1.0,0.0625
YD,point6_1.5YD_value,em_obs_displacement,displacement_tilt_y_deg,16,15,0,15,0,1,0,0,0,0,181.0,126.5,127.25,128.0,0.0,0.9375,1.0,0.0625
YD,point6_2.5YD_value,em_obs_displacement,displacement_tilt_y_deg,16,15,0,15,0,1,0,0,0,0,181.0,126.5,127.25,128.0,0.0,0.9375,1.0,0.0625
YD,point6_3.5YD_value,em_obs_displacement,displacement_tilt_y_deg,16,15,0,15,0,1,0,0,0,0,181.0,126.5,127.25,128.0,0.0,0.9375,1.0,0.0625
YD,point6_4.5YD_value,em_obs_displacement,displacement_tilt_y_deg,16,15,0,15,0,1,0,0,0,0,181.0,126.5,127.25,128.0,0.0,0.9375,1.0,0.0625
YD,point6_5.5YD_value,em_obs_displacement,displacement_tilt_y_deg,16,15,0,15,0,1,0,0,0,0,181.0,126.5,127.25,128.0,0.0,0.9375,1.0,0.0625
YD,line2_point1_0.6YD_value,em_obs_displacement,displacement_tilt_y_deg,16,15,0,15,0,1,0,0,0,0,192.0,25.0,58.0,154.0,0.0,0.9375,1.0,0.0625
YD,line2_point1_1.6YD_value,em_obs_displacement,displacement_tilt_y_deg,16,15,0,15,0,1,0,0,0,0,192.0,25.0,58.0,154.0,0.0,0.9375,1.0,0.0625
YD,line2_point1_2.6YD_value,em_obs_displacement,displacement_tilt_y_deg,16,15,0,15,0,1,0,0,0,0,192.0,25.0,58.0,154.0,0.0,0.9375,1.0,0.0625
YD,line2_point1_3.6YD_value,em_obs_displacement,displacement_tilt_y_deg,16,15,0,15,0,1,0,0,0,0,192.0,25.0,58.0,154.0,0.0,0.9375,1.0,0.0625
YD,line2_point2_0.5YD_value,em_obs_displacement,displacement_tilt_y_deg,16,15,0,13,2,1,0,0,0,0,193.0,14.0,191.25,192.0,0.0,0.8125,1.0,0.1875
YD,line2_point2_1.5YD_value,em_obs_displacement,displacement_tilt_y_deg,16,15,0,13,2,1,0,0,0,0,193.0,14.0,191.25,192.0,0.0,0.8125,1.0,0.1875
YD,line2_point2_2.5YD_value,em_obs_displacement,displacement_tilt_y_deg,16,15,0,13,2,1,0,0,0,0,193.0,14.0,191.25,192.0,0.0,0.8125,1.0,0.1875
YD,line2_point2_3.5YD_value,em_obs_displacement,displacement_tilt_y_deg,16,15,0,13,2,1,0,0,0,0,193.0,14.0,191.25,192.0,0.0,0.8125,1.0,0.1875
YD,line2_point2_4.5YD_value,em_obs_displacement,displacement_tilt_y_deg,16,15,0,13,2,1,0,0,0,0,193.0,14.0,191.25,192.0,0.0,0.8125,1.0,0.1875
YD,line2_point2_5.5YD_value,em_obs_displacement,displacement_tilt_y_deg,16,15,0,13,2,1,0,0,0,0,193.0,14.0,191.25,192.0,0.0,0.8125,1.0,0.1875
YD,point1_0.8XD_value,em_obs_displacement,displacement_tilt_x_deg,16,15,0,15,0,1,0,0,0,0,181.0,3.0,46.5,177.0,0.0,0.9375,1.0,0.0625
YD,point1_1.8XD_value,em_obs_displacement,displacement_tilt_x_deg,16,15,0,15,0,1,0,0,0,0,181.0,3.0,46.5,177.0,0.0,0.9375,1.0,0.0625
YD,point1_2.8XD_value,em_obs_displacement,displacement_tilt_x_deg,16,15,0,15,0,1,0,0,0,0,181.0,3.0,46.5,177.0,0.0,0.9375,1.0,0.0625
YD,point1_3.8XD_value,em_obs_displacement,displacement_tilt_x_deg,16,15,0,15,0,1,0,0,0,0,181.0,3.0,46.5,177.0,0.0,0.9375,1.0,0.0625
YD,point2_0.6XD_value,em_obs_displacement,displacement_tilt_x_deg,16,15,0,15,0,1,0,0,0,0,181.0,172.0,173.0,173.0,0.0,0.9375,1.0,0.0625
YD,point2_1.6XD_value,em_obs_displacement,displacement_tilt_x_deg,16,15,0,15,0,1,0,0,0,0,181.0,172.0,173.0,173.0,0.0,0.9375,1.0,0.0625
YD,point2_2.6XD_value,em_obs_displacement,displacement_tilt_x_deg,16,15,0,15,0,1,0,0,0,0,181.0,172.0,173.0,173.0,0.0,0.9375,1.0,0.0625
YD,point2_3.6XD_value,em_obs_displacement,displacement_tilt_x_deg,16,15,0,15,0,1,0,0,0,0,181.0,172.0,173.0,173.0,0.0,0.9375,1.0,0.0625
YD,point3_0.5XD_value,em_obs_displacement,displacement_tilt_x_deg,16,15,0,15,0,1,0,0,0,0,181.0,161.0,162.0,162.0,0.0,0.9375,1.0,0.0625
YD,point3_1.5XD_value,em_obs_displacement,displacement_tilt_x_deg,16,15,0,15,0,1,0,0,0,0,181.0,161.0,162.0,162.0,0.0,0.9375,1.0,0.0625
YD,point3_2.5XD_value,em_obs_displacement,displacement_tilt_x_deg,16,15,0,15,0,1,0,0,0,0,181.0,161.0,162.0,162.0,0.0,0.9375,1.0,0.0625
YD,point3_3.5XD_value,em_obs_displacement,displacement_tilt_x_deg,16,15,0,15,0,1,0,0,0,0,181.0,161.0,162.0,162.0,0.0,0.9375,1.0,0.0625
YD,point3_4.5XD_value,em_obs_displacement,displacement_tilt_x_deg,16,15,0,15,0,1,0,0,0,0,181.0,161.0,162.0,162.0,0.0,0.9375,1.0,0.0625
YD,point3_5.5XD_value,em_obs_displacement,displacement_tilt_x_deg,16,15,0,15,0,1,0,0,0,0,181.0,161.0,162.0,162.0,0.0,0.9375,1.0,0.0625
YD,point4_0.5XD_value,em_obs_displacement,displacement_tilt_x_deg,16,15,0,15,0,1,0,0,0,0,181.0,150.0,151.0,151.0,0.0,0.9375,1.0,0.0625
YD,point4_1.5XD_value,em_obs_displacement,displacement_tilt_x_deg,16,15,0,15,0,1,0,0,0,0,181.0,150.0,151.0,151.0,0.0,0.9375,1.0,0.0625
YD,point4_2.5XD_value,em_obs_displacement,displacement_tilt_x_deg,16,15,0,15,0,1,0,0,0,0,181.0,150.0,151.0,151.0,0.0,0.9375,1.0,0.0625
YD,point4_3.5XD_value,em_obs_displacement,displacement_tilt_x_deg,16,15,0,15,0,1,0,0,0,0,181.0,150.0,151.0,151.0,0.0,0.9375,1.0,0.0625
YD,point4_4.5XD_value,em_obs_displacement,displacement_tilt_x_deg,16,15,0,15,0,1,0,0,0,0,181.0,150.0,151.0,151.0,0.0,0.9375,1.0,0.0625
YD,point4_5.5XD_value,em_obs_displacement,displacement_tilt_x_deg,16,15,0,15,0,1,0,0,0,0,181.0,150.0,151.0,151.0,0.0,0.9375,1.0,0.0625
YD,point5_0.5XD_value,em_obs_displacement,displacement_tilt_x_deg,16,15,0,15,0,1,0,0,0,0,182.0,139.0,140.0,140.0,0.0,0.9375,1.0,0.0625
YD,point5_1.5XD_value,em_obs_displacement,displacement_tilt_x_deg,16,15,0,15,0,1,0,0,0,0,182.0,139.0,140.0,140.0,0.0,0.9375,1.0,0.0625
YD,point5_2.5XD_value,em_obs_displacement,displacement_tilt_x_deg,16,15,0,15,0,1,0,0,0,0,182.0,139.0,140.0,140.0,0.0,0.9375,1.0,0.0625
YD,point5_3.5XD_value,em_obs_displacement,displacement_tilt_x_deg,16,15,0,15,0,1,0,0,0,0,182.0,139.0,140.0,140.0,0.0,0.9375,1.0,0.0625
YD,point5_4.5XD_value,em_obs_displacement,displacement_tilt_x_deg,16,15,0,15,0,1,0,0,0,0,182.0,139.0,140.0,140.0,0.0,0.9375,1.0,0.0625
YD,point5_5.5XD_value,em_obs_displacement,displacement_tilt_x_deg,16,15,0,15,0,1,0,0,0,0,182.0,139.0,140.0,140.0,0.0,0.9375,1.0,0.0625
YD,point6_0.5XD_value,em_obs_displacement,displacement_tilt_x_deg,16,15,0,15,0,1,0,0,0,0,181.0,126.5,127.25,128.0,0.0,0.9375,1.0,0.0625
YD,point6_1.5XD_value,em_obs_displacement,displacement_tilt_x_deg,16,15,0,15,0,1,0,0,0,0,181.0,126.5,127.25,128.0,0.0,0.9375,1.0,0.0625
YD,point6_2.5XD_value,em_obs_displacement,displacement_tilt_x_deg,16,15,0,15,0,1,0,0,0,0,181.0,126.5,127.25,128.0,0.0,0.9375,1.0,0.0625
YD,point6_3.5XD_value,em_obs_displacement,displacement_tilt_x_deg,16,15,0,15,0,1,0,0,0,0,181.0,126.5,127.25,128.0,0.0,0.9375,1.0,0.0625
YD,point6_4.5XD_value,em_obs_displacement,displacement_tilt_x_deg,16,15,0,15,0,1,0,0,0,0,181.0,126.5,127.25,128.0,0.0,0.9375,1.0,0.0625
YD,point6_5.5XD_value,em_obs_displacement,displacement_tilt_x_deg,16,15,0,15,0,1,0,0,0,0,181.0,126.5,127.25,128.0,0.0,0.9375,1.0,0.0625
YD,line2_point1_0.6XD_value,em_obs_displacement,displacement_tilt_x_deg,16,15,0,15,0,1,0,0,0,0,192.0,25.0,58.0,154.0,0.0,0.9375,1.0,0.0625
YD,line2_point1_1.6XD_value,em_obs_displacement,displacement_tilt_x_deg,16,15,0,15,0,1,0,0,0,0,192.0,25.0,58.0,154.0,0.0,0.9375,1.0,0.0625
YD,line2_point1_2.6XD_value,em_obs_displacement,displacement_tilt_x_deg,16,15,0,15,0,1,0,0,0,0,192.0,25.0,58.0,154.0,0.0,0.9375,1.0,0.0625
YD,line2_point1_3.6XD_value,em_obs_displacement,displacement_tilt_x_deg,16,15,0,15,0,1,0,0,0,0,192.0,25.0,58.0,154.0,0.0,0.9375,1.0,0.0625
YD,line2_point2_0.5XD_value,em_obs_displacement,displacement_tilt_x_deg,16,15,0,13,2,1,0,0,0,0,193.0,14.0,191.25,192.0,0.0,0.8125,1.0,0.1875
YD,line2_point2_1.5XD_value,em_obs_displacement,displacement_tilt_x_deg,16,15,0,13,2,1,0,0,0,0,193.0,14.0,191.25,192.0,0.0,0.8125,1.0,0.1875
YD,line2_point2_2.5XD_value,em_obs_displacement,displacement_tilt_x_deg,16,15,0,13,2,1,0,0,0,0,193.0,14.0,191.25,192.0,0.0,0.8125,1.0,0.1875
YD,line2_point2_3.5XD_value,em_obs_displacement,displacement_tilt_x_deg,16,15,0,13,2,1,0,0,0,0,193.0,14.0,191.25,192.0,0.0,0.8125,1.0,0.1875
YD,line2_point2_4.5XD_value,em_obs_displacement,displacement_tilt_x_deg,16,15,0,13,2,1,0,0,0,0,193.0,14.0,191.25,192.0,0.0,0.8125,1.0,0.1875
YD,line2_point2_5.5XD_value,em_obs_displacement,displacement_tilt_x_deg,16,15,0,13,2,1,0,0,0,0,193.0,14.0,191.25,192.0,0.0,0.8125,1.0,0.1875
YD,point1_0.12Strain_value,em_obs_earth_pressure,earth_pressure_strain_ue,16,15,0,15,0,1,0,0,0,0,181.0,136.0,137.0,137.0,0.0,0.9375,1.0,0.0625
YD,point1_1.12Strain_value,em_obs_earth_pressure,earth_pressure_strain_ue,16,15,0,15,0,1,0,0,0,0,181.0,136.0,137.0,137.0,0.0,0.9375,1.0,0.0625
YD,point1_2.12Strain_value,em_obs_earth_pressure,earth_pressure_strain_ue,16,15,0,15,0,1,0,0,0,0,181.0,136.0,137.0,137.0,0.0,0.9375,1.0,0.0625
YD,point1_3.12Strain_value,em_obs_earth_pressure,earth_pressure_strain_ue,16,15,0,15,0,1,0,0,0,0,181.0,136.0,137.0,137.0,0.0,0.9375,1.0,0.0625
YD,point1_4.12Strain_value,em_obs_earth_pressure,earth_pressure_strain_ue,16,15,0,15,0,1,0,0,0,0,181.0,136.0,137.0,137.0,0.0,0.9375,1.0,0.0625
YD,point1_5.12Strain_value,em_obs_earth_pressure,earth_pressure_strain_ue,16,15,0,15,0,1,0,0,0,0,181.0,136.0,137.0,137.0,0.0,0.9375,1.0,0.0625
YD,point1_6.12Strain_value,em_obs_earth_pressure,earth_pressure_strain_ue,16,15,0,15,0,1,0,0,0,0,181.0,136.0,137.0,137.0,0.0,0.9375,1.0,0.0625
YD,point2_0.2Strain_value,em_obs_earth_pressure,earth_pressure_strain_ue,16,15,0,15,0,1,0,0,0,0,192.0,34.0,62.5,145.0,0.0,0.9375,1.0,0.0625
YD,point2_1.2Strain_value,em_obs_earth_pressure,earth_pressure_strain_ue,16,15,0,15,0,1,0,0,0,0,192.0,34.0,62.5,145.0,0.0,0.9375,1.0,0.0625
YD,point2_2.2Strain_value,em_obs_earth_pressure,earth_pressure_strain_ue,16,15,0,15,0,1,0,0,0,0,192.0,34.0,62.5,145.0,0.0,0.9375,1.0,0.0625
YD,point2_3.2Strain_value,em_obs_earth_pressure,earth_pressure_strain_ue,16,15,0,15,0,1,0,0,0,0,192.0,34.0,62.5,145.0,0.0,0.9375,1.0,0.0625
YD,point2_4.2Strain_value,em_obs_earth_pressure,earth_pressure_strain_ue,16,15,0,15,0,1,0,0,0,0,192.0,34.0,62.5,145.0,0.0,0.9375,1.0,0.0625
YD,point2_5.2Strain_value,em_obs_earth_pressure,earth_pressure_strain_ue,16,15,0,15,0,1,0,0,0,0,192.0,34.0,62.5,145.0,0.0,0.9375,1.0,0.0625
YD,point2_6.2Strain_value,em_obs_earth_pressure,earth_pressure_strain_ue,16,15,0,15,0,1,0,0,0,0,192.0,34.0,62.5,145.0,0.0,0.9375,1.0,0.0625
YD,point1_0.12Pressure_value,em_obs_earth_pressure,earth_pressure_p,16,15,0,15,0,1,0,0,0,0,181.0,136.0,137.0,137.0,0.0,0.9375,1.0,0.0625
YD,point1_1.12Pressure_value,em_obs_earth_pressure,earth_pressure_p,16,15,0,15,0,1,0,0,0,0,181.0,136.0,137.0,137.0,0.0,0.9375,1.0,0.0625
YD,point1_2.12Pressure_value,em_obs_earth_pressure,earth_pressure_p,16,15,0,15,0,1,0,0,0,0,181.0,136.0,137.0,137.0,0.0,0.9375,1.0,0.0625
YD,point1_3.12Pressure_value,em_obs_earth_pressure,earth_pressure_p,16,15,0,15,0,1,0,0,0,0,181.0,136.0,137.0,137.0,0.0,0.9375,1.0,0.0625
YD,point1_4.12Pressure_value,em_obs_earth_pressure,earth_pressure_p,16,15,0,15,0,1,0,0,0,0,181.0,136.0,137.0,137.0,0.0,0.9375,1.0,0.0625
YD,point1_5.12Pressure_value,em_obs_earth_pressure,earth_pressure_p,16,15,0,15,0,1,0,0,0,0,181.0,136.0,137.0,137.0,0.0,0.9375,1.0,0.0625
YD,point1_6.12Pressure_value,em_obs_earth_pressure,earth_pressure_p,16,15,0,15,0,1,0,0,0,0,181.0,136.0,137.0,137.0,0.0,0.9375,1.0,0.0625
YD,point2_0.2Pressure_value,em_obs_earth_pressure,earth_pressure_p,16,15,0,15,0,1,0,0,0,0,192.0,34.0,62.5,145.0,0.0,0.9375,1.0,0.0625
YD,point2_1.2Pressure_value,em_obs_earth_pressure,earth_pressure_p,16,15,0,15,0,1,0,0,0,0,192.0,34.0,62.5,145.0,0.0,0.9375,1.0,0.0625
YD,point2_2.2Pressure_value,em_obs_earth_pressure,earth_pressure_p,16,15,0,15,0,1,0,0,0,0,192.0,34.0,62.5,145.0,0.0,0.9375,1.0,0.0625
YD,point2_3.2Pressure_value,em_obs_earth_pressure,earth_pressure_p,16,15,0,15,0,1,0,0,0,0,192.0,34.0,62.5,145.0,0.0,0.9375,1.0,0.0625
YD,point2_4.2Pressure_value,em_obs_earth_pressure,earth_pressure_p,16,15,0,15,0,1,0,0,0,0,192.0,34.0,62.5,145.0,0.0,0.9375,1.0,0.0625
YD,point2_5.2Pressure_value,em_obs_earth_pressure,earth_pressure_p,16,15,0,15,0,1,0,0,0,0,192.0,34.0,62.5,145.0,0.0,0.9375,1.0,0.0625
YD,point2_6.2Pressure_value,em_obs_earth_pressure,earth_pressure_p,16,15,0,15,0,1,0,0,0,0,192.0,34.0,62.5,145.0,0.0,0.9375,1.0,0.0625
YD,point1_11.5water_value,em_obs_pressure_water_level,pressure_water_level_mm,16,16,6,10,0,0,0,0,0,0,181.0,1.0,1.25,2.0,0.375,0.625,0.625,0.0
YD,point5_11.5water_value,em_obs_pressure_water_level,pressure_water_level_mm,16,15,0,15,0,1,0,0,0,0,181.0,137.0,138.0,138.0,0.0,0.9375,1.0,0.0625
settlement,point1_0.8YD_value,em_obs_displacement,displacement_tilt_y_deg,12,12,0,12,0,0,0,0,0,0,181.0,3.0,3.0,3.0,0.0,1.0,1.0,0.0
settlement,point1_1.8YD_value,em_obs_displacement,displacement_tilt_y_deg,12,12,0,12,0,0,0,0,0,0,181.0,3.0,3.0,3.0,0.0,1.0,1.0,0.0
settlement,point1_2.8YD_value,em_obs_displacement,displacement_tilt_y_deg,12,12,0,12,0,0,0,0,0,0,181.0,3.0,3.0,3.0,0.0,1.0,1.0,0.0
settlement,point1_3.8YD_value,em_obs_displacement,displacement_tilt_y_deg,12,12,0,12,0,0,0,0,0,0,181.0,3.0,3.0,3.0,0.0,1.0,1.0,0.0
settlement,point2_0.6YD_value,em_obs_displacement,displacement_tilt_y_deg,12,12,0,12,0,0,0,0,0,0,181.0,172.0,173.0,173.0,0.0,1.0,1.0,0.0
settlement,point2_1.6YD_value,em_obs_displacement,displacement_tilt_y_deg,12,12,0,12,0,0,0,0,0,0,181.0,172.0,173.0,173.0,0.0,1.0,1.0,0.0
settlement,point2_2.6YD_value,em_obs_displacement,displacement_tilt_y_deg,12,12,0,12,0,0,0,0,0,0,181.0,172.0,173.0,173.0,0.0,1.0,1.0,0.0
settlement,point2_3.6YD_value,em_obs_displacement,displacement_tilt_y_deg,12,12,0,12,0,0,0,0,0,0,181.0,172.0,173.0,173.0,0.0,1.0,1.0,0.0
settlement,point3_0.5YD_value,em_obs_displacement,displacement_tilt_y_deg,12,12,0,12,0,0,0,0,0,0,181.0,161.0,162.0,162.0,0.0,1.0,1.0,0.0
settlement,point3_1.5YD_value,em_obs_displacement,displacement_tilt_y_deg,12,12,0,12,0,0,0,0,0,0,181.0,161.0,162.0,162.0,0.0,1.0,1.0,0.0
settlement,point3_2.5YD_value,em_obs_displacement,displacement_tilt_y_deg,12,12,0,12,0,0,0,0,0,0,181.0,161.0,162.0,162.0,0.0,1.0,1.0,0.0
settlement,point3_3.5YD_value,em_obs_displacement,displacement_tilt_y_deg,12,12,0,12,0,0,0,0,0,0,181.0,161.0,162.0,162.0,0.0,1.0,1.0,0.0
settlement,point3_4.5YD_value,em_obs_displacement,displacement_tilt_y_deg,12,12,0,12,0,0,0,0,0,0,181.0,161.0,162.0,162.0,0.0,1.0,1.0,0.0
settlement,point3_5.5YD_value,em_obs_displacement,displacement_tilt_y_deg,12,12,0,12,0,0,0,0,0,0,181.0,161.0,162.0,162.0,0.0,1.0,1.0,0.0
settlement,point4_0.5YD_value,em_obs_displacement,displacement_tilt_y_deg,12,12,0,12,0,0,0,0,0,0,181.0,150.0,151.0,151.0,0.0,1.0,1.0,0.0
settlement,point4_1.5YD_value,em_obs_displacement,displacement_tilt_y_deg,12,12,0,12,0,0,0,0,0,0,181.0,150.0,151.0,151.0,0.0,1.0,1.0,0.0
settlement,point4_2.5YD_value,em_obs_displacement,displacement_tilt_y_deg,12,12,0,12,0,0,0,0,0,0,181.0,150.0,151.0,151.0,0.0,1.0,1.0,0.0
settlement,point4_3.5YD_value,em_obs_displacement,displacement_tilt_y_deg,12,12,0,12,0,0,0,0,0,0,181.0,150.0,151.0,151.0,0.0,1.0,1.0,0.0
settlement,point4_4.5YD_value,em_obs_displacement,displacement_tilt_y_deg,12,12,0,12,0,0,0,0,0,0,181.0,150.0,151.0,151.0,0.0,1.0,1.0,0.0
settlement,point4_5.5YD_value,em_obs_displacement,displacement_tilt_y_deg,12,12,0,12,0,0,0,0,0,0,181.0,150.0,151.0,151.0,0.0,1.0,1.0,0.0
settlement,point5_0.5YD_value,em_obs_displacement,displacement_tilt_y_deg,12,12,0,12,0,0,0,0,0,0,182.0,139.0,140.0,140.0,0.0,1.0,1.0,0.0
settlement,point5_1.5YD_value,em_obs_displacement,displacement_tilt_y_deg,12,12,0,12,0,0,0,0,0,0,182.0,139.0,140.0,140.0,0.0,1.0,1.0,0.0
settlement,point5_2.5YD_value,em_obs_displacement,displacement_tilt_y_deg,12,12,0,12,0,0,0,0,0,0,182.0,139.0,140.0,140.0,0.0,1.0,1.0,0.0
settlement,point5_3.5YD_value,em_obs_displacement,displacement_tilt_y_deg,12,12,0,12,0,0,0,0,0,0,182.0,139.0,140.0,140.0,0.0,1.0,1.0,0.0
settlement,point5_4.5YD_value,em_obs_displacement,displacement_tilt_y_deg,12,12,0,12,0,0,0,0,0,0,182.0,139.0,140.0,140.0,0.0,1.0,1.0,0.0
settlement,point5_5.5YD_value,em_obs_displacement,displacement_tilt_y_deg,12,12,0,12,0,0,0,0,0,0,182.0,139.0,140.0,140.0,0.0,1.0,1.0,0.0
settlement,point6_0.5YD_value,em_obs_displacement,displacement_tilt_y_deg,12,12,0,12,0,0,0,0,0,0,181.0,126.0,127.0,127.0,0.0,1.0,1.0,0.0
settlement,point6_1.5YD_value,em_obs_displacement,displacement_tilt_y_deg,12,12,0,12,0,0,0,0,0,0,181.0,126.0,127.0,127.0,0.0,1.0,1.0,0.0
settlement,point6_2.5YD_value,em_obs_displacement,displacement_tilt_y_deg,12,12,0,12,0,0,0,0,0,0,181.0,126.0,127.0,127.0,0.0,1.0,1.0,0.0
settlement,point6_3.5YD_value,em_obs_displacement,displacement_tilt_y_deg,12,12,0,12,0,0,0,0,0,0,181.0,126.0,127.0,127.0,0.0,1.0,1.0,0.0
settlement,point6_4.5YD_value,em_obs_displacement,displacement_tilt_y_deg,12,12,0,12,0,0,0,0,0,0,181.0,126.0,127.0,127.0,0.0,1.0,1.0,0.0
settlement,point6_5.5YD_value,em_obs_displacement,displacement_tilt_y_deg,12,12,0,12,0,0,0,0,0,0,181.0,126.0,127.0,127.0,0.0,1.0,1.0,0.0
settlement,line2_point1_0.6YD_value,em_obs_displacement,displacement_tilt_y_deg,12,12,0,12,0,0,0,0,0,0,192.0,25.0,26.0,26.0,0.0,1.0,1.0,0.0
settlement,line2_point1_1.6YD_value,em_obs_displacement,displacement_tilt_y_deg,12,12,0,12,0,0,0,0,0,0,192.0,25.0,26.0,26.0,0.0,1.0,1.0,0.0
settlement,line2_point1_2.6YD_value,em_obs_displacement,displacement_tilt_y_deg,12,12,0,12,0,0,0,0,0,0,192.0,25.0,26.0,26.0,0.0,1.0,1.0,0.0
settlement,line2_point1_3.6YD_value,em_obs_displacement,displacement_tilt_y_deg,12,12,0,12,0,0,0,0,0,0,192.0,25.0,26.0,26.0,0.0,1.0,1.0,0.0
settlement,line2_point2_0.5YD_value,em_obs_displacement,displacement_tilt_y_deg,12,12,0,10,2,0,0,0,0,0,192.0,14.0,191.45,192.0,0.0,0.833333333333,1.0,0.166666666667
settlement,line2_point2_1.5YD_value,em_obs_displacement,displacement_tilt_y_deg,12,12,0,10,2,0,0,0,0,0,192.0,14.0,191.45,192.0,0.0,0.833333333333,1.0,0.166666666667
settlement,line2_point2_2.5YD_value,em_obs_displacement,displacement_tilt_y_deg,12,12,0,10,2,0,0,0,0,0,192.0,14.0,191.45,192.0,0.0,0.833333333333,1.0,0.166666666667
settlement,line2_point2_3.5YD_value,em_obs_displacement,displacement_tilt_y_deg,12,12,0,10,2,0,0,0,0,0,192.0,14.0,191.45,192.0,0.0,0.833333333333,1.0,0.166666666667
settlement,line2_point2_4.5YD_value,em_obs_displacement,displacement_tilt_y_deg,12,12,0,10,2,0,0,0,0,0,192.0,14.0,191.45,192.0,0.0,0.833333333333,1.0,0.166666666667
settlement,line2_point2_5.5YD_value,em_obs_displacement,displacement_tilt_y_deg,12,12,0,10,2,0,0,0,0,0,192.0,14.0,191.45,192.0,0.0,0.833333333333,1.0,0.166666666667
settlement,point1_0.8XD_value,em_obs_displacement,displacement_tilt_x_deg,12,12,0,12,0,0,0,0,0,0,181.0,3.0,3.0,3.0,0.0,1.0,1.0,0.0
settlement,point1_1.8XD_value,em_obs_displacement,displacement_tilt_x_deg,12,12,0,12,0,0,0,0,0,0,181.0,3.0,3.0,3.0,0.0,1.0,1.0,0.0
settlement,point1_2.8XD_value,em_obs_displacement,displacement_tilt_x_deg,12,12,0,12,0,0,0,0,0,0,181.0,3.0,3.0,3.0,0.0,1.0,1.0,0.0
settlement,point1_3.8XD_value,em_obs_displacement,displacement_tilt_x_deg,12,12,0,12,0,0,0,0,0,0,181.0,3.0,3.0,3.0,0.0,1.0,1.0,0.0
settlement,point2_0.6XD_value,em_obs_displacement,displacement_tilt_x_deg,12,12,0,12,0,0,0,0,0,0,181.0,172.0,173.0,173.0,0.0,1.0,1.0,0.0
settlement,point2_1.6XD_value,em_obs_displacement,displacement_tilt_x_deg,12,12,0,12,0,0,0,0,0,0,181.0,172.0,173.0,173.0,0.0,1.0,1.0,0.0
settlement,point2_2.6XD_value,em_obs_displacement,displacement_tilt_x_deg,12,12,0,12,0,0,0,0,0,0,181.0,172.0,173.0,173.0,0.0,1.0,1.0,0.0
settlement,point2_3.6XD_value,em_obs_displacement,displacement_tilt_x_deg,12,12,0,12,0,0,0,0,0,0,181.0,172.0,173.0,173.0,0.0,1.0,1.0,0.0
settlement,point3_0.5XD_value,em_obs_displacement,displacement_tilt_x_deg,12,12,0,12,0,0,0,0,0,0,181.0,161.0,162.0,162.0,0.0,1.0,1.0,0.0
settlement,point3_1.5XD_value,em_obs_displacement,displacement_tilt_x_deg,12,12,0,12,0,0,0,0,0,0,181.0,161.0,162.0,162.0,0.0,1.0,1.0,0.0
settlement,point3_2.5XD_value,em_obs_displacement,displacement_tilt_x_deg,12,12,0,12,0,0,0,0,0,0,181.0,161.0,162.0,162.0,0.0,1.0,1.0,0.0
settlement,point3_3.5XD_value,em_obs_displacement,displacement_tilt_x_deg,12,12,0,12,0,0,0,0,0,0,181.0,161.0,162.0,162.0,0.0,1.0,1.0,0.0
settlement,point3_4.5XD_value,em_obs_displacement,displacement_tilt_x_deg,12,12,0,12,0,0,0,0,0,0,181.0,161.0,162.0,162.0,0.0,1.0,1.0,0.0
settlement,point3_5.5XD_value,em_obs_displacement,displacement_tilt_x_deg,12,12,0,12,0,0,0,0,0,0,181.0,161.0,162.0,162.0,0.0,1.0,1.0,0.0
settlement,point4_0.5XD_value,em_obs_displacement,displacement_tilt_x_deg,12,12,0,12,0,0,0,0,0,0,181.0,150.0,151.0,151.0,0.0,1.0,1.0,0.0
settlement,point4_1.5XD_value,em_obs_displacement,displacement_tilt_x_deg,12,12,0,12,0,0,0,0,0,0,181.0,150.0,151.0,151.0,0.0,1.0,1.0,0.0
settlement,point4_2.5XD_value,em_obs_displacement,displacement_tilt_x_deg,12,12,0,12,0,0,0,0,0,0,181.0,150.0,151.0,151.0,0.0,1.0,1.0,0.0
settlement,point4_3.5XD_value,em_obs_displacement,displacement_tilt_x_deg,12,12,0,12,0,0,0,0,0,0,181.0,150.0,151.0,151.0,0.0,1.0,1.0,0.0
settlement,point4_4.5XD_value,em_obs_displacement,displacement_tilt_x_deg,12,12,0,12,0,0,0,0,0,0,181.0,150.0,151.0,151.0,0.0,1.0,1.0,0.0
settlement,point4_5.5XD_value,em_obs_displacement,displacement_tilt_x_deg,12,12,0,12,0,0,0,0,0,0,181.0,150.0,151.0,151.0,0.0,1.0,1.0,0.0
settlement,point5_0.5XD_value,em_obs_displacement,displacement_tilt_x_deg,12,12,0,12,0,0,0,0,0,0,182.0,139.0,140.0,140.0,0.0,1.0,1.0,0.0
settlement,point5_1.5XD_value,em_obs_displacement,displacement_tilt_x_deg,12,12,0,12,0,0,0,0,0,0,182.0,139.0,140.0,140.0,0.0,1.0,1.0,0.0
settlement,point5_2.5XD_value,em_obs_displacement,displacement_tilt_x_deg,12,12,0,12,0,0,0,0,0,0,182.0,139.0,140.0,140.0,0.0,1.0,1.0,0.0
settlement,point5_3.5XD_value,em_obs_displacement,displacement_tilt_x_deg,12,12,0,12,0,0,0,0,0,0,182.0,139.0,140.0,140.0,0.0,1.0,1.0,0.0
settlement,point5_4.5XD_value,em_obs_displacement,displacement_tilt_x_deg,12,12,0,12,0,0,0,0,0,0,182.0,139.0,140.0,140.0,0.0,1.0,1.0,0.0
settlement,point5_5.5XD_value,em_obs_displacement,displacement_tilt_x_deg,12,12,0,12,0,0,0,0,0,0,182.0,139.0,140.0,140.0,0.0,1.0,1.0,0.0
settlement,point6_0.5XD_value,em_obs_displacement,displacement_tilt_x_deg,12,12,0,12,0,0,0,0,0,0,181.0,126.0,127.0,127.0,0.0,1.0,1.0,0.0
settlement,point6_1.5XD_value,em_obs_displacement,displacement_tilt_x_deg,12,12,0,12,0,0,0,0,0,0,181.0,126.0,127.0,127.0,0.0,1.0,1.0,0.0
settlement,point6_2.5XD_value,em_obs_displacement,displacement_tilt_x_deg,12,12,0,12,0,0,0,0,0,0,181.0,126.0,127.0,127.0,0.0,1.0,1.0,0.0
settlement,point6_3.5XD_value,em_obs_displacement,displacement_tilt_x_deg,12,12,0,12,0,0,0,0,0,0,181.0,126.0,127.0,127.0,0.0,1.0,1.0,0.0
settlement,point6_4.5XD_value,em_obs_displacement,displacement_tilt_x_deg,12,12,0,12,0,0,0,0,0,0,181.0,126.0,127.0,127.0,0.0,1.0,1.0,0.0
settlement,point6_5.5XD_value,em_obs_displacement,displacement_tilt_x_deg,12,12,0,12,0,0,0,0,0,0,181.0,126.0,127.0,127.0,0.0,1.0,1.0,0.0
settlement,line2_point1_0.6XD_value,em_obs_displacement,displacement_tilt_x_deg,12,12,0,12,0,0,0,0,0,0,192.0,25.0,26.0,26.0,0.0,1.0,1.0,0.0
settlement,line2_point1_1.6XD_value,em_obs_displacement,displacement_tilt_x_deg,12,12,0,12,0,0,0,0,0,0,192.0,25.0,26.0,26.0,0.0,1.0,1.0,0.0
settlement,line2_point1_2.6XD_value,em_obs_displacement,displacement_tilt_x_deg,12,12,0,12,0,0,0,0,0,0,192.0,25.0,26.0,26.0,0.0,1.0,1.0,0.0
settlement,line2_point1_3.6XD_value,em_obs_displacement,displacement_tilt_x_deg,12,12,0,12,0,0,0,0,0,0,192.0,25.0,26.0,26.0,0.0,1.0,1.0,0.0
settlement,line2_point2_0.5XD_value,em_obs_displacement,displacement_tilt_x_deg,12,12,0,10,2,0,0,0,0,0,192.0,14.0,191.45,192.0,0.0,0.833333333333,1.0,0.166666666667
settlement,line2_point2_1.5XD_value,em_obs_displacement,displacement_tilt_x_deg,12,12,0,10,2,0,0,0,0,0,192.0,14.0,191.45,192.0,0.0,0.833333333333,1.0,0.166666666667
settlement,line2_point2_2.5XD_value,em_obs_displacement,displacement_tilt_x_deg,12,12,0,10,2,0,0,0,0,0,192.0,14.0,191.45,192.0,0.0,0.833333333333,1.0,0.166666666667
settlement,line2_point2_3.5XD_value,em_obs_displacement,displacement_tilt_x_deg,12,12,0,10,2,0,0,0,0,0,192.0,14.0,191.45,192.0,0.0,0.833333333333,1.0,0.166666666667
settlement,line2_point2_4.5XD_value,em_obs_displacement,displacement_tilt_x_deg,12,12,0,10,2,0,0,0,0,0,192.0,14.0,191.45,192.0,0.0,0.833333333333,1.0,0.166666666667
settlement,line2_point2_5.5XD_value,em_obs_displacement,displacement_tilt_x_deg,12,12,0,10,2,0,0,0,0,0,192.0,14.0,191.45,192.0,0.0,0.833333333333,1.0,0.166666666667
settlement,point1_0.12Strain_value,em_obs_earth_pressure,earth_pressure_strain_ue,12,12,0,12,0,0,0,0,0,0,181.0,136.0,137.0,137.0,0.0,1.0,1.0,0.0
settlement,point1_1.12Strain_value,em_obs_earth_pressure,earth_pressure_strain_ue,12,12,0,12,0,0,0,0,0,0,181.0,136.0,137.0,137.0,0.0,1.0,1.0,0.0
settlement,point1_2.12Strain_value,em_obs_earth_pressure,earth_pressure_strain_ue,12,12,0,12,0,0,0,0,0,0,181.0,136.0,137.0,137.0,0.0,1.0,1.0,0.0
settlement,point1_3.12Strain_value,em_obs_earth_pressure,earth_pressure_strain_ue,12,12,0,12,0,0,0,0,0,0,181.0,136.0,137.0,137.0,0.0,1.0,1.0,0.0
settlement,point1_4.12Strain_value,em_obs_earth_pressure,earth_pressure_strain_ue,12,12,0,12,0,0,0,0,0,0,181.0,136.0,137.0,137.0,0.0,1.0,1.0,0.0
settlement,point1_5.12Strain_value,em_obs_earth_pressure,earth_pressure_strain_ue,12,12,0,12,0,0,0,0,0,0,181.0,136.0,137.0,137.0,0.0,1.0,1.0,0.0
settlement,point1_6.12Strain_value,em_obs_earth_pressure,earth_pressure_strain_ue,12,12,0,12,0,0,0,0,0,0,181.0,136.0,137.0,137.0,0.0,1.0,1.0,0.0
settlement,point2_0.2Strain_value,em_obs_earth_pressure,earth_pressure_strain_ue,12,12,0,12,0,0,0,0,0,0,192.0,34.0,35.0,35.0,0.0,1.0,1.0,0.0
settlement,point2_1.2Strain_value,em_obs_earth_pressure,earth_pressure_strain_ue,12,12,0,12,0,0,0,0,0,0,192.0,34.0,35.0,35.0,0.0,1.0,1.0,0.0
settlement,point2_2.2Strain_value,em_obs_earth_pressure,earth_pressure_strain_ue,12,12,0,12,0,0,0,0,0,0,192.0,34.0,35.0,35.0,0.0,1.0,1.0,0.0
settlement,point2_3.2Strain_value,em_obs_earth_pressure,earth_pressure_strain_ue,12,12,0,12,0,0,0,0,0,0,192.0,34.0,35.0,35.0,0.0,1.0,1.0,0.0
settlement,point2_4.2Strain_value,em_obs_earth_pressure,earth_pressure_strain_ue,12,12,0,12,0,0,0,0,0,0,192.0,34.0,35.0,35.0,0.0,1.0,1.0,0.0
settlement,point2_5.2Strain_value,em_obs_earth_pressure,earth_pressure_strain_ue,12,12,0,12,0,0,0,0,0,0,192.0,34.0,35.0,35.0,0.0,1.0,1.0,0.0
settlement,point2_6.2Strain_value,em_obs_earth_pressure,earth_pressure_strain_ue,12,12,0,12,0,0,0,0,0,0,192.0,34.0,35.0,35.0,0.0,1.0,1.0,0.0
settlement,point1_0.12Pressure_value,em_obs_earth_pressure,earth_pressure_p,12,12,0,12,0,0,0,0,0,0,181.0,136.0,137.0,137.0,0.0,1.0,1.0,0.0
settlement,point1_1.12Pressure_value,em_obs_earth_pressure,earth_pressure_p,12,12,0,12,0,0,0,0,0,0,181.0,136.0,137.0,137.0,0.0,1.0,1.0,0.0
settlement,point1_2.12Pressure_value,em_obs_earth_pressure,earth_pressure_p,12,12,0,12,0,0,0,0,0,0,181.0,136.0,137.0,137.0,0.0,1.0,1.0,0.0
settlement,point1_3.12Pressure_value,em_obs_earth_pressure,earth_pressure_p,12,12,0,12,0,0,0,0,0,0,181.0,136.0,137.0,137.0,0.0,1.0,1.0,0.0
settlement,point1_4.12Pressure_value,em_obs_earth_pressure,earth_pressure_p,12,12,0,12,0,0,0,0,0,0,181.0,136.0,137.0,137.0,0.0,1.0,1.0,0.0
settlement,point1_5.12Pressure_value,em_obs_earth_pressure,earth_pressure_p,12,12,0,12,0,0,0,0,0,0,181.0,136.0,137.0,137.0,0.0,1.0,1.0,0.0
settlement,point1_6.12Pressure_value,em_obs_earth_pressure,earth_pressure_p,12,12,0,12,0,0,0,0,0,0,181.0,136.0,137.0,137.0,0.0,1.0,1.0,0.0
settlement,point2_0.2Pressure_value,em_obs_earth_pressure,earth_pressure_p,12,12,0,12,0,0,0,0,0,0,192.0,34.0,35.0,35.0,0.0,1.0,1.0,0.0
settlement,point2_1.2Pressure_value,em_obs_earth_pressure,earth_pressure_p,12,12,0,12,0,0,0,0,0,0,192.0,34.0,35.0,35.0,0.0,1.0,1.0,0.0
settlement,point2_2.2Pressure_value,em_obs_earth_pressure,earth_pressure_p,12,12,0,12,0,0,0,0,0,0,192.0,34.0,35.0,35.0,0.0,1.0,1.0,0.0
settlement,point2_3.2Pressure_value,em_obs_earth_pressure,earth_pressure_p,12,12,0,12,0,0,0,0,0,0,192.0,34.0,35.0,35.0,0.0,1.0,1.0,0.0
settlement,point2_4.2Pressure_value,em_obs_earth_pressure,earth_pressure_p,12,12,0,12,0,0,0,0,0,0,192.0,34.0,35.0,35.0,0.0,1.0,1.0,0.0
settlement,point2_5.2Pressure_value,em_obs_earth_pressure,earth_pressure_p,12,12,0,12,0,0,0,0,0,0,192.0,34.0,35.0,35.0,0.0,1.0,1.0,0.0
settlement,point2_6.2Pressure_value,em_obs_earth_pressure,earth_pressure_p,12,12,0,12,0,0,0,0,0,0,192.0,34.0,35.0,35.0,0.0,1.0,1.0,0.0
settlement,dtu1_point1_settlement_value,em_obs_static_level,static_level_value_mm,12,12,0,12,0,0,0,0,0,0,180.0,108.0,108.0,108.0,0.0,1.0,1.0,0.0
settlement,dtu1_point2_settlement_value,em_obs_static_level,static_level_value_mm,12,12,0,12,0,0,0,0,0,0,180.0,108.0,108.0,108.0,0.0,1.0,1.0,0.0
settlement,dtu1_point3_settlement_value,em_obs_static_level,static_level_value_mm,12,12,0,12,0,0,0,0,0,0,180.0,108.0,108.0,108.0,0.0,1.0,1.0,0.0
settlement,dtu1_point4_settlement_value,em_obs_static_level,static_level_value_mm,12,12,0,12,0,0,0,0,0,0,180.0,108.0,108.0,108.0,0.0,1.0,1.0,0.0
settlement,dtu1_point5_settlement_value,em_obs_static_level,static_level_value_mm,12,12,0,12,0,0,0,0,0,0,180.0,108.0,108.0,108.0,0.0,1.0,1.0,0.0
settlement,dtu1_point6_settlement_value,em_obs_static_level,static_level_value_mm,12,12,0,12,0,0,0,0,0,0,180.0,108.0,108.0,108.0,0.0,1.0,1.0,0.0
settlement,dtu1_point7_ref_settlement_value,em_obs_static_level,static_level_value_mm,12,12,0,12,0,0,0,0,0,0,180.0,108.0,108.0,108.0,0.0,1.0,1.0,0.0
settlement,dtu2_point1_ref_settlement_value,em_obs_static_level,static_level_value_mm,12,12,0,12,0,0,0,0,0,0,180.0,48.0,48.0,48.0,0.0,1.0,1.0,0.0
settlement,dtu2_point2_settlement_value,em_obs_static_level,static_level_value_mm,12,12,0,12,0,0,0,0,0,0,180.0,48.0,48.0,48.0,0.0,1.0,1.0,0.0
settlement,dtu2_point3_settlement_value,em_obs_static_level,static_level_value_mm,12,12,0,12,0,0,0,0,0,0,180.0,48.0,48.0,48.0,0.0,1.0,1.0,0.0
settlement,dtu1_point1_settlement_baseline_value,em_obs_static_level,static_level_value_mm,12,12,0,12,0,0,0,0,0,0,180.0,108.0,108.0,108.0,0.0,1.0,1.0,0.0
settlement,dtu1_point2_settlement_baseline_value,em_obs_static_level,static_level_value_mm,12,12,0,12,0,0,0,0,0,0,180.0,108.0,108.0,108.0,0.0,1.0,1.0,0.0
settlement,dtu1_point3_settlement_baseline_value,em_obs_static_level,static_level_value_mm,12,12,0,12,0,0,0,0,0,0,180.0,108.0,108.0,108.0,0.0,1.0,1.0,0.0
settlement,dtu1_point4_settlement_baseline_value,em_obs_static_level,static_level_value_mm,12,12,0,12,0,0,0,0,0,0,180.0,108.0,108.0,108.0,0.0,1.0,1.0,0.0
settlement,dtu1_point5_settlement_baseline_value,em_obs_static_level,static_level_value_mm,12,12,0,12,0,0,0,0,0,0,180.0,108.0,108.0,108.0,0.0,1.0,1.0,0.0
settlement,dtu1_point6_settlement_baseline_value,em_obs_static_level,static_level_value_mm,12,12,0,12,0,0,0,0,0,0,180.0,108.0,108.0,108.0,0.0,1.0,1.0,0.0
settlement,dtu1_point7_ref_settlement_baseline_value,em_obs_static_level,static_level_value_mm,12,12,0,12,0,0,0,0,0,0,180.0,108.0,108.0,108.0,0.0,1.0,1.0,0.0
settlement,dtu2_point1_ref_settlement_baseline_value,em_obs_static_level,static_level_value_mm,12,12,0,12,0,0,0,0,0,0,180.0,48.0,48.0,48.0,0.0,1.0,1.0,0.0
settlement,dtu2_point2_settlement_baseline_value,em_obs_static_level,static_level_value_mm,12,12,0,12,0,0,0,0,0,0,180.0,48.0,48.0,48.0,0.0,1.0,1.0,0.0
settlement,dtu2_point3_settlement_baseline_value,em_obs_static_level,static_level_value_mm,12,12,0,12,0,0,0,0,0,0,180.0,48.0,48.0,48.0,0.0,1.0,1.0,0.0
settlement,dtu1_point1_settlement_delta_value,em_obs_static_level,ground_settlement,12,12,0,12,0,0,0,0,0,0,180.0,108.0,108.0,108.0,0.0,1.0,1.0,0.0
settlement,dtu1_point2_settlement_delta_value,em_obs_static_level,ground_settlement,12,12,0,12,0,0,0,0,0,0,180.0,108.0,108.0,108.0,0.0,1.0,1.0,0.0
settlement,dtu1_point3_settlement_delta_value,em_obs_static_level,ground_settlement,12,12,0,12,0,0,0,0,0,0,180.0,108.0,108.0,108.0,0.0,1.0,1.0,0.0
settlement,dtu1_point4_settlement_delta_value,em_obs_static_level,ground_settlement,12,12,0,12,0,0,0,0,0,0,180.0,108.0,108.0,108.0,0.0,1.0,1.0,0.0
settlement,dtu1_point5_settlement_delta_value,em_obs_static_level,ground_settlement,12,12,0,12,0,0,0,0,0,0,180.0,108.0,108.0,108.0,0.0,1.0,1.0,0.0
settlement,dtu1_point6_settlement_delta_value,em_obs_static_level,ground_settlement,12,12,0,12,0,0,0,0,0,0,180.0,108.0,108.0,108.0,0.0,1.0,1.0,0.0
settlement,dtu1_point7_ref_settlement_delta_value,em_obs_static_level,ground_settlement,12,12,0,12,0,0,0,0,0,0,180.0,108.0,108.0,108.0,0.0,1.0,1.0,0.0
settlement,dtu2_point1_ref_settlement_delta_value,em_obs_static_level,ground_settlement,12,12,0,12,0,0,0,0,0,0,180.0,48.0,48.0,48.0,0.0,1.0,1.0,0.0
settlement,dtu2_point2_settlement_delta_value,em_obs_static_level,ground_settlement,12,12,0,12,0,0,0,0,0,0,180.0,48.0,48.0,48.0,0.0,1.0,1.0,0.0
settlement,dtu2_point3_settlement_delta_value,em_obs_static_level,ground_settlement,12,12,0,12,0,0,0,0,0,0,180.0,48.0,48.0,48.0,0.0,1.0,1.0,0.0
settlement,dtu1_point1_settlement_aux_value,em_obs_static_level,static_level_aux_mm,12,12,0,12,0,0,0,0,0,0,180.0,108.0,108.0,108.0,0.0,1.0,1.0,0.0
settlement,dtu1_point2_settlement_aux_value,em_obs_static_level,static_level_aux_mm,12,12,0,12,0,0,0,0,0,0,180.0,108.0,108.0,108.0,0.0,1.0,1.0,0.0
settlement,dtu1_point3_settlement_aux_value,em_obs_static_level,static_level_aux_mm,12,12,0,12,0,0,0,0,0,0,180.0,108.0,108.0,108.0,0.0,1.0,1.0,0.0
settlement,dtu1_point4_settlement_aux_value,em_obs_static_level,static_level_aux_mm,12,12,0,12,0,0,0,0,0,0,180.0,108.0,108.0,108.0,0.0,1.0,1.0,0.0
settlement,dtu1_point5_settlement_aux_value,em_obs_static_level,static_level_aux_mm,12,12,0,12,0,0,0,0,0,0,180.0,108.0,108.0,108.0,0.0,1.0,1.0,0.0
settlement,dtu1_point6_settlement_aux_value,em_obs_static_level,static_level_aux_mm,12,12,0,12,0,0,0,0,0,0,180.0,108.0,108.0,108.0,0.0,1.0,1.0,0.0
settlement,dtu1_point7_ref_settlement_aux_value,em_obs_static_level,static_level_aux_mm,12,12,0,12,0,0,0,0,0,0,180.0,108.0,108.0,108.0,0.0,1.0,1.0,0.0
settlement,dtu2_point1_ref_settlement_aux_value,em_obs_static_level,static_level_aux_mm,12,12,0,12,0,0,0,0,0,0,180.0,48.0,48.0,48.0,0.0,1.0,1.0,0.0
settlement,dtu2_point2_settlement_aux_value,em_obs_static_level,static_level_aux_mm,12,12,0,12,0,0,0,0,0,0,180.0,48.0,48.0,48.0,0.0,1.0,1.0,0.0
settlement,dtu2_point3_settlement_aux_value,em_obs_static_level,static_level_aux_mm,12,12,0,12,0,0,0,0,0,0,180.0,48.0,48.0,48.0,0.0,1.0,1.0,0.0
settlement,dtu1_point1_settlement_temperature_value,em_obs_static_level,static_level_temperature_c,12,12,0,12,0,0,0,0,0,0,180.0,108.0,108.0,108.0,0.0,1.0,1.0,0.0
settlement,dtu1_point2_settlement_temperature_value,em_obs_static_level,static_level_temperature_c,12,12,0,12,0,0,0,0,0,0,180.0,108.0,108.0,108.0,0.0,1.0,1.0,0.0
settlement,dtu1_point3_settlement_temperature_value,em_obs_static_level,static_level_temperature_c,12,12,0,12,0,0,0,0,0,0,180.0,108.0,108.0,108.0,0.0,1.0,1.0,0.0
settlement,dtu1_point4_settlement_temperature_value,em_obs_static_level,static_level_temperature_c,12,12,0,12,0,0,0,0,0,0,180.0,108.0,108.0,108.0,0.0,1.0,1.0,0.0
settlement,dtu1_point5_settlement_temperature_value,em_obs_static_level,static_level_temperature_c,12,12,0,12,0,0,0,0,0,0,180.0,108.0,108.0,108.0,0.0,1.0,1.0,0.0
settlement,dtu1_point6_settlement_temperature_value,em_obs_static_level,static_level_temperature_c,12,12,0,12,0,0,0,0,0,0,180.0,108.0,108.0,108.0,0.0,1.0,1.0,0.0
settlement,dtu1_point7_ref_settlement_temperature_value,em_obs_static_level,static_level_temperature_c,12,12,0,12,0,0,0,0,0,0,180.0,108.0,108.0,108.0,0.0,1.0,1.0,0.0
settlement,dtu2_point1_ref_settlement_temperature_value,em_obs_static_level,static_level_temperature_c,12,12,0,12,0,0,0,0,0,0,180.0,48.0,48.0,48.0,0.0,1.0,1.0,0.0
settlement,dtu2_point2_settlement_temperature_value,em_obs_static_level,static_level_temperature_c,12,12,0,12,0,0,0,0,0,0,180.0,48.0,48.0,48.0,0.0,1.0,1.0,0.0
settlement,dtu2_point3_settlement_temperature_value,em_obs_static_level,static_level_temperature_c,12,12,0,12,0,0,0,0,0,0,180.0,48.0,48.0,48.0,0.0,1.0,1.0,0.0
settlement,point1_11.5water_value,em_obs_pressure_water_level,pressure_water_level_mm,12,12,6,6,0,0,0,0,0,0,181.0,0.5,1.0,1.0,0.5,0.5,0.5,0.0
settlement,point5_11.5water_value,em_obs_pressure_water_level,pressure_water_level_mm,12,12,0,12,0,0,0,0,0,0,181.0,137.0,138.0,138.0,0.0,1.0,1.0,0.0
water,point1_0.8YD_value,em_obs_displacement,displacement_tilt_y_deg,13,13,0,13,0,0,0,0,0,0,181.0,3.0,3.0,3.0,0.0,1.0,1.0,0.0
water,point1_1.8YD_value,em_obs_displacement,displacement_tilt_y_deg,13,13,0,13,0,0,0,0,0,0,181.0,3.0,3.0,3.0,0.0,1.0,1.0,0.0
water,point1_2.8YD_value,em_obs_displacement,displacement_tilt_y_deg,13,13,0,13,0,0,0,0,0,0,181.0,3.0,3.0,3.0,0.0,1.0,1.0,0.0
water,point1_3.8YD_value,em_obs_displacement,displacement_tilt_y_deg,13,13,0,13,0,0,0,0,0,0,181.0,3.0,3.0,3.0,0.0,1.0,1.0,0.0
water,point2_0.6YD_value,em_obs_displacement,displacement_tilt_y_deg,13,13,0,13,0,0,0,0,0,0,181.0,172.0,173.0,173.0,0.0,1.0,1.0,0.0
water,point2_1.6YD_value,em_obs_displacement,displacement_tilt_y_deg,13,13,0,13,0,0,0,0,0,0,181.0,172.0,173.0,173.0,0.0,1.0,1.0,0.0
water,point2_2.6YD_value,em_obs_displacement,displacement_tilt_y_deg,13,13,0,13,0,0,0,0,0,0,181.0,172.0,173.0,173.0,0.0,1.0,1.0,0.0
water,point2_3.6YD_value,em_obs_displacement,displacement_tilt_y_deg,13,13,0,13,0,0,0,0,0,0,181.0,172.0,173.0,173.0,0.0,1.0,1.0,0.0
water,point3_0.5YD_value,em_obs_displacement,displacement_tilt_y_deg,13,13,0,13,0,0,0,0,0,0,181.0,161.0,162.0,162.0,0.0,1.0,1.0,0.0
water,point3_1.5YD_value,em_obs_displacement,displacement_tilt_y_deg,13,13,0,13,0,0,0,0,0,0,181.0,161.0,162.0,162.0,0.0,1.0,1.0,0.0
water,point3_2.5YD_value,em_obs_displacement,displacement_tilt_y_deg,13,13,0,13,0,0,0,0,0,0,181.0,161.0,162.0,162.0,0.0,1.0,1.0,0.0
water,point3_3.5YD_value,em_obs_displacement,displacement_tilt_y_deg,13,13,0,13,0,0,0,0,0,0,181.0,161.0,162.0,162.0,0.0,1.0,1.0,0.0
water,point3_4.5YD_value,em_obs_displacement,displacement_tilt_y_deg,13,13,0,13,0,0,0,0,0,0,181.0,161.0,162.0,162.0,0.0,1.0,1.0,0.0
water,point3_5.5YD_value,em_obs_displacement,displacement_tilt_y_deg,13,13,0,13,0,0,0,0,0,0,181.0,161.0,162.0,162.0,0.0,1.0,1.0,0.0
water,point4_0.5YD_value,em_obs_displacement,displacement_tilt_y_deg,13,13,0,13,0,0,0,0,0,0,181.0,150.0,151.0,151.0,0.0,1.0,1.0,0.0
water,point4_1.5YD_value,em_obs_displacement,displacement_tilt_y_deg,13,13,0,13,0,0,0,0,0,0,181.0,150.0,151.0,151.0,0.0,1.0,1.0,0.0
water,point4_2.5YD_value,em_obs_displacement,displacement_tilt_y_deg,13,13,0,13,0,0,0,0,0,0,181.0,150.0,151.0,151.0,0.0,1.0,1.0,0.0
water,point4_3.5YD_value,em_obs_displacement,displacement_tilt_y_deg,13,13,0,13,0,0,0,0,0,0,181.0,150.0,151.0,151.0,0.0,1.0,1.0,0.0
water,point4_4.5YD_value,em_obs_displacement,displacement_tilt_y_deg,13,13,0,13,0,0,0,0,0,0,181.0,150.0,151.0,151.0,0.0,1.0,1.0,0.0
water,point4_5.5YD_value,em_obs_displacement,displacement_tilt_y_deg,13,13,0,13,0,0,0,0,0,0,181.0,150.0,151.0,151.0,0.0,1.0,1.0,0.0
water,point5_0.5YD_value,em_obs_displacement,displacement_tilt_y_deg,13,13,0,13,0,0,0,0,0,0,182.0,139.0,140.0,140.0,0.0,1.0,1.0,0.0
water,point5_1.5YD_value,em_obs_displacement,displacement_tilt_y_deg,13,13,0,13,0,0,0,0,0,0,182.0,139.0,140.0,140.0,0.0,1.0,1.0,0.0
water,point5_2.5YD_value,em_obs_displacement,displacement_tilt_y_deg,13,13,0,13,0,0,0,0,0,0,182.0,139.0,140.0,140.0,0.0,1.0,1.0,0.0
water,point5_3.5YD_value,em_obs_displacement,displacement_tilt_y_deg,13,13,0,13,0,0,0,0,0,0,182.0,139.0,140.0,140.0,0.0,1.0,1.0,0.0
water,point5_4.5YD_value,em_obs_displacement,displacement_tilt_y_deg,13,13,0,13,0,0,0,0,0,0,182.0,139.0,140.0,140.0,0.0,1.0,1.0,0.0
water,point5_5.5YD_value,em_obs_displacement,displacement_tilt_y_deg,13,13,0,13,0,0,0,0,0,0,182.0,139.0,140.0,140.0,0.0,1.0,1.0,0.0
water,point6_0.5YD_value,em_obs_displacement,displacement_tilt_y_deg,13,13,0,13,0,0,0,0,0,0,181.0,126.0,127.0,127.0,0.0,1.0,1.0,0.0
water,point6_1.5YD_value,em_obs_displacement,displacement_tilt_y_deg,13,13,0,13,0,0,0,0,0,0,181.0,126.0,127.0,127.0,0.0,1.0,1.0,0.0
water,point6_2.5YD_value,em_obs_displacement,displacement_tilt_y_deg,13,13,0,13,0,0,0,0,0,0,181.0,126.0,127.0,127.0,0.0,1.0,1.0,0.0
water,point6_3.5YD_value,em_obs_displacement,displacement_tilt_y_deg,13,13,0,13,0,0,0,0,0,0,181.0,126.0,127.0,127.0,0.0,1.0,1.0,0.0
water,point6_4.5YD_value,em_obs_displacement,displacement_tilt_y_deg,13,13,0,13,0,0,0,0,0,0,181.0,126.0,127.0,127.0,0.0,1.0,1.0,0.0
water,point6_5.5YD_value,em_obs_displacement,displacement_tilt_y_deg,13,13,0,13,0,0,0,0,0,0,181.0,126.0,127.0,127.0,0.0,1.0,1.0,0.0
water,line2_point1_0.6YD_value,em_obs_displacement,displacement_tilt_y_deg,13,13,0,13,0,0,0,0,0,0,192.0,25.0,26.0,26.0,0.0,1.0,1.0,0.0
water,line2_point1_1.6YD_value,em_obs_displacement,displacement_tilt_y_deg,13,13,0,13,0,0,0,0,0,0,192.0,25.0,26.0,26.0,0.0,1.0,1.0,0.0
water,line2_point1_2.6YD_value,em_obs_displacement,displacement_tilt_y_deg,13,13,0,13,0,0,0,0,0,0,192.0,25.0,26.0,26.0,0.0,1.0,1.0,0.0
water,line2_point1_3.6YD_value,em_obs_displacement,displacement_tilt_y_deg,13,13,0,13,0,0,0,0,0,0,192.0,25.0,26.0,26.0,0.0,1.0,1.0,0.0
water,line2_point2_0.5YD_value,em_obs_displacement,displacement_tilt_y_deg,13,13,0,11,2,0,0,0,0,0,193.0,14.0,191.4,192.0,0.0,0.846153846154,1.0,0.153846153846
water,line2_point2_1.5YD_value,em_obs_displacement,displacement_tilt_y_deg,13,13,0,11,2,0,0,0,0,0,193.0,14.0,191.4,192.0,0.0,0.846153846154,1.0,0.153846153846
water,line2_point2_2.5YD_value,em_obs_displacement,displacement_tilt_y_deg,13,13,0,11,2,0,0,0,0,0,193.0,14.0,191.4,192.0,0.0,0.846153846154,1.0,0.153846153846
water,line2_point2_3.5YD_value,em_obs_displacement,displacement_tilt_y_deg,13,13,0,11,2,0,0,0,0,0,193.0,14.0,191.4,192.0,0.0,0.846153846154,1.0,0.153846153846
water,line2_point2_4.5YD_value,em_obs_displacement,displacement_tilt_y_deg,13,13,0,11,2,0,0,0,0,0,193.0,14.0,191.4,192.0,0.0,0.846153846154,1.0,0.153846153846
water,line2_point2_5.5YD_value,em_obs_displacement,displacement_tilt_y_deg,13,13,0,11,2,0,0,0,0,0,193.0,14.0,191.4,192.0,0.0,0.846153846154,1.0,0.153846153846
water,point1_0.8XD_value,em_obs_displacement,displacement_tilt_x_deg,13,13,0,13,0,0,0,0,0,0,181.0,3.0,3.0,3.0,0.0,1.0,1.0,0.0
water,point1_1.8XD_value,em_obs_displacement,displacement_tilt_x_deg,13,13,0,13,0,0,0,0,0,0,181.0,3.0,3.0,3.0,0.0,1.0,1.0,0.0
water,point1_2.8XD_value,em_obs_displacement,displacement_tilt_x_deg,13,13,0,13,0,0,0,0,0,0,181.0,3.0,3.0,3.0,0.0,1.0,1.0,0.0
water,point1_3.8XD_value,em_obs_displacement,displacement_tilt_x_deg,13,13,0,13,0,0,0,0,0,0,181.0,3.0,3.0,3.0,0.0,1.0,1.0,0.0
water,point2_0.6XD_value,em_obs_displacement,displacement_tilt_x_deg,13,13,0,13,0,0,0,0,0,0,181.0,172.0,173.0,173.0,0.0,1.0,1.0,0.0
water,point2_1.6XD_value,em_obs_displacement,displacement_tilt_x_deg,13,13,0,13,0,0,0,0,0,0,181.0,172.0,173.0,173.0,0.0,1.0,1.0,0.0
water,point2_2.6XD_value,em_obs_displacement,displacement_tilt_x_deg,13,13,0,13,0,0,0,0,0,0,181.0,172.0,173.0,173.0,0.0,1.0,1.0,0.0
water,point2_3.6XD_value,em_obs_displacement,displacement_tilt_x_deg,13,13,0,13,0,0,0,0,0,0,181.0,172.0,173.0,173.0,0.0,1.0,1.0,0.0
water,point3_0.5XD_value,em_obs_displacement,displacement_tilt_x_deg,13,13,0,13,0,0,0,0,0,0,181.0,161.0,162.0,162.0,0.0,1.0,1.0,0.0
water,point3_1.5XD_value,em_obs_displacement,displacement_tilt_x_deg,13,13,0,13,0,0,0,0,0,0,181.0,161.0,162.0,162.0,0.0,1.0,1.0,0.0
water,point3_2.5XD_value,em_obs_displacement,displacement_tilt_x_deg,13,13,0,13,0,0,0,0,0,0,181.0,161.0,162.0,162.0,0.0,1.0,1.0,0.0
water,point3_3.5XD_value,em_obs_displacement,displacement_tilt_x_deg,13,13,0,13,0,0,0,0,0,0,181.0,161.0,162.0,162.0,0.0,1.0,1.0,0.0
water,point3_4.5XD_value,em_obs_displacement,displacement_tilt_x_deg,13,13,0,13,0,0,0,0,0,0,181.0,161.0,162.0,162.0,0.0,1.0,1.0,0.0
water,point3_5.5XD_value,em_obs_displacement,displacement_tilt_x_deg,13,13,0,13,0,0,0,0,0,0,181.0,161.0,162.0,162.0,0.0,1.0,1.0,0.0
water,point4_0.5XD_value,em_obs_displacement,displacement_tilt_x_deg,13,13,0,13,0,0,0,0,0,0,181.0,150.0,151.0,151.0,0.0,1.0,1.0,0.0
water,point4_1.5XD_value,em_obs_displacement,displacement_tilt_x_deg,13,13,0,13,0,0,0,0,0,0,181.0,150.0,151.0,151.0,0.0,1.0,1.0,0.0
water,point4_2.5XD_value,em_obs_displacement,displacement_tilt_x_deg,13,13,0,13,0,0,0,0,0,0,181.0,150.0,151.0,151.0,0.0,1.0,1.0,0.0
water,point4_3.5XD_value,em_obs_displacement,displacement_tilt_x_deg,13,13,0,13,0,0,0,0,0,0,181.0,150.0,151.0,151.0,0.0,1.0,1.0,0.0
water,point4_4.5XD_value,em_obs_displacement,displacement_tilt_x_deg,13,13,0,13,0,0,0,0,0,0,181.0,150.0,151.0,151.0,0.0,1.0,1.0,0.0
water,point4_5.5XD_value,em_obs_displacement,displacement_tilt_x_deg,13,13,0,13,0,0,0,0,0,0,181.0,150.0,151.0,151.0,0.0,1.0,1.0,0.0
water,point5_0.5XD_value,em_obs_displacement,displacement_tilt_x_deg,13,13,0,13,0,0,0,0,0,0,182.0,139.0,140.0,140.0,0.0,1.0,1.0,0.0
water,point5_1.5XD_value,em_obs_displacement,displacement_tilt_x_deg,13,13,0,13,0,0,0,0,0,0,182.0,139.0,140.0,140.0,0.0,1.0,1.0,0.0
water,point5_2.5XD_value,em_obs_displacement,displacement_tilt_x_deg,13,13,0,13,0,0,0,0,0,0,182.0,139.0,140.0,140.0,0.0,1.0,1.0,0.0
water,point5_3.5XD_value,em_obs_displacement,displacement_tilt_x_deg,13,13,0,13,0,0,0,0,0,0,182.0,139.0,140.0,140.0,0.0,1.0,1.0,0.0
water,point5_4.5XD_value,em_obs_displacement,displacement_tilt_x_deg,13,13,0,13,0,0,0,0,0,0,182.0,139.0,140.0,140.0,0.0,1.0,1.0,0.0
water,point5_5.5XD_value,em_obs_displacement,displacement_tilt_x_deg,13,13,0,13,0,0,0,0,0,0,182.0,139.0,140.0,140.0,0.0,1.0,1.0,0.0
water,point6_0.5XD_value,em_obs_displacement,displacement_tilt_x_deg,13,13,0,13,0,0,0,0,0,0,181.0,126.0,127.0,127.0,0.0,1.0,1.0,0.0
water,point6_1.5XD_value,em_obs_displacement,displacement_tilt_x_deg,13,13,0,13,0,0,0,0,0,0,181.0,126.0,127.0,127.0,0.0,1.0,1.0,0.0
water,point6_2.5XD_value,em_obs_displacement,displacement_tilt_x_deg,13,13,0,13,0,0,0,0,0,0,181.0,126.0,127.0,127.0,0.0,1.0,1.0,0.0
water,point6_3.5XD_value,em_obs_displacement,displacement_tilt_x_deg,13,13,0,13,0,0,0,0,0,0,181.0,126.0,127.0,127.0,0.0,1.0,1.0,0.0
water,point6_4.5XD_value,em_obs_displacement,displacement_tilt_x_deg,13,13,0,13,0,0,0,0,0,0,181.0,126.0,127.0,127.0,0.0,1.0,1.0,0.0
water,point6_5.5XD_value,em_obs_displacement,displacement_tilt_x_deg,13,13,0,13,0,0,0,0,0,0,181.0,126.0,127.0,127.0,0.0,1.0,1.0,0.0
water,line2_point1_0.6XD_value,em_obs_displacement,displacement_tilt_x_deg,13,13,0,13,0,0,0,0,0,0,192.0,25.0,26.0,26.0,0.0,1.0,1.0,0.0
water,line2_point1_1.6XD_value,em_obs_displacement,displacement_tilt_x_deg,13,13,0,13,0,0,0,0,0,0,192.0,25.0,26.0,26.0,0.0,1.0,1.0,0.0
water,line2_point1_2.6XD_value,em_obs_displacement,displacement_tilt_x_deg,13,13,0,13,0,0,0,0,0,0,192.0,25.0,26.0,26.0,0.0,1.0,1.0,0.0
water,line2_point1_3.6XD_value,em_obs_displacement,displacement_tilt_x_deg,13,13,0,13,0,0,0,0,0,0,192.0,25.0,26.0,26.0,0.0,1.0,1.0,0.0
water,line2_point2_0.5XD_value,em_obs_displacement,displacement_tilt_x_deg,13,13,0,11,2,0,0,0,0,0,193.0,14.0,191.4,192.0,0.0,0.846153846154,1.0,0.153846153846
water,line2_point2_1.5XD_value,em_obs_displacement,displacement_tilt_x_deg,13,13,0,11,2,0,0,0,0,0,193.0,14.0,191.4,192.0,0.0,0.846153846154,1.0,0.153846153846
water,line2_point2_2.5XD_value,em_obs_displacement,displacement_tilt_x_deg,13,13,0,11,2,0,0,0,0,0,193.0,14.0,191.4,192.0,0.0,0.846153846154,1.0,0.153846153846
water,line2_point2_3.5XD_value,em_obs_displacement,displacement_tilt_x_deg,13,13,0,11,2,0,0,0,0,0,193.0,14.0,191.4,192.0,0.0,0.846153846154,1.0,0.153846153846
water,line2_point2_4.5XD_value,em_obs_displacement,displacement_tilt_x_deg,13,13,0,11,2,0,0,0,0,0,193.0,14.0,191.4,192.0,0.0,0.846153846154,1.0,0.153846153846
water,line2_point2_5.5XD_value,em_obs_displacement,displacement_tilt_x_deg,13,13,0,11,2,0,0,0,0,0,193.0,14.0,191.4,192.0,0.0,0.846153846154,1.0,0.153846153846
water,point1_0.12Strain_value,em_obs_earth_pressure,earth_pressure_strain_ue,13,13,0,13,0,0,0,0,0,0,181.0,136.0,137.0,137.0,0.0,1.0,1.0,0.0
water,point1_1.12Strain_value,em_obs_earth_pressure,earth_pressure_strain_ue,13,13,0,13,0,0,0,0,0,0,181.0,136.0,137.0,137.0,0.0,1.0,1.0,0.0
water,point1_2.12Strain_value,em_obs_earth_pressure,earth_pressure_strain_ue,13,13,0,13,0,0,0,0,0,0,181.0,136.0,137.0,137.0,0.0,1.0,1.0,0.0
water,point1_3.12Strain_value,em_obs_earth_pressure,earth_pressure_strain_ue,13,13,0,13,0,0,0,0,0,0,181.0,136.0,137.0,137.0,0.0,1.0,1.0,0.0
water,point1_4.12Strain_value,em_obs_earth_pressure,earth_pressure_strain_ue,13,13,0,13,0,0,0,0,0,0,181.0,136.0,137.0,137.0,0.0,1.0,1.0,0.0
water,point1_5.12Strain_value,em_obs_earth_pressure,earth_pressure_strain_ue,13,13,0,13,0,0,0,0,0,0,181.0,136.0,137.0,137.0,0.0,1.0,1.0,0.0
water,point1_6.12Strain_value,em_obs_earth_pressure,earth_pressure_strain_ue,13,13,0,13,0,0,0,0,0,0,181.0,136.0,137.0,137.0,0.0,1.0,1.0,0.0
water,point2_0.2Strain_value,em_obs_earth_pressure,earth_pressure_strain_ue,13,13,0,13,0,0,0,0,0,0,192.0,34.0,35.0,35.0,0.0,1.0,1.0,0.0
water,point2_1.2Strain_value,em_obs_earth_pressure,earth_pressure_strain_ue,13,13,0,13,0,0,0,0,0,0,192.0,34.0,35.0,35.0,0.0,1.0,1.0,0.0
water,point2_2.2Strain_value,em_obs_earth_pressure,earth_pressure_strain_ue,13,13,0,13,0,0,0,0,0,0,192.0,34.0,35.0,35.0,0.0,1.0,1.0,0.0
water,point2_3.2Strain_value,em_obs_earth_pressure,earth_pressure_strain_ue,13,13,0,13,0,0,0,0,0,0,192.0,34.0,35.0,35.0,0.0,1.0,1.0,0.0
water,point2_4.2Strain_value,em_obs_earth_pressure,earth_pressure_strain_ue,13,13,0,13,0,0,0,0,0,0,192.0,34.0,35.0,35.0,0.0,1.0,1.0,0.0
water,point2_5.2Strain_value,em_obs_earth_pressure,earth_pressure_strain_ue,13,13,0,13,0,0,0,0,0,0,192.0,34.0,35.0,35.0,0.0,1.0,1.0,0.0
water,point2_6.2Strain_value,em_obs_earth_pressure,earth_pressure_strain_ue,13,13,0,13,0,0,0,0,0,0,192.0,34.0,35.0,35.0,0.0,1.0,1.0,0.0
water,point1_0.12Pressure_value,em_obs_earth_pressure,earth_pressure_p,13,13,0,13,0,0,0,0,0,0,181.0,136.0,137.0,137.0,0.0,1.0,1.0,0.0
water,point1_1.12Pressure_value,em_obs_earth_pressure,earth_pressure_p,13,13,0,13,0,0,0,0,0,0,181.0,136.0,137.0,137.0,0.0,1.0,1.0,0.0
water,point1_2.12Pressure_value,em_obs_earth_pressure,earth_pressure_p,13,13,0,13,0,0,0,0,0,0,181.0,136.0,137.0,137.0,0.0,1.0,1.0,0.0
water,point1_3.12Pressure_value,em_obs_earth_pressure,earth_pressure_p,13,13,0,13,0,0,0,0,0,0,181.0,136.0,137.0,137.0,0.0,1.0,1.0,0.0
water,point1_4.12Pressure_value,em_obs_earth_pressure,earth_pressure_p,13,13,0,13,0,0,0,0,0,0,181.0,136.0,137.0,137.0,0.0,1.0,1.0,0.0
water,point1_5.12Pressure_value,em_obs_earth_pressure,earth_pressure_p,13,13,0,13,0,0,0,0,0,0,181.0,136.0,137.0,137.0,0.0,1.0,1.0,0.0
water,point1_6.12Pressure_value,em_obs_earth_pressure,earth_pressure_p,13,13,0,13,0,0,0,0,0,0,181.0,136.0,137.0,137.0,0.0,1.0,1.0,0.0
water,point2_0.2Pressure_value,em_obs_earth_pressure,earth_pressure_p,13,13,0,13,0,0,0,0,0,0,192.0,34.0,35.0,35.0,0.0,1.0,1.0,0.0
water,point2_1.2Pressure_value,em_obs_earth_pressure,earth_pressure_p,13,13,0,13,0,0,0,0,0,0,192.0,34.0,35.0,35.0,0.0,1.0,1.0,0.0
water,point2_2.2Pressure_value,em_obs_earth_pressure,earth_pressure_p,13,13,0,13,0,0,0,0,0,0,192.0,34.0,35.0,35.0,0.0,1.0,1.0,0.0
water,point2_3.2Pressure_value,em_obs_earth_pressure,earth_pressure_p,13,13,0,13,0,0,0,0,0,0,192.0,34.0,35.0,35.0,0.0,1.0,1.0,0.0
water,point2_4.2Pressure_value,em_obs_earth_pressure,earth_pressure_p,13,13,0,13,0,0,0,0,0,0,192.0,34.0,35.0,35.0,0.0,1.0,1.0,0.0
water,point2_5.2Pressure_value,em_obs_earth_pressure,earth_pressure_p,13,13,0,13,0,0,0,0,0,0,192.0,34.0,35.0,35.0,0.0,1.0,1.0,0.0
water,point2_6.2Pressure_value,em_obs_earth_pressure,earth_pressure_p,13,13,0,13,0,0,0,0,0,0,192.0,34.0,35.0,35.0,0.0,1.0,1.0,0.0
water,point1_11.5water_value,em_obs_pressure_water_level,pressure_water_level_mm,13,13,6,7,0,0,0,0,0,0,181.0,1.0,1.0,1.0,0.461538461538,0.538461538462,0.538461538462,0.0
water,point5_11.5water_value,em_obs_pressure_water_level,pressure_water_level_mm,13,13,0,13,0,0,0,0,0,0,181.0,137.0,138.0,138.0,0.0,1.0,1.0,0.0
