scenario,elapsedSeconds,rssBytes,vmsBytes,cpuUserSeconds,cpuSystemSeconds,threadCount,error
fresh-s2/D01-gate-first,0.001,562225152,2200391680,8.5,0.65625,58,
fresh-s2/D01-gate-first,1.016,544190464,2179571712,8.890625,0.65625,58,
fresh-s2/D01-gate-first,2.03,544190464,2179571712,8.890625,0.65625,58,
fresh-s2/D01-gate-first,3.045,441745408,2081718272,8.890625,0.671875,58,
fresh-s2/D01-gate-first,4.058,441745408,2081718272,8.890625,0.671875,58,
fresh-s2/D01-gate-first,5.076,441745408,2081718272,8.890625,0.671875,58,
fresh-s2/D01-gate-first,7.445,441860096,2081873920,8.890625,0.671875,58,
fresh-s2/D01-gate-first,8.453,441860096,2082160640,8.890625,0.671875,58,
fresh-s2/D01-gate-first,9.471,441860096,2082160640,8.890625,0.671875,58,
fresh-s2/D01-gate-first,10.483,441860096,2082160640,8.890625,0.671875,58,
fresh-s2/D01-gate-first,11.503,441860096,2082160640,8.890625,0.671875,58,
fresh-s2/D01-gate-first,12.517,441860096,2082160640,8.890625,0.671875,58,
fresh-s2/D01-gate-first,13.538,441860096,2082160640,8.890625,0.671875,58,
fresh-s2/D01-gate-first,14.556,441860096,2082160640,8.890625,0.671875,58,
fresh-s2/D01-gate-first,15.571,441860096,2082160640,8.890625,0.671875,58,
fresh-s2/D01-gate-first,17.495,441909248,2082189312,8.890625,0.671875,58,
fresh-s2/D01-gate-first,18.507,441913344,2083000320,8.890625,0.671875,58,
fresh-s2/D01-gate-first,19.517,441913344,2083000320,8.890625,0.671875,58,
fresh-s2/D01-gate-first,20.531,441913344,2083000320,8.890625,0.671875,58,
fresh-s2/D01-gate-first,21.539,441913344,2083000320,8.890625,0.671875,58,
fresh-s2/D01-gate-first,22.56,441913344,2083000320,8.890625,0.671875,58,
fresh-s2/D01-gate-first,23.582,441946112,2083995648,8.890625,0.671875,60,
fresh-s2/D01-gate-first,24.6,441946112,2083995648,8.890625,0.671875,60,
fresh-s2/D01-gate-first,25.621,441946112,2083995648,8.890625,0.671875,60,
fresh-s2/D01-gate-first,26.642,441946112,2083995648,8.890625,0.671875,60,
fresh-s2/D01-gate-first,27.651,441946112,2083995648,8.890625,0.671875,60,
fresh-s2/D01-gate-first,28.665,441946112,2083995648,8.890625,0.671875,60,
fresh-s2/D01-gate-first,29.684,441946112,2083995648,8.890625,0.671875,60,
fresh-s2/D01-gate-first,30.698,441946112,2083995648,8.890625,0.671875,60,
fresh-s2/D01-gate-first,32.545,441991168,2084040704,8.890625,0.671875,60,
fresh-s2/D01-gate-first,33.556,441991168,2084487168,8.890625,0.6875,60,
fresh-s2/D01-gate-first,34.571,442011648,2084487168,8.890625,0.6875,60,
fresh-s2/D01-gate-first,35.586,442015744,2084487168,8.890625,0.6875,60,
fresh-s2/D01-gate-first,36.601,442015744,2084679680,8.890625,0.6875,60,
fresh-s2/D01-gate-first,37.614,442019840,2084679680,8.890625,0.6875,60,
fresh-s2/D01-gate-first,38.632,442019840,2084679680,8.890625,0.6875,60,
fresh-s2/D01-gate-first,39.644,442019840,2084679680,8.890625,0.6875,60,
fresh-s2/D01-gate-first,40.666,442023936,2084679680,8.890625,0.6875,60,
fresh-s2/D01-gate-first,41.686,442023936,2084679680,8.890625,0.6875,60,
fresh-s2/D01-gate-first,42.703,442023936,2084679680,8.890625,0.6875,60,
fresh-s2/D01-gate-first,43.712,442019840,2084679680,8.890625,0.6875,60,
fresh-s2/D01-gate-first,44.725,442023936,2084679680,8.890625,0.6875,60,
fresh-s2/D01-gate-first,45.741,442023936,2084679680,8.890625,0.6875,60,
fresh-s2/D01-gate-first,46.755,442023936,2084679680,8.890625,0.6875,60,
fresh-s2/D01-gate-first,47.767,442023936,2084679680,8.890625,0.6875,60,
fresh-s2/D01-gate-first,48.778,442023936,2084679680,8.890625,0.6875,60,
fresh-s2/D01-gate-first,49.793,442023936,2084679680,8.890625,0.6875,60,
fresh-s2/D01-gate-first,50.807,442023936,2084679680,8.890625,0.6875,60,
fresh-s2/D01-gate-first,51.822,442023936,2084679680,8.890625,0.6875,60,
fresh-s2/D01-gate-first,52.842,442105856,2084761600,8.890625,0.6875,57,
fresh-s2/D01-gate-first,53.855,442109952,2085953536,8.890625,0.6875,57,
fresh-s2/D01-gate-first,54.874,442109952,2085953536,8.890625,0.6875,57,
fresh-s2/D01-gate-first,55.895,442109952,2085953536,8.890625,0.6875,57,
fresh-s2/D01-gate-first,56.904,442122240,2085953536,8.890625,0.6875,57,
fresh-s2/D01-gate-first,57.923,442122240,2085953536,8.890625,0.6875,57,
fresh-s2/D01-gate-first,58.941,442150912,2085953536,8.890625,0.6875,57,
fresh-s2/D01-gate-first,59.963,442155008,2085953536,8.890625,0.6875,57,
fresh-s2/D01-gate-first,60.983,442155008,2085953536,8.890625,0.6875,57,
fresh-s2/D01-gate-first,63.177,442155008,2085953536,8.890625,0.6875,57,
fresh-s2/D01-gate-first,64.197,442155008,2085953536,8.890625,0.6875,57,
fresh-s2/D01-gate-first,65.215,442155008,2085953536,8.890625,0.6875,57,
fresh-s2/D01-gate-first,66.23,442155008,2085953536,8.890625,0.6875,57,
fresh-s2/D01-gate-first,67.25,442155008,2085953536,8.890625,0.6875,57,
fresh-s2/D01-gate-first,68.279,442155008,2085953536,8.890625,0.6875,57,
fresh-s2/D01-gate-first,69.3,442155008,2085953536,8.890625,0.6875,57,
fresh-s2/D01-gate-first,70.318,442155008,2085953536,8.890625,0.6875,57,
fresh-s2/D01-gate-first,71.339,442155008,2085953536,8.890625,0.6875,57,
fresh-s2/D01-gate-first,72.357,442155008,2085953536,8.890625,0.6875,57,
fresh-s2/D01-gate-first,73.377,442155008,2085953536,8.890625,0.6875,57,
fresh-s2/D01-gate-first,74.39,442155008,2085953536,8.890625,0.6875,57,
fresh-s2/D01-gate-first,75.414,442155008,2085953536,8.890625,0.6875,57,
fresh-s2/D01-gate-first,76.437,442155008,2085953536,8.890625,0.6875,57,
fresh-s2/D01-gate-first,77.448,442155008,2085953536,8.890625,0.6875,57,
fresh-s2/D01-gate-first,78.464,442155008,2085953536,8.890625,0.6875,57,
fresh-s2/D01-gate-first,79.48,442163200,2085982208,8.890625,0.6875,57,
fresh-s2/D01-gate-first,80.499,442163200,2085982208,8.890625,0.6875,57,
fresh-s2/D01-gate-first,81.51,442163200,2085982208,8.890625,0.6875,57,
fresh-s2/D01-gate-first,82.527,442163200,2085982208,8.890625,0.6875,57,
fresh-s2/D01-gate-first,83.542,442441728,2086240256,8.890625,0.6875,57,
fresh-s2/D01-gate-first,84.556,442458112,2086248448,8.890625,0.6875,57,
fresh-s2/D01-gate-first,85.578,442458112,2086248448,8.890625,0.6875,57,
fresh-s2/D01-gate-first,86.606,442458112,2086248448,8.890625,0.6875,57,
fresh-s2/D01-gate-first,87.622,442458112,2086248448,8.890625,0.6875,57,
fresh-s2/D01-gate-first,88.652,442458112,2086248448,8.890625,0.6875,57,
fresh-s2/D01-gate-first,89.665,442458112,2086248448,8.890625,0.6875,57,
fresh-s2/D01-gate-first,90.676,442458112,2086248448,8.890625,0.6875,57,
fresh-s2/D01-gate-first,91.686,442458112,2086248448,8.890625,0.6875,57,
fresh-s2/D01-gate-first,92.702,442458112,2086248448,8.890625,0.6875,57,
fresh-s2/D01-gate-first,93.715,442458112,2086248448,8.890625,0.6875,57,
fresh-s2/D01-gate-first,94.731,442458112,2086248448,8.890625,0.6875,57,
fresh-s2/D01-gate-first,95.754,442454016,2086248448,8.90625,0.6875,57,
fresh-s2/D01-gate-first,96.762,442458112,2086248448,8.90625,0.6875,57,
fresh-s2/D01-gate-first,97.775,442458112,2086248448,8.90625,0.6875,57,
fresh-s2/D01-gate-first,98.789,442458112,2086248448,8.90625,0.6875,57,
fresh-s2/D01-gate-first,99.804,442458112,2086248448,8.90625,0.6875,57,
fresh-s2/D01-gate-first,100.818,442458112,2086248448,8.90625,0.6875,57,
fresh-s2/D01-gate-first,101.831,442458112,2086248448,8.90625,0.6875,57,
fresh-s2/D01-gate-first,102.846,442462208,2086248448,8.90625,0.6875,57,
fresh-s2/D01-gate-first,103.859,442462208,2086248448,8.90625,0.6875,57,
fresh-s2/D01-gate-first,104.871,442462208,2086248448,8.90625,0.6875,57,
fresh-s2/D01-gate-first,105.885,442462208,2086248448,8.90625,0.6875,57,
fresh-s2/D01-gate-first,106.905,442462208,2086248448,8.90625,0.6875,57,
fresh-s2/D01-gate-first,107.934,442462208,2086248448,8.90625,0.6875,57,
fresh-s2/D01-gate-first,108.948,442462208,2086248448,8.90625,0.6875,57,
fresh-s2/D01-gate-first,109.963,442462208,2086248448,8.90625,0.6875,57,
fresh-s2/D01-gate-first,110.976,442462208,2086248448,8.90625,0.6875,57,
fresh-s2/D01-gate-first,111.988,442462208,2086248448,8.90625,0.6875,57,
fresh-s2/D01-gate-first,113.0,442466304,2086248448,8.90625,0.6875,57,
fresh-s2/D01-gate-first,114.016,442466304,2086248448,8.90625,0.6875,57,
fresh-s2/D01-gate-first,115.043,442466304,2086248448,8.90625,0.6875,57,
fresh-s2/D01-gate-first,116.056,442466304,2086248448,8.90625,0.6875,57,
fresh-s2/D01-gate-first,117.077,442466304,2086248448,8.90625,0.6875,57,
fresh-s2/D01-gate-first,118.103,442466304,2086248448,8.90625,0.6875,57,
fresh-s2/D01-gate-first,119.118,442466304,2086248448,8.90625,0.6875,57,
fresh-s2/D01-gate-first,120.146,442466304,2086248448,8.90625,0.6875,57,
fresh-s2/D01-gate-first,122.377,442470400,2086248448,8.90625,0.6875,57,
fresh-s2/D01-gate-first,123.4,442470400,2086248448,8.90625,0.6875,57,
fresh-s2/D01-gate-first,124.422,442470400,2086248448,8.90625,0.6875,57,
fresh-s2/D01-gate-first,125.444,442470400,2086248448,8.90625,0.6875,57,
fresh-s2/D01-gate-first,126.461,442449920,2086187008,8.90625,0.6875,55,
fresh-s2/D01-gate-first,127.477,442449920,2086187008,8.90625,0.6875,55,
fresh-s2/D01-gate-first,128.491,442449920,2086187008,8.90625,0.6875,55,
fresh-s2/D01-gate-first,129.504,442454016,2086187008,8.90625,0.6875,55,
fresh-s2/D01-gate-first,130.526,442454016,2086187008,8.90625,0.6875,55,
fresh-s2/D01-gate-first,131.55,442454016,2086187008,8.90625,0.6875,55,
fresh-s2/D01-gate-first,132.567,442454016,2086187008,8.90625,0.6875,55,
fresh-s2/D01-gate-first,133.587,442454016,2086187008,8.90625,0.6875,55,
fresh-s2/D01-gate-first,134.597,442454016,2086187008,8.90625,0.6875,55,
fresh-s2/D01-gate-first,135.611,442454016,2086187008,8.90625,0.6875,55,
fresh-s2/D01-gate-first,136.624,442458112,2086187008,8.90625,0.6875,55,
fresh-s2/D01-gate-first,137.637,442458112,2086187008,8.90625,0.6875,55,
fresh-s2/D01-gate-first,138.647,442462208,2086187008,8.90625,0.6875,55,
fresh-s2/D01-gate-first,139.662,442462208,2086187008,8.90625,0.6875,55,
fresh-s2/D01-gate-first,140.674,442462208,2086187008,8.90625,0.6875,55,
fresh-s2/D01-gate-first,141.684,442462208,2086187008,8.90625,0.6875,55,
fresh-s2/D01-gate-first,142.693,442462208,2086187008,8.90625,0.6875,55,
fresh-s2/D01-gate-first,143.709,442462208,2086187008,8.90625,0.6875,55,
fresh-s2/D01-gate-first,144.72,442462208,2086187008,8.90625,0.6875,55,
fresh-s2/D01-gate-first,145.734,442462208,2086187008,8.90625,0.6875,55,
fresh-s2/D01-gate-first,146.746,442462208,2086187008,8.90625,0.6875,55,
fresh-s2/D01-gate-first,147.764,442458112,2086187008,8.90625,0.6875,55,
fresh-s2/D01-gate-first,148.789,442462208,2086187008,8.90625,0.6875,55,
fresh-s2/D01-gate-first,149.798,442462208,2086187008,8.90625,0.6875,55,
fresh-s2/D01-gate-first,150.811,442462208,2086187008,8.90625,0.6875,55,
fresh-s2/D01-gate-first,151.827,442462208,2086187008,8.90625,0.6875,55,
fresh-s2/D01-gate-first,152.84,442462208,2086187008,8.90625,0.6875,55,
fresh-s2/D01-gate-first,153.855,442462208,2086187008,8.90625,0.6875,55,
fresh-s2/D01-gate-first,154.866,442462208,2086187008,8.90625,0.6875,55,
fresh-s2/D01-gate-first,155.877,442462208,2086187008,8.90625,0.6875,55,
fresh-s2/D01-gate-first,156.889,442462208,2086187008,8.90625,0.6875,55,
fresh-s2/D01-gate-first,157.899,442462208,2086187008,8.90625,0.6875,55,
fresh-s2/D01-gate-first,158.909,442462208,2086187008,8.90625,0.6875,55,
fresh-s2/D01-gate-first,159.921,442462208,2086187008,8.90625,0.6875,55,
fresh-s2/D01-gate-first,160.936,442478592,2086207488,8.90625,0.6875,55,
fresh-s2/D01-gate-first,161.964,442478592,2086207488,8.90625,0.6875,55,
fresh-s2/D01-gate-first,162.976,442478592,2086207488,8.90625,0.6875,55,
fresh-s2/D01-gate-first,163.988,442478592,2086207488,8.90625,0.6875,55,
fresh-s2/D01-gate-first,164.995,442478592,2086207488,8.90625,0.6875,55,
fresh-s2/D01-gate-first,166.008,442478592,2086207488,8.90625,0.6875,55,
fresh-s2/D01-gate-first,167.021,442474496,2086207488,8.921875,0.6875,55,
fresh-s2/D01-gate-first,168.031,442478592,2086207488,8.921875,0.6875,55,
fresh-s2/D01-gate-first,169.044,442478592,2086207488,8.921875,0.6875,55,
fresh-s2/D01-gate-first,170.054,442478592,2086207488,8.921875,0.6875,55,
fresh-s2/D01-gate-first,171.063,442478592,2086207488,8.921875,0.6875,55,
fresh-s2/D01-gate-first,172.078,442478592,2086207488,8.921875,0.6875,55,
fresh-s2/D01-gate-first,173.091,442486784,2086207488,8.921875,0.6875,55,
fresh-s2/D01-gate-first,174.101,442486784,2086207488,8.921875,0.6875,55,
fresh-s2/D01-gate-first,175.112,442486784,2086207488,8.921875,0.6875,55,
fresh-s2/D01-gate-first,176.124,442839040,2086776832,8.921875,0.6875,55,
fresh-s2/D01-gate-first,177.139,442851328,2086776832,8.921875,0.6875,55,
fresh-s2/D01-gate-first,178.147,442847232,2086776832,8.921875,0.6875,55,
fresh-s2/D01-gate-first,179.162,442851328,2086776832,8.921875,0.6875,55,
fresh-s2/D02-one-full-series-then-gate,0.001,623357952,2254630912,8.21875,1.09375,58,
fresh-s2/D02-one-full-series-then-gate,1.018,627666944,2258751488,8.25,1.09375,58,
fresh-s2/D02-one-full-series-then-gate,2.036,627679232,2258755584,8.25,1.09375,58,
fresh-s2/D02-one-full-series-then-gate,3.059,602050560,2238304256,8.25,1.09375,58,
fresh-s2/D02-one-full-series-then-gate,4.076,602050560,2238304256,8.25,1.09375,58,
fresh-s2/D02-one-full-series-then-gate,5.096,602054656,2238308352,8.25,1.09375,58,
fresh-s2/D02-one-full-series-then-gate,7.129,602144768,2238365696,8.25,1.09375,58,
fresh-s2/D02-one-full-series-then-gate,8.141,602144768,2238623744,8.25,1.09375,58,
fresh-s2/D02-one-full-series-then-gate,9.156,602144768,2238623744,8.25,1.09375,58,
fresh-s2/D02-one-full-series-then-gate,10.172,602144768,2238623744,8.25,1.09375,58,
fresh-s2/D02-one-full-series-then-gate,11.188,602144768,2238623744,8.25,1.09375,58,
fresh-s2/D02-one-full-series-then-gate,12.198,602144768,2238623744,8.25,1.09375,58,
fresh-s2/D02-one-full-series-then-gate,13.207,602144768,2238623744,8.25,1.09375,58,
fresh-s2/D02-one-full-series-then-gate,14.218,602144768,2238623744,8.25,1.09375,58,
fresh-s2/D02-one-full-series-then-gate,15.235,602144768,2238623744,8.25,1.09375,58,
fresh-s2/D02-one-full-series-then-gate,17.48,602144768,2238623744,8.296875,1.09375,58,
fresh-s2/D02-one-full-series-then-gate,18.493,602144768,2238623744,8.296875,1.09375,58,
fresh-s2/D02-one-full-series-then-gate,19.514,602181632,2239660032,8.296875,1.09375,60,
fresh-s2/D02-one-full-series-then-gate,20.529,602181632,2239660032,8.296875,1.09375,60,
fresh-s2/D02-one-full-series-then-gate,21.553,602181632,2239660032,8.296875,1.09375,60,
fresh-s2/D02-one-full-series-then-gate,22.574,602181632,2239660032,8.296875,1.09375,60,
fresh-s2/D02-one-full-series-then-gate,23.589,602181632,2239660032,8.296875,1.09375,60,
fresh-s2/D02-one-full-series-then-gate,24.608,602181632,2239660032,8.296875,1.09375,60,
fresh-s2/D02-one-full-series-then-gate,25.619,602181632,2239660032,8.296875,1.09375,60,
fresh-s2/D02-one-full-series-then-gate,26.628,602181632,2239660032,8.296875,1.09375,60,
fresh-s2/D02-one-full-series-then-gate,27.644,602181632,2239660032,8.296875,1.09375,60,
fresh-s2/D02-one-full-series-then-gate,28.658,602181632,2239660032,8.296875,1.09375,60,
fresh-s2/D02-one-full-series-then-gate,29.672,602181632,2239660032,8.296875,1.09375,60,
fresh-s2/D02-one-full-series-then-gate,30.684,602181632,2239660032,8.296875,1.09375,60,
fresh-s2/D02-one-full-series-then-gate,32.629,602214400,2239688704,8.3125,1.09375,60,
fresh-s2/D02-one-full-series-then-gate,33.644,602214400,2239688704,8.3125,1.09375,60,
fresh-s2/D02-one-full-series-then-gate,34.669,602214400,2239688704,8.3125,1.09375,60,
fresh-s2/D02-one-full-series-then-gate,35.682,602214400,2239688704,8.3125,1.09375,60,
fresh-s2/D02-one-full-series-then-gate,36.693,602214400,2239688704,8.3125,1.09375,60,
fresh-s2/D02-one-full-series-then-gate,37.711,602214400,2239688704,8.3125,1.09375,60,
fresh-s2/D02-one-full-series-then-gate,38.723,602210304,2239688704,8.3125,1.09375,60,
fresh-s2/D02-one-full-series-then-gate,39.74,602214400,2239688704,8.3125,1.09375,60,
fresh-s2/D02-one-full-series-then-gate,40.753,602214400,2239688704,8.3125,1.09375,60,
fresh-s2/D02-one-full-series-then-gate,41.77,602214400,2239688704,8.3125,1.09375,60,
fresh-s2/D02-one-full-series-then-gate,42.783,602214400,2239688704,8.3125,1.09375,60,
fresh-s2/D02-one-full-series-then-gate,43.796,602214400,2239688704,8.3125,1.09375,60,
fresh-s2/D02-one-full-series-then-gate,44.813,602214400,2239688704,8.3125,1.09375,60,
fresh-s2/D02-one-full-series-then-gate,45.83,602214400,2239688704,8.3125,1.09375,60,
fresh-s2/D02-one-full-series-then-gate,46.844,602214400,2239688704,8.3125,1.09375,60,
fresh-s2/D02-one-full-series-then-gate,47.855,602226688,2239705088,8.3125,1.09375,57,
fresh-s2/D02-one-full-series-then-gate,48.866,602230784,2239705088,8.3125,1.09375,57,
fresh-s2/D02-one-full-series-then-gate,49.877,602230784,2239705088,8.3125,1.09375,57,
fresh-s2/D02-one-full-series-then-gate,50.894,602230784,2239705088,8.3125,1.09375,57,
fresh-s2/D02-one-full-series-then-gate,51.914,602230784,2239705088,8.3125,1.09375,57,
fresh-s2/D02-one-full-series-then-gate,52.927,602230784,2239705088,8.3125,1.09375,57,
fresh-s2/D02-one-full-series-then-gate,53.944,602292224,2239762432,8.3125,1.09375,57,
fresh-s2/D02-one-full-series-then-gate,54.965,602312704,2239762432,8.3125,1.09375,57,
fresh-s2/D02-one-full-series-then-gate,55.979,602316800,2239762432,8.3125,1.09375,57,
fresh-s2/D02-one-full-series-then-gate,56.991,602316800,2239762432,8.3125,1.09375,57,
fresh-s2/D02-one-full-series-then-gate,58.012,602316800,2239762432,8.3125,1.09375,57,
fresh-s2/D02-one-full-series-then-gate,59.031,602316800,2239762432,8.3125,1.09375,57,
fresh-s2/D02-one-full-series-then-gate,60.055,602312704,2239762432,8.3125,1.09375,57,
fresh-s2/D02-one-full-series-then-gate,62.206,602316800,2239762432,8.3125,1.09375,57,
fresh-s2/D02-one-full-series-then-gate,63.219,602316800,2239762432,8.3125,1.09375,57,
fresh-s2/D02-one-full-series-then-gate,64.242,602316800,2239762432,8.3125,1.09375,57,
fresh-s2/D02-one-full-series-then-gate,65.257,602316800,2239762432,8.3125,1.09375,57,
fresh-s2/D02-one-full-series-then-gate,66.271,602316800,2239762432,8.3125,1.09375,57,
fresh-s2/D02-one-full-series-then-gate,67.284,602316800,2239762432,8.3125,1.09375,57,
fresh-s2/D02-one-full-series-then-gate,68.301,602316800,2240114688,8.3125,1.09375,57,
fresh-s2/D02-one-full-series-then-gate,69.322,602316800,2240114688,8.3125,1.09375,57,
fresh-s2/D02-one-full-series-then-gate,70.345,602316800,2240114688,8.328125,1.09375,57,
fresh-s2/D02-one-full-series-then-gate,71.356,602316800,2240114688,8.328125,1.09375,57,
fresh-s2/D02-one-full-series-then-gate,72.367,602316800,2240114688,8.328125,1.109375,57,
fresh-s2/D02-one-full-series-then-gate,73.391,602316800,2240114688,8.328125,1.109375,57,
fresh-s2/D02-one-full-series-then-gate,74.419,602316800,2240114688,8.328125,1.109375,57,
fresh-s2/D02-one-full-series-then-gate,75.432,602374144,2240172032,8.328125,1.109375,57,
fresh-s2/D02-one-full-series-then-gate,76.443,602411008,2240196608,8.328125,1.109375,57,
fresh-s2/D02-one-full-series-then-gate,77.457,602681344,2240454656,8.328125,1.109375,57,
fresh-s2/D02-one-full-series-then-gate,78.47,602681344,2240454656,8.328125,1.109375,57,
fresh-s2/D02-one-full-series-then-gate,79.485,602681344,2240454656,8.328125,1.109375,57,
fresh-s2/D02-one-full-series-then-gate,80.493,602693632,2240458752,8.328125,1.109375,57,
fresh-s2/D02-one-full-series-then-gate,81.508,602693632,2240458752,8.328125,1.109375,57,
fresh-s2/D02-one-full-series-then-gate,82.521,602693632,2240458752,8.328125,1.109375,57,
fresh-s2/D02-one-full-series-then-gate,83.537,602693632,2240458752,8.328125,1.109375,57,
fresh-s2/D02-one-full-series-then-gate,84.552,602693632,2240458752,8.328125,1.109375,57,
fresh-s2/D02-one-full-series-then-gate,85.56,602693632,2240458752,8.328125,1.109375,57,
fresh-s2/D02-one-full-series-then-gate,86.583,602693632,2240458752,8.328125,1.109375,57,
fresh-s2/D02-one-full-series-then-gate,87.592,602693632,2240458752,8.328125,1.109375,57,
fresh-s2/D02-one-full-series-then-gate,88.599,602693632,2240458752,8.328125,1.109375,57,
fresh-s2/D02-one-full-series-then-gate,89.609,602693632,2240458752,8.328125,1.109375,57,
fresh-s2/D02-one-full-series-then-gate,90.621,602693632,2240458752,8.328125,1.109375,57,
fresh-s2/D02-one-full-series-then-gate,91.63,602693632,2240458752,8.328125,1.109375,57,
fresh-s2/D02-one-full-series-then-gate,92.652,602693632,2240458752,8.328125,1.109375,57,
fresh-s2/D02-one-full-series-then-gate,93.665,602693632,2240458752,8.328125,1.109375,57,
fresh-s2/D02-one-full-series-then-gate,94.677,602693632,2240487424,8.328125,1.109375,57,
fresh-s2/D02-one-full-series-then-gate,95.691,602693632,2240487424,8.328125,1.109375,57,
fresh-s2/D02-one-full-series-then-gate,96.706,602693632,2240487424,8.328125,1.109375,57,
fresh-s2/D02-one-full-series-then-gate,97.717,602693632,2240487424,8.328125,1.109375,57,
fresh-s2/D02-one-full-series-then-gate,98.727,602693632,2240487424,8.328125,1.109375,57,
fresh-s2/D02-one-full-series-then-gate,99.75,602693632,2240487424,8.328125,1.109375,57,
fresh-s2/D02-one-full-series-then-gate,100.792,602693632,2240487424,8.328125,1.109375,57,
fresh-s2/D02-one-full-series-then-gate,101.817,602693632,2240487424,8.328125,1.109375,57,
fresh-s2/D02-one-full-series-then-gate,102.845,602693632,2240516096,8.328125,1.109375,57,
fresh-s2/D02-one-full-series-then-gate,103.874,602693632,2240516096,8.328125,1.109375,57,
fresh-s2/D02-one-full-series-then-gate,104.897,602693632,2240516096,8.328125,1.109375,57,
fresh-s2/D02-one-full-series-then-gate,105.911,602693632,2240516096,8.328125,1.109375,57,
fresh-s2/D02-one-full-series-then-gate,106.923,602693632,2240516096,8.328125,1.109375,57,
fresh-s2/D02-one-full-series-then-gate,107.945,602697728,2241232896,8.328125,1.109375,57,
fresh-s2/D02-one-full-series-then-gate,108.957,602697728,2241232896,8.328125,1.109375,57,
fresh-s2/D02-one-full-series-then-gate,109.97,602697728,2241232896,8.328125,1.109375,57,
fresh-s2/D02-one-full-series-then-gate,110.994,602697728,2241232896,8.328125,1.109375,57,
fresh-s2/D02-one-full-series-then-gate,112.011,602697728,2241773568,8.328125,1.109375,57,
fresh-s2/D02-one-full-series-then-gate,113.023,602697728,2241773568,8.328125,1.109375,57,
fresh-s2/D02-one-full-series-then-gate,114.033,602697728,2241773568,8.328125,1.109375,57,
fresh-s2/D02-one-full-series-then-gate,115.059,602697728,2241773568,8.328125,1.109375,57,
fresh-s2/D02-one-full-series-then-gate,116.08,602697728,2241773568,8.328125,1.109375,57,
fresh-s2/D02-one-full-series-then-gate,117.105,602697728,2241773568,8.328125,1.109375,57,
fresh-s2/D02-one-full-series-then-gate,118.117,602697728,2241802240,8.328125,1.109375,57,
fresh-s2/D02-one-full-series-then-gate,119.127,602697728,2241802240,8.328125,1.109375,57,
fresh-s2/D02-one-full-series-then-gate,120.141,602705920,2242158592,8.328125,1.109375,57,
fresh-s2/D02-one-full-series-then-gate,122.404,602791936,2242207744,8.375,1.109375,55,
fresh-s2/D02-one-full-series-then-gate,123.414,602791936,2242207744,8.375,1.109375,55,
fresh-s2/D02-one-full-series-then-gate,124.425,602796032,2242207744,8.375,1.109375,55,
fresh-s2/D02-one-full-series-then-gate,125.441,602796032,2242207744,8.375,1.109375,55,
fresh-s2/D02-one-full-series-then-gate,126.45,602796032,2242207744,8.375,1.109375,55,
fresh-s2/D02-one-full-series-then-gate,127.46,602796032,2242207744,8.375,1.109375,55,
fresh-s2/D02-one-full-series-then-gate,128.482,602796032,2242207744,8.375,1.109375,55,
fresh-s2/D02-one-full-series-then-gate,129.504,602796032,2242207744,8.375,1.109375,55,
fresh-s2/D02-one-full-series-then-gate,130.519,602800128,2242207744,8.375,1.109375,55,
fresh-s2/D02-one-full-series-then-gate,131.533,602800128,2242207744,8.375,1.109375,55,
fresh-s2/D02-one-full-series-then-gate,132.543,602796032,2242207744,8.375,1.109375,55,
fresh-s2/D02-one-full-series-then-gate,133.563,602800128,2242207744,8.375,1.109375,55,
fresh-s2/D02-one-full-series-then-gate,134.58,602800128,2242207744,8.375,1.109375,55,
fresh-s2/D02-one-full-series-then-gate,135.596,602800128,2242207744,8.375,1.109375,55,
fresh-s2/D02-one-full-series-then-gate,136.621,602800128,2242207744,8.375,1.109375,55,
fresh-s2/D02-one-full-series-then-gate,137.645,602800128,2242207744,8.375,1.109375,55,
fresh-s2/D02-one-full-series-then-gate,138.655,602800128,2242207744,8.375,1.109375,55,
fresh-s2/D02-one-full-series-then-gate,139.679,602800128,2242207744,8.375,1.109375,55,
fresh-s2/D02-one-full-series-then-gate,140.703,602800128,2242207744,8.375,1.109375,55,
fresh-s2/D02-one-full-series-then-gate,141.717,602800128,2242207744,8.375,1.109375,55,
fresh-s2/D02-one-full-series-then-gate,142.73,602800128,2242207744,8.375,1.109375,55,
fresh-s2/D02-one-full-series-then-gate,143.748,602800128,2242207744,8.375,1.109375,55,
fresh-s2/D02-one-full-series-then-gate,144.762,602800128,2242207744,8.375,1.109375,55,
fresh-s2/D02-one-full-series-then-gate,145.772,602800128,2242207744,8.375,1.109375,55,
fresh-s2/D02-one-full-series-then-gate,146.792,602800128,2242207744,8.375,1.109375,55,
fresh-s2/D02-one-full-series-then-gate,147.813,602800128,2242207744,8.375,1.109375,55,
fresh-s2/D02-one-full-series-then-gate,148.825,602800128,2242207744,8.375,1.109375,55,
fresh-s2/D02-one-full-series-then-gate,149.846,602800128,2242207744,8.375,1.109375,55,
fresh-s2/D02-one-full-series-then-gate,150.862,602800128,2242207744,8.375,1.109375,55,
fresh-s2/D02-one-full-series-then-gate,151.874,602800128,2242207744,8.375,1.109375,55,
fresh-s2/D02-one-full-series-then-gate,152.892,602800128,2242207744,8.375,1.109375,55,
fresh-s2/D02-one-full-series-then-gate,153.904,602800128,2242207744,8.375,1.109375,55,
fresh-s2/D02-one-full-series-then-gate,154.92,602804224,2242207744,8.375,1.109375,55,
fresh-s2/D02-one-full-series-then-gate,155.933,602804224,2242207744,8.375,1.109375,55,
fresh-s2/D02-one-full-series-then-gate,156.945,602804224,2242207744,8.375,1.109375,55,
fresh-s2/D02-one-full-series-then-gate,157.96,602804224,2242207744,8.375,1.109375,55,
fresh-s2/D02-one-full-series-then-gate,158.983,602804224,2242207744,8.375,1.109375,55,
fresh-s2/D02-one-full-series-then-gate,160.007,602804224,2242207744,8.375,1.109375,55,
fresh-s2/D02-one-full-series-then-gate,161.026,602804224,2242207744,8.375,1.109375,55,
fresh-s2/D02-one-full-series-then-gate,162.037,602804224,2242207744,8.375,1.109375,55,
fresh-s2/D02-one-full-series-then-gate,163.053,602800128,2242207744,8.375,1.109375,55,
fresh-s2/D02-one-full-series-then-gate,164.066,602804224,2242207744,8.375,1.109375,55,
fresh-s2/D02-one-full-series-then-gate,165.08,602804224,2242207744,8.375,1.109375,55,
fresh-s2/D02-one-full-series-then-gate,166.101,602804224,2242207744,8.375,1.109375,55,
fresh-s2/D02-one-full-series-then-gate,167.119,602804224,2242207744,8.375,1.109375,55,
fresh-s2/D02-one-full-series-then-gate,168.141,602808320,2242207744,8.375,1.109375,55,
fresh-s2/D02-one-full-series-then-gate,169.161,602808320,2242207744,8.375,1.109375,55,
fresh-s2/D02-one-full-series-then-gate,170.178,602808320,2242207744,8.375,1.109375,55,
fresh-s2/D02-one-full-series-then-gate,171.199,603045888,2242457600,8.375,1.109375,55,
fresh-s2/D02-one-full-series-then-gate,172.22,603054080,2242457600,8.375,1.109375,55,
fresh-s2/D02-one-full-series-then-gate,173.229,603054080,2242457600,8.375,1.109375,55,
fresh-s2/D02-one-full-series-then-gate,174.238,603054080,2242457600,8.375,1.109375,55,
fresh-s2/D02-one-full-series-then-gate,175.257,603054080,2242457600,8.375,1.109375,55,
fresh-s2/D02-one-full-series-then-gate,176.268,603054080,2242457600,8.375,1.109375,55,
fresh-s2/D02-one-full-series-then-gate,177.278,603054080,2242457600,8.375,1.109375,55,
fresh-s2/D02-one-full-series-then-gate,178.287,603054080,2242457600,8.375,1.109375,55,
fresh-s2/D02-one-full-series-then-gate,179.299,603054080,2242457600,8.375,1.109375,55,
fresh-s2/D03-36-full-series-then-gate,0.001,1748811776,3019763712,15.25,4.8125,55,
fresh-s2/D03-36-full-series-then-gate,1.011,1748668416,3020222464,15.34375,4.8125,55,
fresh-s2/D03-36-full-series-then-gate,2.021,1748672512,3020222464,15.34375,4.8125,55,
fresh-s2/D03-36-full-series-then-gate,3.035,1748672512,3020222464,15.34375,4.8125,55,
fresh-s2/D03-36-full-series-then-gate,4.056,1748672512,3020222464,15.34375,4.8125,55,
fresh-s2/D03-36-full-series-then-gate,5.067,1748672512,3020222464,15.34375,4.8125,55,
fresh-s2/D03-36-full-series-then-gate,7.228,1748738048,3020312576,15.375,4.8125,55,
fresh-s2/D03-36-full-series-then-gate,8.238,1748738048,3020312576,15.375,4.8125,55,
fresh-s2/D03-36-full-series-then-gate,9.254,1748807680,3020398592,15.375,4.8125,55,
fresh-s2/D03-36-full-series-then-gate,10.271,1748807680,3020398592,15.375,4.8125,55,
fresh-s2/D03-36-full-series-then-gate,11.278,1748832256,3020460032,15.375,4.8125,55,
fresh-s2/D03-36-full-series-then-gate,12.288,1748832256,3020460032,15.375,4.8125,55,
fresh-s2/D03-36-full-series-then-gate,13.309,1748832256,3020460032,15.375,4.8125,55,
fresh-s2/D03-36-full-series-then-gate,14.319,1749274624,3020914688,15.375,4.8125,55,
fresh-s2/D03-36-full-series-then-gate,15.331,1749311488,3021205504,15.375,4.8125,55,
fresh-s2/D03-36-full-series-then-gate,17.676,1749315584,3021328384,15.40625,4.8125,55,
fresh-s2/D03-36-full-series-then-gate,18.698,1749315584,3021328384,15.40625,4.8125,55,
fresh-s2/D03-36-full-series-then-gate,19.708,1749315584,3021328384,15.40625,4.8125,55,
fresh-s2/D03-36-full-series-then-gate,20.718,1749315584,3021328384,15.40625,4.8125,55,
fresh-s2/D03-36-full-series-then-gate,21.729,1749315584,3021328384,15.40625,4.8125,55,
fresh-s2/D03-36-full-series-then-gate,22.738,1749315584,3021328384,15.40625,4.8125,55,
fresh-s2/D03-36-full-series-then-gate,23.749,1749315584,3021328384,15.40625,4.8125,55,
fresh-s2/D03-36-full-series-then-gate,24.77,1749315584,3021328384,15.40625,4.8125,55,
fresh-s2/D03-36-full-series-then-gate,25.779,1749315584,3021328384,15.40625,4.8125,55,
fresh-s2/D03-36-full-series-then-gate,26.789,1749315584,3021328384,15.40625,4.8125,55,
fresh-s2/D03-36-full-series-then-gate,27.798,1749315584,3021328384,15.40625,4.8125,55,
fresh-s2/D03-36-full-series-then-gate,28.806,1749315584,3021328384,15.40625,4.8125,55,
fresh-s2/D03-36-full-series-then-gate,29.814,1749315584,3021328384,15.40625,4.8125,55,
fresh-s2/D03-36-full-series-then-gate,30.834,1749315584,3021328384,15.40625,4.8125,55,
fresh-s2/D03-36-full-series-then-gate,33.055,1749315584,3021328384,15.40625,4.8125,55,
fresh-s2/D03-36-full-series-then-gate,34.071,1749327872,3021434880,15.40625,4.8125,55,
fresh-s2/D03-36-full-series-then-gate,35.091,1749766144,3021889536,15.40625,4.8125,55,
fresh-s2/D03-36-full-series-then-gate,36.099,1749762048,3021889536,15.40625,4.8125,55,
fresh-s2/D03-36-full-series-then-gate,37.108,1749766144,3021889536,15.40625,4.8125,55,
fresh-s2/D03-36-full-series-then-gate,38.126,1749766144,3021889536,15.40625,4.8125,55,
fresh-s2/D03-36-full-series-then-gate,39.143,1749766144,3021889536,15.40625,4.8125,55,
fresh-s2/D03-36-full-series-then-gate,40.158,1749766144,3021889536,15.40625,4.8125,55,
fresh-s2/D03-36-full-series-then-gate,41.167,1749766144,3021889536,15.421875,4.8125,55,
fresh-s2/D03-36-full-series-then-gate,42.181,1749766144,3021889536,15.421875,4.8125,55,
fresh-s2/D03-36-full-series-then-gate,43.203,1749770240,3021889536,15.421875,4.8125,55,
fresh-s2/D03-36-full-series-then-gate,44.213,1749770240,3021889536,15.421875,4.8125,55,
fresh-s2/D03-36-full-series-then-gate,45.234,1749770240,3021889536,15.421875,4.8125,55,
fresh-s2/D03-36-full-series-then-gate,46.255,1749770240,3021889536,15.421875,4.8125,55,
fresh-s2/D03-36-full-series-then-gate,47.273,1749770240,3021889536,15.421875,4.8125,55,
fresh-s2/D03-36-full-series-then-gate,48.294,1749770240,3021889536,15.421875,4.8125,55,
fresh-s2/D03-36-full-series-then-gate,49.317,1749770240,3021889536,15.421875,4.8125,55,
fresh-s2/D03-36-full-series-then-gate,50.339,1749770240,3021889536,15.421875,4.8125,55,
fresh-s2/D03-36-full-series-then-gate,51.352,1749770240,3021889536,15.421875,4.8125,55,
fresh-s2/D03-36-full-series-then-gate,52.359,1749770240,3021889536,15.421875,4.8125,55,
fresh-s2/D03-36-full-series-then-gate,53.38,1749770240,3021889536,15.421875,4.8125,55,
fresh-s2/D03-36-full-series-then-gate,54.401,1749770240,3021889536,15.421875,4.8125,55,
fresh-s2/D03-36-full-series-then-gate,55.421,1749770240,3021889536,15.421875,4.8125,55,
fresh-s2/D03-36-full-series-then-gate,56.444,1749770240,3021889536,15.421875,4.8125,55,
fresh-s2/D03-36-full-series-then-gate,57.455,1749770240,3021889536,15.421875,4.8125,55,
fresh-s2/D03-36-full-series-then-gate,58.468,1749770240,3021889536,15.421875,4.8125,55,
fresh-s2/D03-36-full-series-then-gate,59.487,1749770240,3021889536,15.421875,4.8125,55,
fresh-s2/D03-36-full-series-then-gate,60.504,1749770240,3021889536,15.421875,4.8125,55,
fresh-s2/D03-36-full-series-then-gate,62.583,1749770240,3021889536,15.453125,4.8125,55,
fresh-s2/D03-36-full-series-then-gate,63.602,1749770240,3021889536,15.453125,4.8125,55,
fresh-s2/D03-36-full-series-then-gate,64.624,1749770240,3021889536,15.453125,4.8125,55,
fresh-s2/D03-36-full-series-then-gate,65.647,1749770240,3021889536,15.453125,4.8125,55,
fresh-s2/D03-36-full-series-then-gate,66.668,1749770240,3021889536,15.453125,4.8125,55,
fresh-s2/D03-36-full-series-then-gate,67.689,1749770240,3021889536,15.453125,4.8125,55,
fresh-s2/D03-36-full-series-then-gate,68.711,1749770240,3021889536,15.453125,4.8125,55,
fresh-s2/D03-36-full-series-then-gate,69.731,1749770240,3021889536,15.453125,4.8125,55,
fresh-s2/D03-36-full-series-then-gate,70.754,1749770240,3021889536,15.453125,4.8125,55,
fresh-s2/D03-36-full-series-then-gate,71.761,1749770240,3021889536,15.453125,4.8125,55,
fresh-s2/D03-36-full-series-then-gate,72.773,1749770240,3021889536,15.453125,4.8125,55,
fresh-s2/D03-36-full-series-then-gate,73.788,1749770240,3021889536,15.453125,4.8125,55,
fresh-s2/D03-36-full-series-then-gate,74.812,1749770240,3021889536,15.453125,4.8125,55,
fresh-s2/D03-36-full-series-then-gate,75.832,1749770240,3021889536,15.453125,4.8125,55,
fresh-s2/D03-36-full-series-then-gate,76.855,1749770240,3021889536,15.453125,4.8125,55,
fresh-s2/D03-36-full-series-then-gate,77.866,1749770240,3021889536,15.453125,4.8125,55,
fresh-s2/D03-36-full-series-then-gate,78.886,1749770240,3021889536,15.453125,4.8125,55,
fresh-s2/D03-36-full-series-then-gate,79.898,1749770240,3021889536,15.453125,4.8125,55,
fresh-s2/D03-36-full-series-then-gate,80.908,1749770240,3021889536,15.453125,4.8125,55,
fresh-s2/D03-36-full-series-then-gate,81.931,1749770240,3021889536,15.453125,4.8125,55,
fresh-s2/D03-36-full-series-then-gate,82.94,1749770240,3021889536,15.453125,4.8125,55,
fresh-s2/D03-36-full-series-then-gate,83.956,1749770240,3021889536,15.453125,4.8125,55,
fresh-s2/D03-36-full-series-then-gate,84.976,1749770240,3021889536,15.453125,4.8125,55,
fresh-s2/D03-36-full-series-then-gate,85.997,1749770240,3021889536,15.453125,4.8125,55,
fresh-s2/D03-36-full-series-then-gate,87.013,1749770240,3021889536,15.453125,4.8125,55,
fresh-s2/D03-36-full-series-then-gate,88.03,1749770240,3021889536,15.453125,4.8125,55,
fresh-s2/D03-36-full-series-then-gate,89.051,1749770240,3021889536,15.453125,4.8125,55,
fresh-s2/D03-36-full-series-then-gate,90.07,1749770240,3021889536,15.453125,4.8125,55,
fresh-s2/D03-36-full-series-then-gate,91.082,1749770240,3021889536,15.453125,4.8125,55,
fresh-s2/D03-36-full-series-then-gate,92.097,1749770240,3021889536,15.453125,4.8125,55,
fresh-s2/D03-36-full-series-then-gate,93.107,1749770240,3021889536,15.453125,4.8125,55,
fresh-s2/D03-36-full-series-then-gate,94.126,1749774336,3021889536,15.453125,4.8125,55,
fresh-s2/D03-36-full-series-then-gate,95.148,1749778432,3021889536,15.453125,4.8125,55,
fresh-s2/D03-36-full-series-then-gate,96.16,1749778432,3021889536,15.453125,4.8125,55,
fresh-s2/D03-36-full-series-then-gate,97.181,1749778432,3021889536,15.453125,4.8125,55,
fresh-s2/D03-36-full-series-then-gate,98.19,1749778432,3021889536,15.453125,4.8125,55,
fresh-s2/D03-36-full-series-then-gate,99.198,1749778432,3021889536,15.453125,4.8125,55,
fresh-s2/D03-36-full-series-then-gate,100.21,1749778432,3021889536,15.453125,4.8125,55,
fresh-s2/D03-36-full-series-then-gate,101.23,1749778432,3021889536,15.453125,4.8125,55,
fresh-s2/D03-36-full-series-then-gate,102.238,1749778432,3021889536,15.453125,4.8125,55,
fresh-s2/D03-36-full-series-then-gate,103.245,1749778432,3021889536,15.453125,4.828125,55,
fresh-s2/D03-36-full-series-then-gate,104.252,1749778432,3021889536,15.453125,4.828125,55,
fresh-s2/D03-36-full-series-then-gate,105.264,1751113728,3023216640,15.453125,4.828125,55,
fresh-s2/D03-36-full-series-then-gate,106.273,1751113728,3023216640,15.453125,4.828125,55,
fresh-s2/D03-36-full-series-then-gate,107.284,1751113728,3023216640,15.453125,4.828125,55,
fresh-s2/D03-36-full-series-then-gate,108.293,1751113728,3023216640,15.453125,4.828125,55,
fresh-s2/D03-36-full-series-then-gate,109.304,1751113728,3023216640,15.453125,4.828125,55,
fresh-s2/D03-36-full-series-then-gate,110.327,1751113728,3023216640,15.453125,4.828125,55,
fresh-s2/D03-36-full-series-then-gate,111.342,1751113728,3023216640,15.453125,4.828125,55,
fresh-s2/D03-36-full-series-then-gate,112.352,1751113728,3023216640,15.453125,4.828125,55,
fresh-s2/D03-36-full-series-then-gate,113.365,1751113728,3023216640,15.453125,4.828125,55,
fresh-s2/D03-36-full-series-then-gate,114.378,1751113728,3023216640,15.453125,4.828125,55,
fresh-s2/D03-36-full-series-then-gate,115.388,1751117824,3023216640,15.453125,4.828125,55,
fresh-s2/D03-36-full-series-then-gate,116.4,1751117824,3023216640,15.453125,4.828125,55,
fresh-s2/D03-36-full-series-then-gate,117.411,1751117824,3023216640,15.453125,4.828125,55,
fresh-s2/D03-36-full-series-then-gate,118.423,1751117824,3023216640,15.453125,4.828125,55,
fresh-s2/D03-36-full-series-then-gate,119.437,1751117824,3023216640,15.453125,4.828125,55,
fresh-s2/D03-36-full-series-then-gate,120.454,1751117824,3023216640,15.453125,4.828125,55,
fresh-s2/D03-36-full-series-then-gate,122.61,1751117824,3023216640,15.453125,4.828125,55,
fresh-s2/D03-36-full-series-then-gate,123.622,1751117824,3023216640,15.453125,4.828125,55,
fresh-s2/D03-36-full-series-then-gate,124.628,1751117824,3023216640,15.453125,4.828125,55,
fresh-s2/D03-36-full-series-then-gate,125.639,1751117824,3023216640,15.453125,4.828125,55,
fresh-s2/D03-36-full-series-then-gate,126.656,1751117824,3023216640,15.453125,4.828125,55,
fresh-s2/D03-36-full-series-then-gate,127.668,1751117824,3023216640,15.453125,4.828125,55,
fresh-s2/D03-36-full-series-then-gate,128.681,1751117824,3023216640,15.453125,4.828125,55,
fresh-s2/D03-36-full-series-then-gate,129.692,1751240704,3023253504,15.453125,4.828125,56,
fresh-s2/D03-36-full-series-then-gate,130.7,1751240704,3023253504,15.453125,4.828125,56,
fresh-s2/D03-36-full-series-then-gate,131.712,1751240704,3023253504,15.453125,4.828125,56,
fresh-s2/D03-36-full-series-then-gate,132.726,1751240704,3023253504,15.453125,4.828125,56,
fresh-s2/D03-36-full-series-then-gate,133.735,1751240704,3023253504,15.453125,4.828125,56,
fresh-s2/D03-36-full-series-then-gate,134.757,1751265280,3023253504,15.453125,4.828125,56,
fresh-s2/D03-36-full-series-then-gate,135.77,1751265280,3023253504,15.453125,4.828125,56,
fresh-s2/D03-36-full-series-then-gate,136.794,1751265280,3023253504,15.453125,4.828125,56,
fresh-s2/D03-36-full-series-then-gate,137.813,1751265280,3023253504,15.453125,4.828125,56,
fresh-s2/D03-36-full-series-then-gate,138.833,1751265280,3023253504,15.453125,4.828125,56,
fresh-s2/D03-36-full-series-then-gate,139.847,1751265280,3023253504,15.453125,4.828125,56,
fresh-s2/D03-36-full-series-then-gate,140.858,1751265280,3023253504,15.453125,4.828125,56,
fresh-s2/D03-36-full-series-then-gate,141.871,1751265280,3023253504,15.453125,4.828125,56,
fresh-s2/D03-36-full-series-then-gate,142.883,1751265280,3023253504,15.453125,4.828125,56,
fresh-s2/D03-36-full-series-then-gate,143.897,1751265280,3023253504,15.453125,4.828125,56,
fresh-s2/D03-36-full-series-then-gate,144.912,1751265280,3023253504,15.453125,4.828125,56,
fresh-s2/D03-36-full-series-then-gate,145.931,1751265280,3023253504,15.453125,4.828125,56,
fresh-s2/D03-36-full-series-then-gate,146.942,1751265280,3023253504,15.453125,4.828125,56,
fresh-s2/D03-36-full-series-then-gate,147.956,1751265280,3023253504,15.453125,4.828125,56,
fresh-s2/D03-36-full-series-then-gate,148.969,1751265280,3023253504,15.453125,4.828125,56,
fresh-s2/D03-36-full-series-then-gate,149.978,1751265280,3023253504,15.453125,4.828125,56,
fresh-s2/D03-36-full-series-then-gate,150.99,1751265280,3023253504,15.453125,4.828125,56,
fresh-s2/D03-36-full-series-then-gate,152.006,1751265280,3023253504,15.453125,4.828125,56,
fresh-s2/D03-36-full-series-then-gate,153.019,1751265280,3023253504,15.453125,4.828125,56,
fresh-s2/D03-36-full-series-then-gate,154.037,1751265280,3023253504,15.453125,4.828125,56,
fresh-s2/D03-36-full-series-then-gate,155.053,1751265280,3023253504,15.453125,4.828125,56,
fresh-s2/D03-36-full-series-then-gate,156.063,1751265280,3023253504,15.453125,4.828125,56,
fresh-s2/D03-36-full-series-then-gate,157.077,1751265280,3023253504,15.453125,4.828125,56,
fresh-s2/D03-36-full-series-then-gate,158.101,1751265280,3023253504,15.453125,4.828125,56,
fresh-s2/D03-36-full-series-then-gate,159.114,1751265280,3023253504,15.453125,4.828125,56,
fresh-s2/D03-36-full-series-then-gate,160.122,1751265280,3023253504,15.453125,4.828125,56,
fresh-s2/D03-36-full-series-then-gate,161.143,1751265280,3023253504,15.453125,4.828125,56,
fresh-s2/D03-36-full-series-then-gate,162.162,1751265280,3023253504,15.453125,4.828125,56,
fresh-s2/D03-36-full-series-then-gate,163.175,1751265280,3023253504,15.453125,4.828125,56,
fresh-s2/D03-36-full-series-then-gate,164.196,1751265280,3023253504,15.453125,4.828125,56,
fresh-s2/D03-36-full-series-then-gate,165.207,1751265280,3023253504,15.453125,4.828125,56,
fresh-s2/D03-36-full-series-then-gate,166.225,1751265280,3023253504,15.453125,4.828125,56,
fresh-s2/D03-36-full-series-then-gate,167.236,1751265280,3023253504,15.453125,4.828125,56,
fresh-s2/D03-36-full-series-then-gate,168.259,1751265280,3023253504,15.453125,4.828125,56,
fresh-s2/D03-36-full-series-then-gate,169.28,1751265280,3023253504,15.453125,4.828125,56,
fresh-s2/D03-36-full-series-then-gate,170.293,1751265280,3023253504,15.453125,4.828125,56,
fresh-s2/D03-36-full-series-then-gate,171.301,1751265280,3023253504,15.453125,4.828125,56,
fresh-s2/D03-36-full-series-then-gate,172.316,1751265280,3023253504,15.453125,4.828125,56,
fresh-s2/D03-36-full-series-then-gate,173.334,1751265280,3023253504,15.453125,4.828125,56,
fresh-s2/D03-36-full-series-then-gate,174.347,1751265280,3023253504,15.453125,4.828125,56,
fresh-s2/D03-36-full-series-then-gate,175.36,1751265280,3023253504,15.453125,4.828125,56,
fresh-s2/D03-36-full-series-then-gate,176.369,1751265280,3023253504,15.453125,4.828125,56,
fresh-s2/D03-36-full-series-then-gate,177.38,1751265280,3023253504,15.453125,4.828125,56,
fresh-s2/D03-36-full-series-then-gate,178.392,1751265280,3023253504,15.453125,4.828125,56,
fresh-s2/D03-36-full-series-then-gate,179.404,1751265280,3023253504,15.453125,4.828125,56,
fresh-s2/D04-36-single-and-36-full-then-gate,0.001,1470312448,2845016064,11.0625,2.375,55,
fresh-s2/D04-36-single-and-36-full-then-gate,1.026,1486655488,2862153728,11.09375,2.375,55,
fresh-s2/D04-36-single-and-36-full-then-gate,2.035,1467129856,2840162304,11.09375,2.375,55,
fresh-s2/D04-36-single-and-36-full-then-gate,3.056,1467129856,2840162304,11.09375,2.375,55,
fresh-s2/D04-36-single-and-36-full-then-gate,4.081,1467129856,2840162304,11.09375,2.375,55,
fresh-s2/D04-36-single-and-36-full-then-gate,5.091,1467129856,2840162304,11.09375,2.375,55,
fresh-s2/D04-36-single-and-36-full-then-gate,7.223,1467224064,2840338432,11.109375,2.375,55,
fresh-s2/D04-36-single-and-36-full-then-gate,8.233,1467224064,2840338432,11.109375,2.375,55,
fresh-s2/D04-36-single-and-36-full-then-gate,9.255,1467224064,2840338432,11.109375,2.375,55,
fresh-s2/D04-36-single-and-36-full-then-gate,10.269,1467420672,2840539136,11.109375,2.375,55,
fresh-s2/D04-36-single-and-36-full-then-gate,11.279,1467420672,2840539136,11.109375,2.375,55,
fresh-s2/D04-36-single-and-36-full-then-gate,12.295,1467428864,2840629248,11.109375,2.375,55,
fresh-s2/D04-36-single-and-36-full-then-gate,13.309,1467867136,2841100288,11.109375,2.375,55,
fresh-s2/D04-36-single-and-36-full-then-gate,14.323,1467904000,2841100288,11.109375,2.375,55,
fresh-s2/D04-36-single-and-36-full-then-gate,15.336,1467904000,2841100288,11.109375,2.375,55,
fresh-s2/D04-36-single-and-36-full-then-gate,17.222,1467904000,2841178112,11.125,2.375,55,
fresh-s2/D04-36-single-and-36-full-then-gate,18.229,1467904000,2841178112,11.125,2.375,55,
fresh-s2/D04-36-single-and-36-full-then-gate,19.242,1467904000,2841178112,11.125,2.375,55,
fresh-s2/D04-36-single-and-36-full-then-gate,20.263,1467904000,2841178112,11.125,2.375,55,
fresh-s2/D04-36-single-and-36-full-then-gate,21.275,1467904000,2841178112,11.125,2.375,55,
fresh-s2/D04-36-single-and-36-full-then-gate,22.297,1467904000,2841178112,11.125,2.375,55,
fresh-s2/D04-36-single-and-36-full-then-gate,23.318,1467904000,2841178112,11.125,2.375,55,
fresh-s2/D04-36-single-and-36-full-then-gate,24.329,1467904000,2841178112,11.125,2.375,55,
fresh-s2/D04-36-single-and-36-full-then-gate,25.353,1467904000,2841178112,11.125,2.375,55,
fresh-s2/D04-36-single-and-36-full-then-gate,26.379,1467904000,2841178112,11.125,2.375,55,
fresh-s2/D04-36-single-and-36-full-then-gate,27.386,1467904000,2841178112,11.125,2.375,55,
fresh-s2/D04-36-single-and-36-full-then-gate,28.394,1467904000,2841178112,11.125,2.375,55,
fresh-s2/D04-36-single-and-36-full-then-gate,29.409,1467904000,2841178112,11.125,2.375,55,
fresh-s2/D04-36-single-and-36-full-then-gate,30.422,1467904000,2841178112,11.125,2.375,55,
fresh-s2/D04-36-single-and-36-full-then-gate,32.433,1467904000,2841178112,11.125,2.375,55,
fresh-s2/D04-36-single-and-36-full-then-gate,33.443,1467904000,2841178112,11.125,2.375,55,
fresh-s2/D04-36-single-and-36-full-then-gate,34.467,1467904000,2841178112,11.125,2.375,55,
fresh-s2/D04-36-single-and-36-full-then-gate,35.478,1467904000,2841178112,11.125,2.375,55,
fresh-s2/D04-36-single-and-36-full-then-gate,36.501,1467904000,2841178112,11.125,2.375,55,
fresh-s2/D04-36-single-and-36-full-then-gate,37.524,1467904000,2841178112,11.125,2.375,55,
fresh-s2/D04-36-single-and-36-full-then-gate,38.539,1467904000,2841178112,11.125,2.375,55,
fresh-s2/D04-36-single-and-36-full-then-gate,39.552,1467904000,2841178112,11.125,2.375,55,
fresh-s2/D04-36-single-and-36-full-then-gate,40.561,1467904000,2841178112,11.125,2.375,55,
fresh-s2/D04-36-single-and-36-full-then-gate,41.568,1467904000,2841178112,11.125,2.375,55,
fresh-s2/D04-36-single-and-36-full-then-gate,42.587,1467912192,2841178112,11.125,2.375,55,
fresh-s2/D04-36-single-and-36-full-then-gate,43.61,1467912192,2841178112,11.125,2.375,55,
fresh-s2/D04-36-single-and-36-full-then-gate,44.625,1467912192,2841178112,11.125,2.375,55,
fresh-s2/D04-36-single-and-36-full-then-gate,45.635,1467912192,2841178112,11.125,2.375,55,
fresh-s2/D04-36-single-and-36-full-then-gate,46.648,1467912192,2841178112,11.125,2.375,55,
fresh-s2/D04-36-single-and-36-full-then-gate,47.665,1467912192,2841178112,11.125,2.375,55,
fresh-s2/D04-36-single-and-36-full-then-gate,48.686,1467912192,2841178112,11.125,2.375,55,
fresh-s2/D04-36-single-and-36-full-then-gate,49.706,1467912192,2841178112,11.125,2.375,55,
fresh-s2/D04-36-single-and-36-full-then-gate,50.726,1467912192,2841178112,11.125,2.375,55,
fresh-s2/D04-36-single-and-36-full-then-gate,51.738,1467912192,2841178112,11.125,2.375,55,
fresh-s2/D04-36-single-and-36-full-then-gate,52.748,1467912192,2841178112,11.125,2.375,55,
fresh-s2/D04-36-single-and-36-full-then-gate,53.762,1467912192,2841178112,11.125,2.390625,55,
fresh-s2/D04-36-single-and-36-full-then-gate,54.777,1467912192,2841178112,11.125,2.390625,55,
fresh-s2/D04-36-single-and-36-full-then-gate,55.803,1467912192,2841178112,11.125,2.390625,55,
fresh-s2/D04-36-single-and-36-full-then-gate,56.824,1467912192,2841178112,11.125,2.390625,55,
fresh-s2/D04-36-single-and-36-full-then-gate,57.845,1467912192,2841178112,11.125,2.390625,55,
fresh-s2/D04-36-single-and-36-full-then-gate,58.869,1467912192,2841178112,11.125,2.390625,55,
fresh-s2/D04-36-single-and-36-full-then-gate,59.883,1467912192,2841178112,11.125,2.390625,55,
fresh-s2/D04-36-single-and-36-full-then-gate,60.913,1467912192,2841178112,11.125,2.390625,55,
fresh-s2/D04-36-single-and-36-full-then-gate,62.713,1467912192,2841178112,11.140625,2.390625,55,
fresh-s2/D04-36-single-and-36-full-then-gate,63.728,1467912192,2841178112,11.140625,2.390625,55,
fresh-s2/D04-36-single-and-36-full-then-gate,64.741,1467912192,2841178112,11.140625,2.390625,55,
fresh-s2/D04-36-single-and-36-full-then-gate,65.752,1467912192,2841178112,11.140625,2.390625,55,
fresh-s2/D04-36-single-and-36-full-then-gate,66.764,1467912192,2841178112,11.140625,2.390625,55,
fresh-s2/D04-36-single-and-36-full-then-gate,67.778,1467912192,2841178112,11.140625,2.390625,55,
fresh-s2/D04-36-single-and-36-full-then-gate,68.789,1467912192,2841178112,11.140625,2.390625,55,
fresh-s2/D04-36-single-and-36-full-then-gate,69.804,1467912192,2841178112,11.140625,2.390625,55,
fresh-s2/D04-36-single-and-36-full-then-gate,70.818,1467924480,2841178112,11.140625,2.390625,55,
fresh-s2/D04-36-single-and-36-full-then-gate,71.829,1467924480,2841178112,11.140625,2.390625,55,
fresh-s2/D04-36-single-and-36-full-then-gate,72.842,1467924480,2841272320,11.140625,2.390625,55,
fresh-s2/D04-36-single-and-36-full-then-gate,73.854,1467924480,2841272320,11.140625,2.390625,55,
fresh-s2/D04-36-single-and-36-full-then-gate,74.866,1467928576,2841395200,11.140625,2.390625,55,
fresh-s2/D04-36-single-and-36-full-then-gate,75.878,1467928576,2841395200,11.140625,2.390625,55,
fresh-s2/D04-36-single-and-36-full-then-gate,76.901,1467928576,2841395200,11.140625,2.390625,55,
fresh-s2/D04-36-single-and-36-full-then-gate,77.911,1467928576,2841395200,11.140625,2.390625,55,
fresh-s2/D04-36-single-and-36-full-then-gate,78.927,1467928576,2841395200,11.140625,2.390625,55,
fresh-s2/D04-36-single-and-36-full-then-gate,79.936,1467928576,2841395200,11.140625,2.390625,55,
fresh-s2/D04-36-single-and-36-full-then-gate,80.947,1467928576,2841395200,11.140625,2.390625,55,
fresh-s2/D04-36-single-and-36-full-then-gate,81.961,1467928576,2841395200,11.140625,2.390625,55,
fresh-s2/D04-36-single-and-36-full-then-gate,82.969,1467928576,2841395200,11.140625,2.390625,55,
fresh-s2/D04-36-single-and-36-full-then-gate,83.979,1467928576,2841395200,11.140625,2.390625,55,
fresh-s2/D04-36-single-and-36-full-then-gate,84.998,1467928576,2841395200,11.140625,2.390625,55,
fresh-s2/D04-36-single-and-36-full-then-gate,86.011,1467928576,2841395200,11.140625,2.390625,55,
fresh-s2/D04-36-single-and-36-full-then-gate,87.032,1467928576,2841395200,11.140625,2.390625,55,
fresh-s2/D04-36-single-and-36-full-then-gate,88.042,1467928576,2841395200,11.140625,2.390625,55,
fresh-s2/D04-36-single-and-36-full-then-gate,89.056,1467928576,2841395200,11.140625,2.390625,55,
fresh-s2/D04-36-single-and-36-full-then-gate,90.075,1467928576,2841395200,11.140625,2.390625,55,
fresh-s2/D04-36-single-and-36-full-then-gate,91.094,1467928576,2841395200,11.140625,2.390625,55,
fresh-s2/D04-36-single-and-36-full-then-gate,92.106,1467928576,2841395200,11.140625,2.390625,55,
fresh-s2/D04-36-single-and-36-full-then-gate,93.114,1467928576,2841395200,11.140625,2.390625,55,
fresh-s2/D04-36-single-and-36-full-then-gate,94.134,1467932672,2841395200,11.140625,2.390625,55,
fresh-s2/D04-36-single-and-36-full-then-gate,95.147,1467932672,2841423872,11.140625,2.390625,55,
fresh-s2/D04-36-single-and-36-full-then-gate,96.164,1467932672,2841423872,11.140625,2.390625,55,
fresh-s2/D04-36-single-and-36-full-then-gate,97.185,1467932672,2841423872,11.140625,2.390625,55,
fresh-s2/D04-36-single-and-36-full-then-gate,98.194,1467932672,2841423872,11.140625,2.390625,55,
fresh-s2/D04-36-single-and-36-full-then-gate,99.216,1467932672,2841423872,11.140625,2.390625,55,
fresh-s2/D04-36-single-and-36-full-then-gate,100.223,1467932672,2841423872,11.140625,2.390625,55,
fresh-s2/D04-36-single-and-36-full-then-gate,101.235,1467932672,2841423872,11.140625,2.390625,55,
fresh-s2/D04-36-single-and-36-full-then-gate,102.247,1467932672,2841423872,11.140625,2.390625,55,
fresh-s2/D04-36-single-and-36-full-then-gate,103.261,1467936768,2841423872,11.140625,2.390625,55,
fresh-s2/D04-36-single-and-36-full-then-gate,104.273,1467936768,2841423872,11.140625,2.390625,55,
fresh-s2/D04-36-single-and-36-full-then-gate,105.295,1467936768,2841423872,11.140625,2.390625,55,
fresh-s2/D04-36-single-and-36-full-then-gate,106.312,1467936768,2841423872,11.140625,2.390625,55,
fresh-s2/D04-36-single-and-36-full-then-gate,107.326,1467936768,2841550848,11.140625,2.390625,55,
fresh-s2/D04-36-single-and-36-full-then-gate,108.337,1467936768,2841550848,11.140625,2.390625,55,
fresh-s2/D04-36-single-and-36-full-then-gate,109.352,1467936768,2841550848,11.140625,2.390625,55,
fresh-s2/D04-36-single-and-36-full-then-gate,110.376,1467936768,2841550848,11.140625,2.390625,55,
fresh-s2/D04-36-single-and-36-full-then-gate,111.386,1467936768,2841550848,11.140625,2.390625,55,
fresh-s2/D04-36-single-and-36-full-then-gate,112.406,1467936768,2841550848,11.140625,2.390625,55,
fresh-s2/D04-36-single-and-36-full-then-gate,113.423,1467936768,2841550848,11.140625,2.390625,55,
fresh-s2/D04-36-single-and-36-full-then-gate,114.438,1467936768,2842255360,11.140625,2.390625,55,
fresh-s2/D04-36-single-and-36-full-then-gate,115.455,1467936768,2842255360,11.140625,2.390625,55,
fresh-s2/D04-36-single-and-36-full-then-gate,116.47,1467936768,2842255360,11.140625,2.390625,55,
fresh-s2/D04-36-single-and-36-full-then-gate,117.491,1467936768,2842255360,11.140625,2.390625,55,
fresh-s2/D04-36-single-and-36-full-then-gate,118.501,1467936768,2842255360,11.140625,2.390625,55,
fresh-s2/D04-36-single-and-36-full-then-gate,119.514,1467936768,2842255360,11.140625,2.390625,55,
fresh-s2/D04-36-single-and-36-full-then-gate,120.527,1467936768,2842255360,11.140625,2.390625,55,
fresh-s2/D04-36-single-and-36-full-then-gate,122.565,1467936768,2842255360,11.15625,2.390625,55,
fresh-s2/D04-36-single-and-36-full-then-gate,123.574,1467936768,2842255360,11.15625,2.390625,55,
fresh-s2/D04-36-single-and-36-full-then-gate,124.588,1467936768,2842255360,11.15625,2.390625,55,
fresh-s2/D04-36-single-and-36-full-then-gate,125.598,1467936768,2842255360,11.15625,2.390625,55,
fresh-s2/D04-36-single-and-36-full-then-gate,126.611,1467936768,2842255360,11.15625,2.390625,55,
fresh-s2/D04-36-single-and-36-full-then-gate,127.623,1467936768,2842255360,11.15625,2.390625,55,
fresh-s2/D04-36-single-and-36-full-then-gate,128.635,1467936768,2842255360,11.15625,2.390625,55,
fresh-s2/D04-36-single-and-36-full-then-gate,129.656,1467990016,2842288128,11.15625,2.390625,56,
fresh-s2/D04-36-single-and-36-full-then-gate,130.672,1468059648,2842288128,11.15625,2.390625,56,
fresh-s2/D04-36-single-and-36-full-then-gate,131.682,1468059648,2842288128,11.15625,2.390625,56,
fresh-s2/D04-36-single-and-36-full-then-gate,132.708,1468059648,2842288128,11.15625,2.390625,56,
fresh-s2/D04-36-single-and-36-full-then-gate,133.72,1468084224,2842288128,11.15625,2.390625,56,
fresh-s2/D04-36-single-and-36-full-then-gate,134.735,1468084224,2842288128,11.15625,2.390625,56,
fresh-s2/D04-36-single-and-36-full-then-gate,135.745,1468084224,2842288128,11.15625,2.390625,56,
fresh-s2/D04-36-single-and-36-full-then-gate,136.761,1468084224,2842288128,11.15625,2.390625,56,
fresh-s2/D04-36-single-and-36-full-then-gate,137.778,1468084224,2842288128,11.15625,2.390625,56,
fresh-s2/D04-36-single-and-36-full-then-gate,138.787,1468084224,2842288128,11.15625,2.390625,56,
fresh-s2/D04-36-single-and-36-full-then-gate,139.798,1468084224,2842288128,11.15625,2.390625,56,
fresh-s2/D04-36-single-and-36-full-then-gate,140.811,1468084224,2842288128,11.15625,2.390625,56,
fresh-s2/D04-36-single-and-36-full-then-gate,141.828,1468084224,2842288128,11.15625,2.390625,56,
fresh-s2/D04-36-single-and-36-full-then-gate,142.836,1468084224,2842288128,11.15625,2.390625,56,
fresh-s2/D04-36-single-and-36-full-then-gate,143.862,1468084224,2842288128,11.15625,2.390625,56,
fresh-s2/D04-36-single-and-36-full-then-gate,144.878,1468084224,2842288128,11.15625,2.390625,56,
fresh-s2/D04-36-single-and-36-full-then-gate,145.889,1468084224,2842288128,11.15625,2.390625,56,
fresh-s2/D04-36-single-and-36-full-then-gate,146.908,1468084224,2842288128,11.15625,2.390625,56,
fresh-s2/D04-36-single-and-36-full-then-gate,147.919,1468084224,2842288128,11.15625,2.390625,56,
fresh-s2/D04-36-single-and-36-full-then-gate,148.93,1468084224,2842288128,11.15625,2.390625,56,
fresh-s2/D04-36-single-and-36-full-then-gate,149.951,1468084224,2842288128,11.15625,2.390625,56,
fresh-s2/D04-36-single-and-36-full-then-gate,150.961,1468084224,2842288128,11.15625,2.390625,56,
fresh-s2/D04-36-single-and-36-full-then-gate,151.97,1468084224,2842288128,11.15625,2.390625,56,
fresh-s2/D04-36-single-and-36-full-then-gate,152.982,1468084224,2842288128,11.15625,2.390625,56,
fresh-s2/D04-36-single-and-36-full-then-gate,153.996,1468084224,2842288128,11.15625,2.390625,56,
fresh-s2/D04-36-single-and-36-full-then-gate,155.009,1468084224,2842832896,11.15625,2.390625,56,
fresh-s2/D04-36-single-and-36-full-then-gate,156.043,1468084224,2842832896,11.15625,2.390625,56,
fresh-s2/D04-36-single-and-36-full-then-gate,157.058,1468084224,2842832896,11.15625,2.390625,56,
fresh-s2/D04-36-single-and-36-full-then-gate,158.071,1468084224,2842832896,11.15625,2.390625,56,
fresh-s2/D04-36-single-and-36-full-then-gate,159.085,1468084224,2842832896,11.15625,2.390625,56,
fresh-s2/D04-36-single-and-36-full-then-gate,160.094,1468084224,2842832896,11.15625,2.390625,56,
fresh-s2/D04-36-single-and-36-full-then-gate,161.119,1468084224,2842832896,11.15625,2.390625,56,
fresh-s2/D04-36-single-and-36-full-then-gate,162.131,1468084224,2842832896,11.15625,2.390625,56,
fresh-s2/D04-36-single-and-36-full-then-gate,163.155,1468084224,2842832896,11.15625,2.390625,56,
fresh-s2/D04-36-single-and-36-full-then-gate,164.175,1468084224,2842832896,11.15625,2.390625,56,
fresh-s2/D04-36-single-and-36-full-then-gate,165.197,1468084224,2842832896,11.15625,2.390625,56,
fresh-s2/D04-36-single-and-36-full-then-gate,166.212,1468084224,2842832896,11.15625,2.390625,56,
fresh-s2/D04-36-single-and-36-full-then-gate,167.229,1468084224,2842832896,11.15625,2.390625,56,
fresh-s2/D04-36-single-and-36-full-then-gate,168.243,1468084224,2842832896,11.15625,2.390625,56,
fresh-s2/D04-36-single-and-36-full-then-gate,169.252,1468084224,2842832896,11.15625,2.390625,56,
fresh-s2/D04-36-single-and-36-full-then-gate,170.267,1468084224,2842832896,11.15625,2.390625,56,
fresh-s2/D04-36-single-and-36-full-then-gate,171.275,1468084224,2842832896,11.15625,2.390625,56,
fresh-s2/D04-36-single-and-36-full-then-gate,172.297,1468084224,2842832896,11.15625,2.390625,56,
fresh-s2/D04-36-single-and-36-full-then-gate,173.308,1468084224,2842832896,11.15625,2.390625,56,
fresh-s2/D04-36-single-and-36-full-then-gate,174.327,1468084224,2842832896,11.15625,2.390625,56,
fresh-s2/D04-36-single-and-36-full-then-gate,175.34,1468084224,2842832896,11.15625,2.390625,56,
fresh-s2/D04-36-single-and-36-full-then-gate,176.361,1468084224,2842832896,11.15625,2.40625,56,
fresh-s2/D04-36-single-and-36-full-then-gate,177.387,1468084224,2842832896,11.15625,2.40625,56,
fresh-s2/D04-36-single-and-36-full-then-gate,178.397,1468084224,2842832896,11.15625,2.40625,56,
fresh-s2/D04-36-single-and-36-full-then-gate,179.407,1468084224,2842832896,11.15625,2.40625,56,
gpt-review-package/evidence/fresh-s2/D01-gate-first,0.001,562225152,2200391680,8.5,0.65625,58,
gpt-review-package/evidence/fresh-s2/D01-gate-first,1.016,544190464,2179571712,8.890625,0.65625,58,
gpt-review-package/evidence/fresh-s2/D01-gate-first,2.03,544190464,2179571712,8.890625,0.65625,58,
gpt-review-package/evidence/fresh-s2/D01-gate-first,3.045,441745408,2081718272,8.890625,0.671875,58,
gpt-review-package/evidence/fresh-s2/D01-gate-first,4.058,441745408,2081718272,8.890625,0.671875,58,
gpt-review-package/evidence/fresh-s2/D01-gate-first,5.076,441745408,2081718272,8.890625,0.671875,58,
gpt-review-package/evidence/fresh-s2/D01-gate-first,7.445,441860096,2081873920,8.890625,0.671875,58,
gpt-review-package/evidence/fresh-s2/D01-gate-first,8.453,441860096,2082160640,8.890625,0.671875,58,
gpt-review-package/evidence/fresh-s2/D01-gate-first,9.471,441860096,2082160640,8.890625,0.671875,58,
gpt-review-package/evidence/fresh-s2/D01-gate-first,10.483,441860096,2082160640,8.890625,0.671875,58,
gpt-review-package/evidence/fresh-s2/D01-gate-first,11.503,441860096,2082160640,8.890625,0.671875,58,
gpt-review-package/evidence/fresh-s2/D01-gate-first,12.517,441860096,2082160640,8.890625,0.671875,58,
gpt-review-package/evidence/fresh-s2/D01-gate-first,13.538,441860096,2082160640,8.890625,0.671875,58,
gpt-review-package/evidence/fresh-s2/D01-gate-first,14.556,441860096,2082160640,8.890625,0.671875,58,
gpt-review-package/evidence/fresh-s2/D01-gate-first,15.571,441860096,2082160640,8.890625,0.671875,58,
gpt-review-package/evidence/fresh-s2/D01-gate-first,17.495,441909248,2082189312,8.890625,0.671875,58,
gpt-review-package/evidence/fresh-s2/D01-gate-first,18.507,441913344,2083000320,8.890625,0.671875,58,
gpt-review-package/evidence/fresh-s2/D01-gate-first,19.517,441913344,2083000320,8.890625,0.671875,58,
gpt-review-package/evidence/fresh-s2/D01-gate-first,20.531,441913344,2083000320,8.890625,0.671875,58,
gpt-review-package/evidence/fresh-s2/D01-gate-first,21.539,441913344,2083000320,8.890625,0.671875,58,
gpt-review-package/evidence/fresh-s2/D01-gate-first,22.56,441913344,2083000320,8.890625,0.671875,58,
gpt-review-package/evidence/fresh-s2/D01-gate-first,23.582,441946112,2083995648,8.890625,0.671875,60,
gpt-review-package/evidence/fresh-s2/D01-gate-first,24.6,441946112,2083995648,8.890625,0.671875,60,
gpt-review-package/evidence/fresh-s2/D01-gate-first,25.621,441946112,2083995648,8.890625,0.671875,60,
gpt-review-package/evidence/fresh-s2/D01-gate-first,26.642,441946112,2083995648,8.890625,0.671875,60,
gpt-review-package/evidence/fresh-s2/D01-gate-first,27.651,441946112,2083995648,8.890625,0.671875,60,
gpt-review-package/evidence/fresh-s2/D01-gate-first,28.665,441946112,2083995648,8.890625,0.671875,60,
gpt-review-package/evidence/fresh-s2/D01-gate-first,29.684,441946112,2083995648,8.890625,0.671875,60,
gpt-review-package/evidence/fresh-s2/D01-gate-first,30.698,441946112,2083995648,8.890625,0.671875,60,
gpt-review-package/evidence/fresh-s2/D01-gate-first,32.545,441991168,2084040704,8.890625,0.671875,60,
gpt-review-package/evidence/fresh-s2/D01-gate-first,33.556,441991168,2084487168,8.890625,0.6875,60,
gpt-review-package/evidence/fresh-s2/D01-gate-first,34.571,442011648,2084487168,8.890625,0.6875,60,
gpt-review-package/evidence/fresh-s2/D01-gate-first,35.586,442015744,2084487168,8.890625,0.6875,60,
gpt-review-package/evidence/fresh-s2/D01-gate-first,36.601,442015744,2084679680,8.890625,0.6875,60,
gpt-review-package/evidence/fresh-s2/D01-gate-first,37.614,442019840,2084679680,8.890625,0.6875,60,
gpt-review-package/evidence/fresh-s2/D01-gate-first,38.632,442019840,2084679680,8.890625,0.6875,60,
gpt-review-package/evidence/fresh-s2/D01-gate-first,39.644,442019840,2084679680,8.890625,0.6875,60,
gpt-review-package/evidence/fresh-s2/D01-gate-first,40.666,442023936,2084679680,8.890625,0.6875,60,
gpt-review-package/evidence/fresh-s2/D01-gate-first,41.686,442023936,2084679680,8.890625,0.6875,60,
gpt-review-package/evidence/fresh-s2/D01-gate-first,42.703,442023936,2084679680,8.890625,0.6875,60,
gpt-review-package/evidence/fresh-s2/D01-gate-first,43.712,442019840,2084679680,8.890625,0.6875,60,
gpt-review-package/evidence/fresh-s2/D01-gate-first,44.725,442023936,2084679680,8.890625,0.6875,60,
gpt-review-package/evidence/fresh-s2/D01-gate-first,45.741,442023936,2084679680,8.890625,0.6875,60,
gpt-review-package/evidence/fresh-s2/D01-gate-first,46.755,442023936,2084679680,8.890625,0.6875,60,
gpt-review-package/evidence/fresh-s2/D01-gate-first,47.767,442023936,2084679680,8.890625,0.6875,60,
gpt-review-package/evidence/fresh-s2/D01-gate-first,48.778,442023936,2084679680,8.890625,0.6875,60,
gpt-review-package/evidence/fresh-s2/D01-gate-first,49.793,442023936,2084679680,8.890625,0.6875,60,
gpt-review-package/evidence/fresh-s2/D01-gate-first,50.807,442023936,2084679680,8.890625,0.6875,60,
gpt-review-package/evidence/fresh-s2/D01-gate-first,51.822,442023936,2084679680,8.890625,0.6875,60,
gpt-review-package/evidence/fresh-s2/D01-gate-first,52.842,442105856,2084761600,8.890625,0.6875,57,
gpt-review-package/evidence/fresh-s2/D01-gate-first,53.855,442109952,2085953536,8.890625,0.6875,57,
gpt-review-package/evidence/fresh-s2/D01-gate-first,54.874,442109952,2085953536,8.890625,0.6875,57,
gpt-review-package/evidence/fresh-s2/D01-gate-first,55.895,442109952,2085953536,8.890625,0.6875,57,
gpt-review-package/evidence/fresh-s2/D01-gate-first,56.904,442122240,2085953536,8.890625,0.6875,57,
gpt-review-package/evidence/fresh-s2/D01-gate-first,57.923,442122240,2085953536,8.890625,0.6875,57,
gpt-review-package/evidence/fresh-s2/D01-gate-first,58.941,442150912,2085953536,8.890625,0.6875,57,
gpt-review-package/evidence/fresh-s2/D01-gate-first,59.963,442155008,2085953536,8.890625,0.6875,57,
gpt-review-package/evidence/fresh-s2/D01-gate-first,60.983,442155008,2085953536,8.890625,0.6875,57,
gpt-review-package/evidence/fresh-s2/D01-gate-first,63.177,442155008,2085953536,8.890625,0.6875,57,
gpt-review-package/evidence/fresh-s2/D01-gate-first,64.197,442155008,2085953536,8.890625,0.6875,57,
gpt-review-package/evidence/fresh-s2/D01-gate-first,65.215,442155008,2085953536,8.890625,0.6875,57,
gpt-review-package/evidence/fresh-s2/D01-gate-first,66.23,442155008,2085953536,8.890625,0.6875,57,
gpt-review-package/evidence/fresh-s2/D01-gate-first,67.25,442155008,2085953536,8.890625,0.6875,57,
gpt-review-package/evidence/fresh-s2/D01-gate-first,68.279,442155008,2085953536,8.890625,0.6875,57,
gpt-review-package/evidence/fresh-s2/D01-gate-first,69.3,442155008,2085953536,8.890625,0.6875,57,
gpt-review-package/evidence/fresh-s2/D01-gate-first,70.318,442155008,2085953536,8.890625,0.6875,57,
gpt-review-package/evidence/fresh-s2/D01-gate-first,71.339,442155008,2085953536,8.890625,0.6875,57,
gpt-review-package/evidence/fresh-s2/D01-gate-first,72.357,442155008,2085953536,8.890625,0.6875,57,
gpt-review-package/evidence/fresh-s2/D01-gate-first,73.377,442155008,2085953536,8.890625,0.6875,57,
gpt-review-package/evidence/fresh-s2/D01-gate-first,74.39,442155008,2085953536,8.890625,0.6875,57,
gpt-review-package/evidence/fresh-s2/D01-gate-first,75.414,442155008,2085953536,8.890625,0.6875,57,
gpt-review-package/evidence/fresh-s2/D01-gate-first,76.437,442155008,2085953536,8.890625,0.6875,57,
gpt-review-package/evidence/fresh-s2/D01-gate-first,77.448,442155008,2085953536,8.890625,0.6875,57,
gpt-review-package/evidence/fresh-s2/D01-gate-first,78.464,442155008,2085953536,8.890625,0.6875,57,
gpt-review-package/evidence/fresh-s2/D01-gate-first,79.48,442163200,2085982208,8.890625,0.6875,57,
gpt-review-package/evidence/fresh-s2/D01-gate-first,80.499,442163200,2085982208,8.890625,0.6875,57,
gpt-review-package/evidence/fresh-s2/D01-gate-first,81.51,442163200,2085982208,8.890625,0.6875,57,
gpt-review-package/evidence/fresh-s2/D01-gate-first,82.527,442163200,2085982208,8.890625,0.6875,57,
gpt-review-package/evidence/fresh-s2/D01-gate-first,83.542,442441728,2086240256,8.890625,0.6875,57,
gpt-review-package/evidence/fresh-s2/D01-gate-first,84.556,442458112,2086248448,8.890625,0.6875,57,
gpt-review-package/evidence/fresh-s2/D01-gate-first,85.578,442458112,2086248448,8.890625,0.6875,57,
gpt-review-package/evidence/fresh-s2/D01-gate-first,86.606,442458112,2086248448,8.890625,0.6875,57,
gpt-review-package/evidence/fresh-s2/D01-gate-first,87.622,442458112,2086248448,8.890625,0.6875,57,
gpt-review-package/evidence/fresh-s2/D01-gate-first,88.652,442458112,2086248448,8.890625,0.6875,57,
gpt-review-package/evidence/fresh-s2/D01-gate-first,89.665,442458112,2086248448,8.890625,0.6875,57,
gpt-review-package/evidence/fresh-s2/D01-gate-first,90.676,442458112,2086248448,8.890625,0.6875,57,
gpt-review-package/evidence/fresh-s2/D01-gate-first,91.686,442458112,2086248448,8.890625,0.6875,57,
gpt-review-package/evidence/fresh-s2/D01-gate-first,92.702,442458112,2086248448,8.890625,0.6875,57,
gpt-review-package/evidence/fresh-s2/D01-gate-first,93.715,442458112,2086248448,8.890625,0.6875,57,
gpt-review-package/evidence/fresh-s2/D01-gate-first,94.731,442458112,2086248448,8.890625,0.6875,57,
gpt-review-package/evidence/fresh-s2/D01-gate-first,95.754,442454016,2086248448,8.90625,0.6875,57,
gpt-review-package/evidence/fresh-s2/D01-gate-first,96.762,442458112,2086248448,8.90625,0.6875,57,
gpt-review-package/evidence/fresh-s2/D01-gate-first,97.775,442458112,2086248448,8.90625,0.6875,57,
gpt-review-package/evidence/fresh-s2/D01-gate-first,98.789,442458112,2086248448,8.90625,0.6875,57,
gpt-review-package/evidence/fresh-s2/D01-gate-first,99.804,442458112,2086248448,8.90625,0.6875,57,
gpt-review-package/evidence/fresh-s2/D01-gate-first,100.818,442458112,2086248448,8.90625,0.6875,57,
gpt-review-package/evidence/fresh-s2/D01-gate-first,101.831,442458112,2086248448,8.90625,0.6875,57,
gpt-review-package/evidence/fresh-s2/D01-gate-first,102.846,442462208,2086248448,8.90625,0.6875,57,
gpt-review-package/evidence/fresh-s2/D01-gate-first,103.859,442462208,2086248448,8.90625,0.6875,57,
gpt-review-package/evidence/fresh-s2/D01-gate-first,104.871,442462208,2086248448,8.90625,0.6875,57,
gpt-review-package/evidence/fresh-s2/D01-gate-first,105.885,442462208,2086248448,8.90625,0.6875,57,
gpt-review-package/evidence/fresh-s2/D01-gate-first,106.905,442462208,2086248448,8.90625,0.6875,57,
gpt-review-package/evidence/fresh-s2/D01-gate-first,107.934,442462208,2086248448,8.90625,0.6875,57,
gpt-review-package/evidence/fresh-s2/D01-gate-first,108.948,442462208,2086248448,8.90625,0.6875,57,
gpt-review-package/evidence/fresh-s2/D01-gate-first,109.963,442462208,2086248448,8.90625,0.6875,57,
gpt-review-package/evidence/fresh-s2/D01-gate-first,110.976,442462208,2086248448,8.90625,0.6875,57,
gpt-review-package/evidence/fresh-s2/D01-gate-first,111.988,442462208,2086248448,8.90625,0.6875,57,
gpt-review-package/evidence/fresh-s2/D01-gate-first,113.0,442466304,2086248448,8.90625,0.6875,57,
gpt-review-package/evidence/fresh-s2/D01-gate-first,114.016,442466304,2086248448,8.90625,0.6875,57,
gpt-review-package/evidence/fresh-s2/D01-gate-first,115.043,442466304,2086248448,8.90625,0.6875,57,
gpt-review-package/evidence/fresh-s2/D01-gate-first,116.056,442466304,2086248448,8.90625,0.6875,57,
gpt-review-package/evidence/fresh-s2/D01-gate-first,117.077,442466304,2086248448,8.90625,0.6875,57,
gpt-review-package/evidence/fresh-s2/D01-gate-first,118.103,442466304,2086248448,8.90625,0.6875,57,
gpt-review-package/evidence/fresh-s2/D01-gate-first,119.118,442466304,2086248448,8.90625,0.6875,57,
gpt-review-package/evidence/fresh-s2/D01-gate-first,120.146,442466304,2086248448,8.90625,0.6875,57,
gpt-review-package/evidence/fresh-s2/D01-gate-first,122.377,442470400,2086248448,8.90625,0.6875,57,
gpt-review-package/evidence/fresh-s2/D01-gate-first,123.4,442470400,2086248448,8.90625,0.6875,57,
gpt-review-package/evidence/fresh-s2/D01-gate-first,124.422,442470400,2086248448,8.90625,0.6875,57,
gpt-review-package/evidence/fresh-s2/D01-gate-first,125.444,442470400,2086248448,8.90625,0.6875,57,
gpt-review-package/evidence/fresh-s2/D01-gate-first,126.461,442449920,2086187008,8.90625,0.6875,55,
gpt-review-package/evidence/fresh-s2/D01-gate-first,127.477,442449920,2086187008,8.90625,0.6875,55,
gpt-review-package/evidence/fresh-s2/D01-gate-first,128.491,442449920,2086187008,8.90625,0.6875,55,
gpt-review-package/evidence/fresh-s2/D01-gate-first,129.504,442454016,2086187008,8.90625,0.6875,55,
gpt-review-package/evidence/fresh-s2/D01-gate-first,130.526,442454016,2086187008,8.90625,0.6875,55,
gpt-review-package/evidence/fresh-s2/D01-gate-first,131.55,442454016,2086187008,8.90625,0.6875,55,
gpt-review-package/evidence/fresh-s2/D01-gate-first,132.567,442454016,2086187008,8.90625,0.6875,55,
gpt-review-package/evidence/fresh-s2/D01-gate-first,133.587,442454016,2086187008,8.90625,0.6875,55,
gpt-review-package/evidence/fresh-s2/D01-gate-first,134.597,442454016,2086187008,8.90625,0.6875,55,
gpt-review-package/evidence/fresh-s2/D01-gate-first,135.611,442454016,2086187008,8.90625,0.6875,55,
gpt-review-package/evidence/fresh-s2/D01-gate-first,136.624,442458112,2086187008,8.90625,0.6875,55,
gpt-review-package/evidence/fresh-s2/D01-gate-first,137.637,442458112,2086187008,8.90625,0.6875,55,
gpt-review-package/evidence/fresh-s2/D01-gate-first,138.647,442462208,2086187008,8.90625,0.6875,55,
gpt-review-package/evidence/fresh-s2/D01-gate-first,139.662,442462208,2086187008,8.90625,0.6875,55,
gpt-review-package/evidence/fresh-s2/D01-gate-first,140.674,442462208,2086187008,8.90625,0.6875,55,
gpt-review-package/evidence/fresh-s2/D01-gate-first,141.684,442462208,2086187008,8.90625,0.6875,55,
gpt-review-package/evidence/fresh-s2/D01-gate-first,142.693,442462208,2086187008,8.90625,0.6875,55,
gpt-review-package/evidence/fresh-s2/D01-gate-first,143.709,442462208,2086187008,8.90625,0.6875,55,
gpt-review-package/evidence/fresh-s2/D01-gate-first,144.72,442462208,2086187008,8.90625,0.6875,55,
gpt-review-package/evidence/fresh-s2/D01-gate-first,145.734,442462208,2086187008,8.90625,0.6875,55,
gpt-review-package/evidence/fresh-s2/D01-gate-first,146.746,442462208,2086187008,8.90625,0.6875,55,
gpt-review-package/evidence/fresh-s2/D01-gate-first,147.764,442458112,2086187008,8.90625,0.6875,55,
gpt-review-package/evidence/fresh-s2/D01-gate-first,148.789,442462208,2086187008,8.90625,0.6875,55,
gpt-review-package/evidence/fresh-s2/D01-gate-first,149.798,442462208,2086187008,8.90625,0.6875,55,
gpt-review-package/evidence/fresh-s2/D01-gate-first,150.811,442462208,2086187008,8.90625,0.6875,55,
gpt-review-package/evidence/fresh-s2/D01-gate-first,151.827,442462208,2086187008,8.90625,0.6875,55,
gpt-review-package/evidence/fresh-s2/D01-gate-first,152.84,442462208,2086187008,8.90625,0.6875,55,
gpt-review-package/evidence/fresh-s2/D01-gate-first,153.855,442462208,2086187008,8.90625,0.6875,55,
gpt-review-package/evidence/fresh-s2/D01-gate-first,154.866,442462208,2086187008,8.90625,0.6875,55,
gpt-review-package/evidence/fresh-s2/D01-gate-first,155.877,442462208,2086187008,8.90625,0.6875,55,
gpt-review-package/evidence/fresh-s2/D01-gate-first,156.889,442462208,2086187008,8.90625,0.6875,55,
gpt-review-package/evidence/fresh-s2/D01-gate-first,157.899,442462208,2086187008,8.90625,0.6875,55,
gpt-review-package/evidence/fresh-s2/D01-gate-first,158.909,442462208,2086187008,8.90625,0.6875,55,
gpt-review-package/evidence/fresh-s2/D01-gate-first,159.921,442462208,2086187008,8.90625,0.6875,55,
gpt-review-package/evidence/fresh-s2/D01-gate-first,160.936,442478592,2086207488,8.90625,0.6875,55,
gpt-review-package/evidence/fresh-s2/D01-gate-first,161.964,442478592,2086207488,8.90625,0.6875,55,
gpt-review-package/evidence/fresh-s2/D01-gate-first,162.976,442478592,2086207488,8.90625,0.6875,55,
gpt-review-package/evidence/fresh-s2/D01-gate-first,163.988,442478592,2086207488,8.90625,0.6875,55,
gpt-review-package/evidence/fresh-s2/D01-gate-first,164.995,442478592,2086207488,8.90625,0.6875,55,
gpt-review-package/evidence/fresh-s2/D01-gate-first,166.008,442478592,2086207488,8.90625,0.6875,55,
gpt-review-package/evidence/fresh-s2/D01-gate-first,167.021,442474496,2086207488,8.921875,0.6875,55,
gpt-review-package/evidence/fresh-s2/D01-gate-first,168.031,442478592,2086207488,8.921875,0.6875,55,
gpt-review-package/evidence/fresh-s2/D01-gate-first,169.044,442478592,2086207488,8.921875,0.6875,55,
gpt-review-package/evidence/fresh-s2/D01-gate-first,170.054,442478592,2086207488,8.921875,0.6875,55,
gpt-review-package/evidence/fresh-s2/D01-gate-first,171.063,442478592,2086207488,8.921875,0.6875,55,
gpt-review-package/evidence/fresh-s2/D01-gate-first,172.078,442478592,2086207488,8.921875,0.6875,55,
gpt-review-package/evidence/fresh-s2/D01-gate-first,173.091,442486784,2086207488,8.921875,0.6875,55,
gpt-review-package/evidence/fresh-s2/D01-gate-first,174.101,442486784,2086207488,8.921875,0.6875,55,
gpt-review-package/evidence/fresh-s2/D01-gate-first,175.112,442486784,2086207488,8.921875,0.6875,55,
gpt-review-package/evidence/fresh-s2/D01-gate-first,176.124,442839040,2086776832,8.921875,0.6875,55,
gpt-review-package/evidence/fresh-s2/D01-gate-first,177.139,442851328,2086776832,8.921875,0.6875,55,
gpt-review-package/evidence/fresh-s2/D01-gate-first,178.147,442847232,2086776832,8.921875,0.6875,55,
gpt-review-package/evidence/fresh-s2/D01-gate-first,179.162,442851328,2086776832,8.921875,0.6875,55,
gpt-review-package/evidence/fresh-s2/D02-one-full-series-then-gate,0.001,623357952,2254630912,8.21875,1.09375,58,
gpt-review-package/evidence/fresh-s2/D02-one-full-series-then-gate,1.018,627666944,2258751488,8.25,1.09375,58,
gpt-review-package/evidence/fresh-s2/D02-one-full-series-then-gate,2.036,627679232,2258755584,8.25,1.09375,58,
gpt-review-package/evidence/fresh-s2/D02-one-full-series-then-gate,3.059,602050560,2238304256,8.25,1.09375,58,
gpt-review-package/evidence/fresh-s2/D02-one-full-series-then-gate,4.076,602050560,2238304256,8.25,1.09375,58,
gpt-review-package/evidence/fresh-s2/D02-one-full-series-then-gate,5.096,602054656,2238308352,8.25,1.09375,58,
gpt-review-package/evidence/fresh-s2/D02-one-full-series-then-gate,7.129,602144768,2238365696,8.25,1.09375,58,
gpt-review-package/evidence/fresh-s2/D02-one-full-series-then-gate,8.141,602144768,2238623744,8.25,1.09375,58,
gpt-review-package/evidence/fresh-s2/D02-one-full-series-then-gate,9.156,602144768,2238623744,8.25,1.09375,58,
gpt-review-package/evidence/fresh-s2/D02-one-full-series-then-gate,10.172,602144768,2238623744,8.25,1.09375,58,
gpt-review-package/evidence/fresh-s2/D02-one-full-series-then-gate,11.188,602144768,2238623744,8.25,1.09375,58,
gpt-review-package/evidence/fresh-s2/D02-one-full-series-then-gate,12.198,602144768,2238623744,8.25,1.09375,58,
gpt-review-package/evidence/fresh-s2/D02-one-full-series-then-gate,13.207,602144768,2238623744,8.25,1.09375,58,
gpt-review-package/evidence/fresh-s2/D02-one-full-series-then-gate,14.218,602144768,2238623744,8.25,1.09375,58,
gpt-review-package/evidence/fresh-s2/D02-one-full-series-then-gate,15.235,602144768,2238623744,8.25,1.09375,58,
gpt-review-package/evidence/fresh-s2/D02-one-full-series-then-gate,17.48,602144768,2238623744,8.296875,1.09375,58,
gpt-review-package/evidence/fresh-s2/D02-one-full-series-then-gate,18.493,602144768,2238623744,8.296875,1.09375,58,
gpt-review-package/evidence/fresh-s2/D02-one-full-series-then-gate,19.514,602181632,2239660032,8.296875,1.09375,60,
gpt-review-package/evidence/fresh-s2/D02-one-full-series-then-gate,20.529,602181632,2239660032,8.296875,1.09375,60,
gpt-review-package/evidence/fresh-s2/D02-one-full-series-then-gate,21.553,602181632,2239660032,8.296875,1.09375,60,
gpt-review-package/evidence/fresh-s2/D02-one-full-series-then-gate,22.574,602181632,2239660032,8.296875,1.09375,60,
gpt-review-package/evidence/fresh-s2/D02-one-full-series-then-gate,23.589,602181632,2239660032,8.296875,1.09375,60,
gpt-review-package/evidence/fresh-s2/D02-one-full-series-then-gate,24.608,602181632,2239660032,8.296875,1.09375,60,
gpt-review-package/evidence/fresh-s2/D02-one-full-series-then-gate,25.619,602181632,2239660032,8.296875,1.09375,60,
gpt-review-package/evidence/fresh-s2/D02-one-full-series-then-gate,26.628,602181632,2239660032,8.296875,1.09375,60,
gpt-review-package/evidence/fresh-s2/D02-one-full-series-then-gate,27.644,602181632,2239660032,8.296875,1.09375,60,
gpt-review-package/evidence/fresh-s2/D02-one-full-series-then-gate,28.658,602181632,2239660032,8.296875,1.09375,60,
gpt-review-package/evidence/fresh-s2/D02-one-full-series-then-gate,29.672,602181632,2239660032,8.296875,1.09375,60,
gpt-review-package/evidence/fresh-s2/D02-one-full-series-then-gate,30.684,602181632,2239660032,8.296875,1.09375,60,
gpt-review-package/evidence/fresh-s2/D02-one-full-series-then-gate,32.629,602214400,2239688704,8.3125,1.09375,60,
gpt-review-package/evidence/fresh-s2/D02-one-full-series-then-gate,33.644,602214400,2239688704,8.3125,1.09375,60,
gpt-review-package/evidence/fresh-s2/D02-one-full-series-then-gate,34.669,602214400,2239688704,8.3125,1.09375,60,
gpt-review-package/evidence/fresh-s2/D02-one-full-series-then-gate,35.682,602214400,2239688704,8.3125,1.09375,60,
gpt-review-package/evidence/fresh-s2/D02-one-full-series-then-gate,36.693,602214400,2239688704,8.3125,1.09375,60,
gpt-review-package/evidence/fresh-s2/D02-one-full-series-then-gate,37.711,602214400,2239688704,8.3125,1.09375,60,
gpt-review-package/evidence/fresh-s2/D02-one-full-series-then-gate,38.723,602210304,2239688704,8.3125,1.09375,60,
gpt-review-package/evidence/fresh-s2/D02-one-full-series-then-gate,39.74,602214400,2239688704,8.3125,1.09375,60,
gpt-review-package/evidence/fresh-s2/D02-one-full-series-then-gate,40.753,602214400,2239688704,8.3125,1.09375,60,
gpt-review-package/evidence/fresh-s2/D02-one-full-series-then-gate,41.77,602214400,2239688704,8.3125,1.09375,60,
gpt-review-package/evidence/fresh-s2/D02-one-full-series-then-gate,42.783,602214400,2239688704,8.3125,1.09375,60,
gpt-review-package/evidence/fresh-s2/D02-one-full-series-then-gate,43.796,602214400,2239688704,8.3125,1.09375,60,
gpt-review-package/evidence/fresh-s2/D02-one-full-series-then-gate,44.813,602214400,2239688704,8.3125,1.09375,60,
gpt-review-package/evidence/fresh-s2/D02-one-full-series-then-gate,45.83,602214400,2239688704,8.3125,1.09375,60,
gpt-review-package/evidence/fresh-s2/D02-one-full-series-then-gate,46.844,602214400,2239688704,8.3125,1.09375,60,
gpt-review-package/evidence/fresh-s2/D02-one-full-series-then-gate,47.855,602226688,2239705088,8.3125,1.09375,57,
gpt-review-package/evidence/fresh-s2/D02-one-full-series-then-gate,48.866,602230784,2239705088,8.3125,1.09375,57,
gpt-review-package/evidence/fresh-s2/D02-one-full-series-then-gate,49.877,602230784,2239705088,8.3125,1.09375,57,
gpt-review-package/evidence/fresh-s2/D02-one-full-series-then-gate,50.894,602230784,2239705088,8.3125,1.09375,57,
gpt-review-package/evidence/fresh-s2/D02-one-full-series-then-gate,51.914,602230784,2239705088,8.3125,1.09375,57,
gpt-review-package/evidence/fresh-s2/D02-one-full-series-then-gate,52.927,602230784,2239705088,8.3125,1.09375,57,
gpt-review-package/evidence/fresh-s2/D02-one-full-series-then-gate,53.944,602292224,2239762432,8.3125,1.09375,57,
gpt-review-package/evidence/fresh-s2/D02-one-full-series-then-gate,54.965,602312704,2239762432,8.3125,1.09375,57,
gpt-review-package/evidence/fresh-s2/D02-one-full-series-then-gate,55.979,602316800,2239762432,8.3125,1.09375,57,
gpt-review-package/evidence/fresh-s2/D02-one-full-series-then-gate,56.991,602316800,2239762432,8.3125,1.09375,57,
gpt-review-package/evidence/fresh-s2/D02-one-full-series-then-gate,58.012,602316800,2239762432,8.3125,1.09375,57,
gpt-review-package/evidence/fresh-s2/D02-one-full-series-then-gate,59.031,602316800,2239762432,8.3125,1.09375,57,
gpt-review-package/evidence/fresh-s2/D02-one-full-series-then-gate,60.055,602312704,2239762432,8.3125,1.09375,57,
gpt-review-package/evidence/fresh-s2/D02-one-full-series-then-gate,62.206,602316800,2239762432,8.3125,1.09375,57,
gpt-review-package/evidence/fresh-s2/D02-one-full-series-then-gate,63.219,602316800,2239762432,8.3125,1.09375,57,
gpt-review-package/evidence/fresh-s2/D02-one-full-series-then-gate,64.242,602316800,2239762432,8.3125,1.09375,57,
gpt-review-package/evidence/fresh-s2/D02-one-full-series-then-gate,65.257,602316800,2239762432,8.3125,1.09375,57,
gpt-review-package/evidence/fresh-s2/D02-one-full-series-then-gate,66.271,602316800,2239762432,8.3125,1.09375,57,
gpt-review-package/evidence/fresh-s2/D02-one-full-series-then-gate,67.284,602316800,2239762432,8.3125,1.09375,57,
gpt-review-package/evidence/fresh-s2/D02-one-full-series-then-gate,68.301,602316800,2240114688,8.3125,1.09375,57,
gpt-review-package/evidence/fresh-s2/D02-one-full-series-then-gate,69.322,602316800,2240114688,8.3125,1.09375,57,
gpt-review-package/evidence/fresh-s2/D02-one-full-series-then-gate,70.345,602316800,2240114688,8.328125,1.09375,57,
gpt-review-package/evidence/fresh-s2/D02-one-full-series-then-gate,71.356,602316800,2240114688,8.328125,1.09375,57,
gpt-review-package/evidence/fresh-s2/D02-one-full-series-then-gate,72.367,602316800,2240114688,8.328125,1.109375,57,
gpt-review-package/evidence/fresh-s2/D02-one-full-series-then-gate,73.391,602316800,2240114688,8.328125,1.109375,57,
gpt-review-package/evidence/fresh-s2/D02-one-full-series-then-gate,74.419,602316800,2240114688,8.328125,1.109375,57,
gpt-review-package/evidence/fresh-s2/D02-one-full-series-then-gate,75.432,602374144,2240172032,8.328125,1.109375,57,
gpt-review-package/evidence/fresh-s2/D02-one-full-series-then-gate,76.443,602411008,2240196608,8.328125,1.109375,57,
gpt-review-package/evidence/fresh-s2/D02-one-full-series-then-gate,77.457,602681344,2240454656,8.328125,1.109375,57,
gpt-review-package/evidence/fresh-s2/D02-one-full-series-then-gate,78.47,602681344,2240454656,8.328125,1.109375,57,
gpt-review-package/evidence/fresh-s2/D02-one-full-series-then-gate,79.485,602681344,2240454656,8.328125,1.109375,57,
gpt-review-package/evidence/fresh-s2/D02-one-full-series-then-gate,80.493,602693632,2240458752,8.328125,1.109375,57,
gpt-review-package/evidence/fresh-s2/D02-one-full-series-then-gate,81.508,602693632,2240458752,8.328125,1.109375,57,
gpt-review-package/evidence/fresh-s2/D02-one-full-series-then-gate,82.521,602693632,2240458752,8.328125,1.109375,57,
gpt-review-package/evidence/fresh-s2/D02-one-full-series-then-gate,83.537,602693632,2240458752,8.328125,1.109375,57,
gpt-review-package/evidence/fresh-s2/D02-one-full-series-then-gate,84.552,602693632,2240458752,8.328125,1.109375,57,
gpt-review-package/evidence/fresh-s2/D02-one-full-series-then-gate,85.56,602693632,2240458752,8.328125,1.109375,57,
gpt-review-package/evidence/fresh-s2/D02-one-full-series-then-gate,86.583,602693632,2240458752,8.328125,1.109375,57,
gpt-review-package/evidence/fresh-s2/D02-one-full-series-then-gate,87.592,602693632,2240458752,8.328125,1.109375,57,
gpt-review-package/evidence/fresh-s2/D02-one-full-series-then-gate,88.599,602693632,2240458752,8.328125,1.109375,57,
gpt-review-package/evidence/fresh-s2/D02-one-full-series-then-gate,89.609,602693632,2240458752,8.328125,1.109375,57,
gpt-review-package/evidence/fresh-s2/D02-one-full-series-then-gate,90.621,602693632,2240458752,8.328125,1.109375,57,
gpt-review-package/evidence/fresh-s2/D02-one-full-series-then-gate,91.63,602693632,2240458752,8.328125,1.109375,57,
gpt-review-package/evidence/fresh-s2/D02-one-full-series-then-gate,92.652,602693632,2240458752,8.328125,1.109375,57,
gpt-review-package/evidence/fresh-s2/D02-one-full-series-then-gate,93.665,602693632,2240458752,8.328125,1.109375,57,
gpt-review-package/evidence/fresh-s2/D02-one-full-series-then-gate,94.677,602693632,2240487424,8.328125,1.109375,57,
gpt-review-package/evidence/fresh-s2/D02-one-full-series-then-gate,95.691,602693632,2240487424,8.328125,1.109375,57,
gpt-review-package/evidence/fresh-s2/D02-one-full-series-then-gate,96.706,602693632,2240487424,8.328125,1.109375,57,
gpt-review-package/evidence/fresh-s2/D02-one-full-series-then-gate,97.717,602693632,2240487424,8.328125,1.109375,57,
gpt-review-package/evidence/fresh-s2/D02-one-full-series-then-gate,98.727,602693632,2240487424,8.328125,1.109375,57,
gpt-review-package/evidence/fresh-s2/D02-one-full-series-then-gate,99.75,602693632,2240487424,8.328125,1.109375,57,
gpt-review-package/evidence/fresh-s2/D02-one-full-series-then-gate,100.792,602693632,2240487424,8.328125,1.109375,57,
gpt-review-package/evidence/fresh-s2/D02-one-full-series-then-gate,101.817,602693632,2240487424,8.328125,1.109375,57,
gpt-review-package/evidence/fresh-s2/D02-one-full-series-then-gate,102.845,602693632,2240516096,8.328125,1.109375,57,
gpt-review-package/evidence/fresh-s2/D02-one-full-series-then-gate,103.874,602693632,2240516096,8.328125,1.109375,57,
gpt-review-package/evidence/fresh-s2/D02-one-full-series-then-gate,104.897,602693632,2240516096,8.328125,1.109375,57,
gpt-review-package/evidence/fresh-s2/D02-one-full-series-then-gate,105.911,602693632,2240516096,8.328125,1.109375,57,
gpt-review-package/evidence/fresh-s2/D02-one-full-series-then-gate,106.923,602693632,2240516096,8.328125,1.109375,57,
gpt-review-package/evidence/fresh-s2/D02-one-full-series-then-gate,107.945,602697728,2241232896,8.328125,1.109375,57,
gpt-review-package/evidence/fresh-s2/D02-one-full-series-then-gate,108.957,602697728,2241232896,8.328125,1.109375,57,
gpt-review-package/evidence/fresh-s2/D02-one-full-series-then-gate,109.97,602697728,2241232896,8.328125,1.109375,57,
gpt-review-package/evidence/fresh-s2/D02-one-full-series-then-gate,110.994,602697728,2241232896,8.328125,1.109375,57,
gpt-review-package/evidence/fresh-s2/D02-one-full-series-then-gate,112.011,602697728,2241773568,8.328125,1.109375,57,
gpt-review-package/evidence/fresh-s2/D02-one-full-series-then-gate,113.023,602697728,2241773568,8.328125,1.109375,57,
gpt-review-package/evidence/fresh-s2/D02-one-full-series-then-gate,114.033,602697728,2241773568,8.328125,1.109375,57,
gpt-review-package/evidence/fresh-s2/D02-one-full-series-then-gate,115.059,602697728,2241773568,8.328125,1.109375,57,
gpt-review-package/evidence/fresh-s2/D02-one-full-series-then-gate,116.08,602697728,2241773568,8.328125,1.109375,57,
gpt-review-package/evidence/fresh-s2/D02-one-full-series-then-gate,117.105,602697728,2241773568,8.328125,1.109375,57,
gpt-review-package/evidence/fresh-s2/D02-one-full-series-then-gate,118.117,602697728,2241802240,8.328125,1.109375,57,
gpt-review-package/evidence/fresh-s2/D02-one-full-series-then-gate,119.127,602697728,2241802240,8.328125,1.109375,57,
gpt-review-package/evidence/fresh-s2/D02-one-full-series-then-gate,120.141,602705920,2242158592,8.328125,1.109375,57,
gpt-review-package/evidence/fresh-s2/D02-one-full-series-then-gate,122.404,602791936,2242207744,8.375,1.109375,55,
gpt-review-package/evidence/fresh-s2/D02-one-full-series-then-gate,123.414,602791936,2242207744,8.375,1.109375,55,
gpt-review-package/evidence/fresh-s2/D02-one-full-series-then-gate,124.425,602796032,2242207744,8.375,1.109375,55,
gpt-review-package/evidence/fresh-s2/D02-one-full-series-then-gate,125.441,602796032,2242207744,8.375,1.109375,55,
gpt-review-package/evidence/fresh-s2/D02-one-full-series-then-gate,126.45,602796032,2242207744,8.375,1.109375,55,
gpt-review-package/evidence/fresh-s2/D02-one-full-series-then-gate,127.46,602796032,2242207744,8.375,1.109375,55,
gpt-review-package/evidence/fresh-s2/D02-one-full-series-then-gate,128.482,602796032,2242207744,8.375,1.109375,55,
gpt-review-package/evidence/fresh-s2/D02-one-full-series-then-gate,129.504,602796032,2242207744,8.375,1.109375,55,
gpt-review-package/evidence/fresh-s2/D02-one-full-series-then-gate,130.519,602800128,2242207744,8.375,1.109375,55,
gpt-review-package/evidence/fresh-s2/D02-one-full-series-then-gate,131.533,602800128,2242207744,8.375,1.109375,55,
gpt-review-package/evidence/fresh-s2/D02-one-full-series-then-gate,132.543,602796032,2242207744,8.375,1.109375,55,
gpt-review-package/evidence/fresh-s2/D02-one-full-series-then-gate,133.563,602800128,2242207744,8.375,1.109375,55,
gpt-review-package/evidence/fresh-s2/D02-one-full-series-then-gate,134.58,602800128,2242207744,8.375,1.109375,55,
gpt-review-package/evidence/fresh-s2/D02-one-full-series-then-gate,135.596,602800128,2242207744,8.375,1.109375,55,
gpt-review-package/evidence/fresh-s2/D02-one-full-series-then-gate,136.621,602800128,2242207744,8.375,1.109375,55,
gpt-review-package/evidence/fresh-s2/D02-one-full-series-then-gate,137.645,602800128,2242207744,8.375,1.109375,55,
gpt-review-package/evidence/fresh-s2/D02-one-full-series-then-gate,138.655,602800128,2242207744,8.375,1.109375,55,
gpt-review-package/evidence/fresh-s2/D02-one-full-series-then-gate,139.679,602800128,2242207744,8.375,1.109375,55,
gpt-review-package/evidence/fresh-s2/D02-one-full-series-then-gate,140.703,602800128,2242207744,8.375,1.109375,55,
gpt-review-package/evidence/fresh-s2/D02-one-full-series-then-gate,141.717,602800128,2242207744,8.375,1.109375,55,
gpt-review-package/evidence/fresh-s2/D02-one-full-series-then-gate,142.73,602800128,2242207744,8.375,1.109375,55,
gpt-review-package/evidence/fresh-s2/D02-one-full-series-then-gate,143.748,602800128,2242207744,8.375,1.109375,55,
gpt-review-package/evidence/fresh-s2/D02-one-full-series-then-gate,144.762,602800128,2242207744,8.375,1.109375,55,
gpt-review-package/evidence/fresh-s2/D02-one-full-series-then-gate,145.772,602800128,2242207744,8.375,1.109375,55,
gpt-review-package/evidence/fresh-s2/D02-one-full-series-then-gate,146.792,602800128,2242207744,8.375,1.109375,55,
gpt-review-package/evidence/fresh-s2/D02-one-full-series-then-gate,147.813,602800128,2242207744,8.375,1.109375,55,
gpt-review-package/evidence/fresh-s2/D02-one-full-series-then-gate,148.825,602800128,2242207744,8.375,1.109375,55,
gpt-review-package/evidence/fresh-s2/D02-one-full-series-then-gate,149.846,602800128,2242207744,8.375,1.109375,55,
gpt-review-package/evidence/fresh-s2/D02-one-full-series-then-gate,150.862,602800128,2242207744,8.375,1.109375,55,
gpt-review-package/evidence/fresh-s2/D02-one-full-series-then-gate,151.874,602800128,2242207744,8.375,1.109375,55,
gpt-review-package/evidence/fresh-s2/D02-one-full-series-then-gate,152.892,602800128,2242207744,8.375,1.109375,55,
gpt-review-package/evidence/fresh-s2/D02-one-full-series-then-gate,153.904,602800128,2242207744,8.375,1.109375,55,
gpt-review-package/evidence/fresh-s2/D02-one-full-series-then-gate,154.92,602804224,2242207744,8.375,1.109375,55,
gpt-review-package/evidence/fresh-s2/D02-one-full-series-then-gate,155.933,602804224,2242207744,8.375,1.109375,55,
gpt-review-package/evidence/fresh-s2/D02-one-full-series-then-gate,156.945,602804224,2242207744,8.375,1.109375,55,
gpt-review-package/evidence/fresh-s2/D02-one-full-series-then-gate,157.96,602804224,2242207744,8.375,1.109375,55,
gpt-review-package/evidence/fresh-s2/D02-one-full-series-then-gate,158.983,602804224,2242207744,8.375,1.109375,55,
gpt-review-package/evidence/fresh-s2/D02-one-full-series-then-gate,160.007,602804224,2242207744,8.375,1.109375,55,
gpt-review-package/evidence/fresh-s2/D02-one-full-series-then-gate,161.026,602804224,2242207744,8.375,1.109375,55,
gpt-review-package/evidence/fresh-s2/D02-one-full-series-then-gate,162.037,602804224,2242207744,8.375,1.109375,55,
gpt-review-package/evidence/fresh-s2/D02-one-full-series-then-gate,163.053,602800128,2242207744,8.375,1.109375,55,
gpt-review-package/evidence/fresh-s2/D02-one-full-series-then-gate,164.066,602804224,2242207744,8.375,1.109375,55,
gpt-review-package/evidence/fresh-s2/D02-one-full-series-then-gate,165.08,602804224,2242207744,8.375,1.109375,55,
gpt-review-package/evidence/fresh-s2/D02-one-full-series-then-gate,166.101,602804224,2242207744,8.375,1.109375,55,
gpt-review-package/evidence/fresh-s2/D02-one-full-series-then-gate,167.119,602804224,2242207744,8.375,1.109375,55,
gpt-review-package/evidence/fresh-s2/D02-one-full-series-then-gate,168.141,602808320,2242207744,8.375,1.109375,55,
gpt-review-package/evidence/fresh-s2/D02-one-full-series-then-gate,169.161,602808320,2242207744,8.375,1.109375,55,
gpt-review-package/evidence/fresh-s2/D02-one-full-series-then-gate,170.178,602808320,2242207744,8.375,1.109375,55,
gpt-review-package/evidence/fresh-s2/D02-one-full-series-then-gate,171.199,603045888,2242457600,8.375,1.109375,55,
gpt-review-package/evidence/fresh-s2/D02-one-full-series-then-gate,172.22,603054080,2242457600,8.375,1.109375,55,
gpt-review-package/evidence/fresh-s2/D02-one-full-series-then-gate,173.229,603054080,2242457600,8.375,1.109375,55,
gpt-review-package/evidence/fresh-s2/D02-one-full-series-then-gate,174.238,603054080,2242457600,8.375,1.109375,55,
gpt-review-package/evidence/fresh-s2/D02-one-full-series-then-gate,175.257,603054080,2242457600,8.375,1.109375,55,
gpt-review-package/evidence/fresh-s2/D02-one-full-series-then-gate,176.268,603054080,2242457600,8.375,1.109375,55,
gpt-review-package/evidence/fresh-s2/D02-one-full-series-then-gate,177.278,603054080,2242457600,8.375,1.109375,55,
gpt-review-package/evidence/fresh-s2/D02-one-full-series-then-gate,178.287,603054080,2242457600,8.375,1.109375,55,
gpt-review-package/evidence/fresh-s2/D02-one-full-series-then-gate,179.299,603054080,2242457600,8.375,1.109375,55,
gpt-review-package/evidence/fresh-s2/D03-36-full-series-then-gate,0.001,1748811776,3019763712,15.25,4.8125,55,
gpt-review-package/evidence/fresh-s2/D03-36-full-series-then-gate,1.011,1748668416,3020222464,15.34375,4.8125,55,
gpt-review-package/evidence/fresh-s2/D03-36-full-series-then-gate,2.021,1748672512,3020222464,15.34375,4.8125,55,
gpt-review-package/evidence/fresh-s2/D03-36-full-series-then-gate,3.035,1748672512,3020222464,15.34375,4.8125,55,
gpt-review-package/evidence/fresh-s2/D03-36-full-series-then-gate,4.056,1748672512,3020222464,15.34375,4.8125,55,
gpt-review-package/evidence/fresh-s2/D03-36-full-series-then-gate,5.067,1748672512,3020222464,15.34375,4.8125,55,
gpt-review-package/evidence/fresh-s2/D03-36-full-series-then-gate,7.228,1748738048,3020312576,15.375,4.8125,55,
gpt-review-package/evidence/fresh-s2/D03-36-full-series-then-gate,8.238,1748738048,3020312576,15.375,4.8125,55,
gpt-review-package/evidence/fresh-s2/D03-36-full-series-then-gate,9.254,1748807680,3020398592,15.375,4.8125,55,
gpt-review-package/evidence/fresh-s2/D03-36-full-series-then-gate,10.271,1748807680,3020398592,15.375,4.8125,55,
gpt-review-package/evidence/fresh-s2/D03-36-full-series-then-gate,11.278,1748832256,3020460032,15.375,4.8125,55,
gpt-review-package/evidence/fresh-s2/D03-36-full-series-then-gate,12.288,1748832256,3020460032,15.375,4.8125,55,
gpt-review-package/evidence/fresh-s2/D03-36-full-series-then-gate,13.309,1748832256,3020460032,15.375,4.8125,55,
gpt-review-package/evidence/fresh-s2/D03-36-full-series-then-gate,14.319,1749274624,3020914688,15.375,4.8125,55,
gpt-review-package/evidence/fresh-s2/D03-36-full-series-then-gate,15.331,1749311488,3021205504,15.375,4.8125,55,
gpt-review-package/evidence/fresh-s2/D03-36-full-series-then-gate,17.676,1749315584,3021328384,15.40625,4.8125,55,
gpt-review-package/evidence/fresh-s2/D03-36-full-series-then-gate,18.698,1749315584,3021328384,15.40625,4.8125,55,
gpt-review-package/evidence/fresh-s2/D03-36-full-series-then-gate,19.708,1749315584,3021328384,15.40625,4.8125,55,
gpt-review-package/evidence/fresh-s2/D03-36-full-series-then-gate,20.718,1749315584,3021328384,15.40625,4.8125,55,
gpt-review-package/evidence/fresh-s2/D03-36-full-series-then-gate,21.729,1749315584,3021328384,15.40625,4.8125,55,
gpt-review-package/evidence/fresh-s2/D03-36-full-series-then-gate,22.738,1749315584,3021328384,15.40625,4.8125,55,
gpt-review-package/evidence/fresh-s2/D03-36-full-series-then-gate,23.749,1749315584,3021328384,15.40625,4.8125,55,
gpt-review-package/evidence/fresh-s2/D03-36-full-series-then-gate,24.77,1749315584,3021328384,15.40625,4.8125,55,
gpt-review-package/evidence/fresh-s2/D03-36-full-series-then-gate,25.779,1749315584,3021328384,15.40625,4.8125,55,
gpt-review-package/evidence/fresh-s2/D03-36-full-series-then-gate,26.789,1749315584,3021328384,15.40625,4.8125,55,
gpt-review-package/evidence/fresh-s2/D03-36-full-series-then-gate,27.798,1749315584,3021328384,15.40625,4.8125,55,
gpt-review-package/evidence/fresh-s2/D03-36-full-series-then-gate,28.806,1749315584,3021328384,15.40625,4.8125,55,
gpt-review-package/evidence/fresh-s2/D03-36-full-series-then-gate,29.814,1749315584,3021328384,15.40625,4.8125,55,
gpt-review-package/evidence/fresh-s2/D03-36-full-series-then-gate,30.834,1749315584,3021328384,15.40625,4.8125,55,
gpt-review-package/evidence/fresh-s2/D03-36-full-series-then-gate,33.055,1749315584,3021328384,15.40625,4.8125,55,
gpt-review-package/evidence/fresh-s2/D03-36-full-series-then-gate,34.071,1749327872,3021434880,15.40625,4.8125,55,
gpt-review-package/evidence/fresh-s2/D03-36-full-series-then-gate,35.091,1749766144,3021889536,15.40625,4.8125,55,
gpt-review-package/evidence/fresh-s2/D03-36-full-series-then-gate,36.099,1749762048,3021889536,15.40625,4.8125,55,
gpt-review-package/evidence/fresh-s2/D03-36-full-series-then-gate,37.108,1749766144,3021889536,15.40625,4.8125,55,
gpt-review-package/evidence/fresh-s2/D03-36-full-series-then-gate,38.126,1749766144,3021889536,15.40625,4.8125,55,
gpt-review-package/evidence/fresh-s2/D03-36-full-series-then-gate,39.143,1749766144,3021889536,15.40625,4.8125,55,
gpt-review-package/evidence/fresh-s2/D03-36-full-series-then-gate,40.158,1749766144,3021889536,15.40625,4.8125,55,
gpt-review-package/evidence/fresh-s2/D03-36-full-series-then-gate,41.167,1749766144,3021889536,15.421875,4.8125,55,
gpt-review-package/evidence/fresh-s2/D03-36-full-series-then-gate,42.181,1749766144,3021889536,15.421875,4.8125,55,
gpt-review-package/evidence/fresh-s2/D03-36-full-series-then-gate,43.203,1749770240,3021889536,15.421875,4.8125,55,
gpt-review-package/evidence/fresh-s2/D03-36-full-series-then-gate,44.213,1749770240,3021889536,15.421875,4.8125,55,
gpt-review-package/evidence/fresh-s2/D03-36-full-series-then-gate,45.234,1749770240,3021889536,15.421875,4.8125,55,
gpt-review-package/evidence/fresh-s2/D03-36-full-series-then-gate,46.255,1749770240,3021889536,15.421875,4.8125,55,
gpt-review-package/evidence/fresh-s2/D03-36-full-series-then-gate,47.273,1749770240,3021889536,15.421875,4.8125,55,
gpt-review-package/evidence/fresh-s2/D03-36-full-series-then-gate,48.294,1749770240,3021889536,15.421875,4.8125,55,
gpt-review-package/evidence/fresh-s2/D03-36-full-series-then-gate,49.317,1749770240,3021889536,15.421875,4.8125,55,
gpt-review-package/evidence/fresh-s2/D03-36-full-series-then-gate,50.339,1749770240,3021889536,15.421875,4.8125,55,
gpt-review-package/evidence/fresh-s2/D03-36-full-series-then-gate,51.352,1749770240,3021889536,15.421875,4.8125,55,
gpt-review-package/evidence/fresh-s2/D03-36-full-series-then-gate,52.359,1749770240,3021889536,15.421875,4.8125,55,
gpt-review-package/evidence/fresh-s2/D03-36-full-series-then-gate,53.38,1749770240,3021889536,15.421875,4.8125,55,
gpt-review-package/evidence/fresh-s2/D03-36-full-series-then-gate,54.401,1749770240,3021889536,15.421875,4.8125,55,
gpt-review-package/evidence/fresh-s2/D03-36-full-series-then-gate,55.421,1749770240,3021889536,15.421875,4.8125,55,
gpt-review-package/evidence/fresh-s2/D03-36-full-series-then-gate,56.444,1749770240,3021889536,15.421875,4.8125,55,
gpt-review-package/evidence/fresh-s2/D03-36-full-series-then-gate,57.455,1749770240,3021889536,15.421875,4.8125,55,
gpt-review-package/evidence/fresh-s2/D03-36-full-series-then-gate,58.468,1749770240,3021889536,15.421875,4.8125,55,
gpt-review-package/evidence/fresh-s2/D03-36-full-series-then-gate,59.487,1749770240,3021889536,15.421875,4.8125,55,
gpt-review-package/evidence/fresh-s2/D03-36-full-series-then-gate,60.504,1749770240,3021889536,15.421875,4.8125,55,
gpt-review-package/evidence/fresh-s2/D03-36-full-series-then-gate,62.583,1749770240,3021889536,15.453125,4.8125,55,
gpt-review-package/evidence/fresh-s2/D03-36-full-series-then-gate,63.602,1749770240,3021889536,15.453125,4.8125,55,
gpt-review-package/evidence/fresh-s2/D03-36-full-series-then-gate,64.624,1749770240,3021889536,15.453125,4.8125,55,
gpt-review-package/evidence/fresh-s2/D03-36-full-series-then-gate,65.647,1749770240,3021889536,15.453125,4.8125,55,
gpt-review-package/evidence/fresh-s2/D03-36-full-series-then-gate,66.668,1749770240,3021889536,15.453125,4.8125,55,
gpt-review-package/evidence/fresh-s2/D03-36-full-series-then-gate,67.689,1749770240,3021889536,15.453125,4.8125,55,
gpt-review-package/evidence/fresh-s2/D03-36-full-series-then-gate,68.711,1749770240,3021889536,15.453125,4.8125,55,
gpt-review-package/evidence/fresh-s2/D03-36-full-series-then-gate,69.731,1749770240,3021889536,15.453125,4.8125,55,
gpt-review-package/evidence/fresh-s2/D03-36-full-series-then-gate,70.754,1749770240,3021889536,15.453125,4.8125,55,
gpt-review-package/evidence/fresh-s2/D03-36-full-series-then-gate,71.761,1749770240,3021889536,15.453125,4.8125,55,
gpt-review-package/evidence/fresh-s2/D03-36-full-series-then-gate,72.773,1749770240,3021889536,15.453125,4.8125,55,
gpt-review-package/evidence/fresh-s2/D03-36-full-series-then-gate,73.788,1749770240,3021889536,15.453125,4.8125,55,
gpt-review-package/evidence/fresh-s2/D03-36-full-series-then-gate,74.812,1749770240,3021889536,15.453125,4.8125,55,
gpt-review-package/evidence/fresh-s2/D03-36-full-series-then-gate,75.832,1749770240,3021889536,15.453125,4.8125,55,
gpt-review-package/evidence/fresh-s2/D03-36-full-series-then-gate,76.855,1749770240,3021889536,15.453125,4.8125,55,
gpt-review-package/evidence/fresh-s2/D03-36-full-series-then-gate,77.866,1749770240,3021889536,15.453125,4.8125,55,
gpt-review-package/evidence/fresh-s2/D03-36-full-series-then-gate,78.886,1749770240,3021889536,15.453125,4.8125,55,
gpt-review-package/evidence/fresh-s2/D03-36-full-series-then-gate,79.898,1749770240,3021889536,15.453125,4.8125,55,
gpt-review-package/evidence/fresh-s2/D03-36-full-series-then-gate,80.908,1749770240,3021889536,15.453125,4.8125,55,
gpt-review-package/evidence/fresh-s2/D03-36-full-series-then-gate,81.931,1749770240,3021889536,15.453125,4.8125,55,
gpt-review-package/evidence/fresh-s2/D03-36-full-series-then-gate,82.94,1749770240,3021889536,15.453125,4.8125,55,
gpt-review-package/evidence/fresh-s2/D03-36-full-series-then-gate,83.956,1749770240,3021889536,15.453125,4.8125,55,
gpt-review-package/evidence/fresh-s2/D03-36-full-series-then-gate,84.976,1749770240,3021889536,15.453125,4.8125,55,
gpt-review-package/evidence/fresh-s2/D03-36-full-series-then-gate,85.997,1749770240,3021889536,15.453125,4.8125,55,
gpt-review-package/evidence/fresh-s2/D03-36-full-series-then-gate,87.013,1749770240,3021889536,15.453125,4.8125,55,
gpt-review-package/evidence/fresh-s2/D03-36-full-series-then-gate,88.03,1749770240,3021889536,15.453125,4.8125,55,
gpt-review-package/evidence/fresh-s2/D03-36-full-series-then-gate,89.051,1749770240,3021889536,15.453125,4.8125,55,
gpt-review-package/evidence/fresh-s2/D03-36-full-series-then-gate,90.07,1749770240,3021889536,15.453125,4.8125,55,
gpt-review-package/evidence/fresh-s2/D03-36-full-series-then-gate,91.082,1749770240,3021889536,15.453125,4.8125,55,
gpt-review-package/evidence/fresh-s2/D03-36-full-series-then-gate,92.097,1749770240,3021889536,15.453125,4.8125,55,
gpt-review-package/evidence/fresh-s2/D03-36-full-series-then-gate,93.107,1749770240,3021889536,15.453125,4.8125,55,
gpt-review-package/evidence/fresh-s2/D03-36-full-series-then-gate,94.126,1749774336,3021889536,15.453125,4.8125,55,
gpt-review-package/evidence/fresh-s2/D03-36-full-series-then-gate,95.148,1749778432,3021889536,15.453125,4.8125,55,
gpt-review-package/evidence/fresh-s2/D03-36-full-series-then-gate,96.16,1749778432,3021889536,15.453125,4.8125,55,
gpt-review-package/evidence/fresh-s2/D03-36-full-series-then-gate,97.181,1749778432,3021889536,15.453125,4.8125,55,
gpt-review-package/evidence/fresh-s2/D03-36-full-series-then-gate,98.19,1749778432,3021889536,15.453125,4.8125,55,
gpt-review-package/evidence/fresh-s2/D03-36-full-series-then-gate,99.198,1749778432,3021889536,15.453125,4.8125,55,
gpt-review-package/evidence/fresh-s2/D03-36-full-series-then-gate,100.21,1749778432,3021889536,15.453125,4.8125,55,
gpt-review-package/evidence/fresh-s2/D03-36-full-series-then-gate,101.23,1749778432,3021889536,15.453125,4.8125,55,
gpt-review-package/evidence/fresh-s2/D03-36-full-series-then-gate,102.238,1749778432,3021889536,15.453125,4.8125,55,
gpt-review-package/evidence/fresh-s2/D03-36-full-series-then-gate,103.245,1749778432,3021889536,15.453125,4.828125,55,
gpt-review-package/evidence/fresh-s2/D03-36-full-series-then-gate,104.252,1749778432,3021889536,15.453125,4.828125,55,
gpt-review-package/evidence/fresh-s2/D03-36-full-series-then-gate,105.264,1751113728,3023216640,15.453125,4.828125,55,
gpt-review-package/evidence/fresh-s2/D03-36-full-series-then-gate,106.273,1751113728,3023216640,15.453125,4.828125,55,
gpt-review-package/evidence/fresh-s2/D03-36-full-series-then-gate,107.284,1751113728,3023216640,15.453125,4.828125,55,
gpt-review-package/evidence/fresh-s2/D03-36-full-series-then-gate,108.293,1751113728,3023216640,15.453125,4.828125,55,
gpt-review-package/evidence/fresh-s2/D03-36-full-series-then-gate,109.304,1751113728,3023216640,15.453125,4.828125,55,
gpt-review-package/evidence/fresh-s2/D03-36-full-series-then-gate,110.327,1751113728,3023216640,15.453125,4.828125,55,
gpt-review-package/evidence/fresh-s2/D03-36-full-series-then-gate,111.342,1751113728,3023216640,15.453125,4.828125,55,
gpt-review-package/evidence/fresh-s2/D03-36-full-series-then-gate,112.352,1751113728,3023216640,15.453125,4.828125,55,
gpt-review-package/evidence/fresh-s2/D03-36-full-series-then-gate,113.365,1751113728,3023216640,15.453125,4.828125,55,
gpt-review-package/evidence/fresh-s2/D03-36-full-series-then-gate,114.378,1751113728,3023216640,15.453125,4.828125,55,
gpt-review-package/evidence/fresh-s2/D03-36-full-series-then-gate,115.388,1751117824,3023216640,15.453125,4.828125,55,
gpt-review-package/evidence/fresh-s2/D03-36-full-series-then-gate,116.4,1751117824,3023216640,15.453125,4.828125,55,
gpt-review-package/evidence/fresh-s2/D03-36-full-series-then-gate,117.411,1751117824,3023216640,15.453125,4.828125,55,
gpt-review-package/evidence/fresh-s2/D03-36-full-series-then-gate,118.423,1751117824,3023216640,15.453125,4.828125,55,
gpt-review-package/evidence/fresh-s2/D03-36-full-series-then-gate,119.437,1751117824,3023216640,15.453125,4.828125,55,
gpt-review-package/evidence/fresh-s2/D03-36-full-series-then-gate,120.454,1751117824,3023216640,15.453125,4.828125,55,
gpt-review-package/evidence/fresh-s2/D03-36-full-series-then-gate,122.61,1751117824,3023216640,15.453125,4.828125,55,
gpt-review-package/evidence/fresh-s2/D03-36-full-series-then-gate,123.622,1751117824,3023216640,15.453125,4.828125,55,
gpt-review-package/evidence/fresh-s2/D03-36-full-series-then-gate,124.628,1751117824,3023216640,15.453125,4.828125,55,
gpt-review-package/evidence/fresh-s2/D03-36-full-series-then-gate,125.639,1751117824,3023216640,15.453125,4.828125,55,
gpt-review-package/evidence/fresh-s2/D03-36-full-series-then-gate,126.656,1751117824,3023216640,15.453125,4.828125,55,
gpt-review-package/evidence/fresh-s2/D03-36-full-series-then-gate,127.668,1751117824,3023216640,15.453125,4.828125,55,
gpt-review-package/evidence/fresh-s2/D03-36-full-series-then-gate,128.681,1751117824,3023216640,15.453125,4.828125,55,
gpt-review-package/evidence/fresh-s2/D03-36-full-series-then-gate,129.692,1751240704,3023253504,15.453125,4.828125,56,
gpt-review-package/evidence/fresh-s2/D03-36-full-series-then-gate,130.7,1751240704,3023253504,15.453125,4.828125,56,
gpt-review-package/evidence/fresh-s2/D03-36-full-series-then-gate,131.712,1751240704,3023253504,15.453125,4.828125,56,
gpt-review-package/evidence/fresh-s2/D03-36-full-series-then-gate,132.726,1751240704,3023253504,15.453125,4.828125,56,
gpt-review-package/evidence/fresh-s2/D03-36-full-series-then-gate,133.735,1751240704,3023253504,15.453125,4.828125,56,
gpt-review-package/evidence/fresh-s2/D03-36-full-series-then-gate,134.757,1751265280,3023253504,15.453125,4.828125,56,
gpt-review-package/evidence/fresh-s2/D03-36-full-series-then-gate,135.77,1751265280,3023253504,15.453125,4.828125,56,
gpt-review-package/evidence/fresh-s2/D03-36-full-series-then-gate,136.794,1751265280,3023253504,15.453125,4.828125,56,
gpt-review-package/evidence/fresh-s2/D03-36-full-series-then-gate,137.813,1751265280,3023253504,15.453125,4.828125,56,
gpt-review-package/evidence/fresh-s2/D03-36-full-series-then-gate,138.833,1751265280,3023253504,15.453125,4.828125,56,
gpt-review-package/evidence/fresh-s2/D03-36-full-series-then-gate,139.847,1751265280,3023253504,15.453125,4.828125,56,
gpt-review-package/evidence/fresh-s2/D03-36-full-series-then-gate,140.858,1751265280,3023253504,15.453125,4.828125,56,
gpt-review-package/evidence/fresh-s2/D03-36-full-series-then-gate,141.871,1751265280,3023253504,15.453125,4.828125,56,
gpt-review-package/evidence/fresh-s2/D03-36-full-series-then-gate,142.883,1751265280,3023253504,15.453125,4.828125,56,
gpt-review-package/evidence/fresh-s2/D03-36-full-series-then-gate,143.897,1751265280,3023253504,15.453125,4.828125,56,
gpt-review-package/evidence/fresh-s2/D03-36-full-series-then-gate,144.912,1751265280,3023253504,15.453125,4.828125,56,
gpt-review-package/evidence/fresh-s2/D03-36-full-series-then-gate,145.931,1751265280,3023253504,15.453125,4.828125,56,
gpt-review-package/evidence/fresh-s2/D03-36-full-series-then-gate,146.942,1751265280,3023253504,15.453125,4.828125,56,
gpt-review-package/evidence/fresh-s2/D03-36-full-series-then-gate,147.956,1751265280,3023253504,15.453125,4.828125,56,
gpt-review-package/evidence/fresh-s2/D03-36-full-series-then-gate,148.969,1751265280,3023253504,15.453125,4.828125,56,
gpt-review-package/evidence/fresh-s2/D03-36-full-series-then-gate,149.978,1751265280,3023253504,15.453125,4.828125,56,
gpt-review-package/evidence/fresh-s2/D03-36-full-series-then-gate,150.99,1751265280,3023253504,15.453125,4.828125,56,
gpt-review-package/evidence/fresh-s2/D03-36-full-series-then-gate,152.006,1751265280,3023253504,15.453125,4.828125,56,
gpt-review-package/evidence/fresh-s2/D03-36-full-series-then-gate,153.019,1751265280,3023253504,15.453125,4.828125,56,
gpt-review-package/evidence/fresh-s2/D03-36-full-series-then-gate,154.037,1751265280,3023253504,15.453125,4.828125,56,
gpt-review-package/evidence/fresh-s2/D03-36-full-series-then-gate,155.053,1751265280,3023253504,15.453125,4.828125,56,
gpt-review-package/evidence/fresh-s2/D03-36-full-series-then-gate,156.063,1751265280,3023253504,15.453125,4.828125,56,
gpt-review-package/evidence/fresh-s2/D03-36-full-series-then-gate,157.077,1751265280,3023253504,15.453125,4.828125,56,
gpt-review-package/evidence/fresh-s2/D03-36-full-series-then-gate,158.101,1751265280,3023253504,15.453125,4.828125,56,
gpt-review-package/evidence/fresh-s2/D03-36-full-series-then-gate,159.114,1751265280,3023253504,15.453125,4.828125,56,
gpt-review-package/evidence/fresh-s2/D03-36-full-series-then-gate,160.122,1751265280,3023253504,15.453125,4.828125,56,
gpt-review-package/evidence/fresh-s2/D03-36-full-series-then-gate,161.143,1751265280,3023253504,15.453125,4.828125,56,
gpt-review-package/evidence/fresh-s2/D03-36-full-series-then-gate,162.162,1751265280,3023253504,15.453125,4.828125,56,
gpt-review-package/evidence/fresh-s2/D03-36-full-series-then-gate,163.175,1751265280,3023253504,15.453125,4.828125,56,
gpt-review-package/evidence/fresh-s2/D03-36-full-series-then-gate,164.196,1751265280,3023253504,15.453125,4.828125,56,
gpt-review-package/evidence/fresh-s2/D03-36-full-series-then-gate,165.207,1751265280,3023253504,15.453125,4.828125,56,
gpt-review-package/evidence/fresh-s2/D03-36-full-series-then-gate,166.225,1751265280,3023253504,15.453125,4.828125,56,
gpt-review-package/evidence/fresh-s2/D03-36-full-series-then-gate,167.236,1751265280,3023253504,15.453125,4.828125,56,
gpt-review-package/evidence/fresh-s2/D03-36-full-series-then-gate,168.259,1751265280,3023253504,15.453125,4.828125,56,
gpt-review-package/evidence/fresh-s2/D03-36-full-series-then-gate,169.28,1751265280,3023253504,15.453125,4.828125,56,
gpt-review-package/evidence/fresh-s2/D03-36-full-series-then-gate,170.293,1751265280,3023253504,15.453125,4.828125,56,
gpt-review-package/evidence/fresh-s2/D03-36-full-series-then-gate,171.301,1751265280,3023253504,15.453125,4.828125,56,
gpt-review-package/evidence/fresh-s2/D03-36-full-series-then-gate,172.316,1751265280,3023253504,15.453125,4.828125,56,
gpt-review-package/evidence/fresh-s2/D03-36-full-series-then-gate,173.334,1751265280,3023253504,15.453125,4.828125,56,
gpt-review-package/evidence/fresh-s2/D03-36-full-series-then-gate,174.347,1751265280,3023253504,15.453125,4.828125,56,
gpt-review-package/evidence/fresh-s2/D03-36-full-series-then-gate,175.36,1751265280,3023253504,15.453125,4.828125,56,
gpt-review-package/evidence/fresh-s2/D03-36-full-series-then-gate,176.369,1751265280,3023253504,15.453125,4.828125,56,
gpt-review-package/evidence/fresh-s2/D03-36-full-series-then-gate,177.38,1751265280,3023253504,15.453125,4.828125,56,
gpt-review-package/evidence/fresh-s2/D03-36-full-series-then-gate,178.392,1751265280,3023253504,15.453125,4.828125,56,
gpt-review-package/evidence/fresh-s2/D03-36-full-series-then-gate,179.404,1751265280,3023253504,15.453125,4.828125,56,
gpt-review-package/evidence/fresh-s2/D04-36-single-and-36-full-then-gate,0.001,1470312448,2845016064,11.0625,2.375,55,
gpt-review-package/evidence/fresh-s2/D04-36-single-and-36-full-then-gate,1.026,1486655488,2862153728,11.09375,2.375,55,
gpt-review-package/evidence/fresh-s2/D04-36-single-and-36-full-then-gate,2.035,1467129856,2840162304,11.09375,2.375,55,
gpt-review-package/evidence/fresh-s2/D04-36-single-and-36-full-then-gate,3.056,1467129856,2840162304,11.09375,2.375,55,
gpt-review-package/evidence/fresh-s2/D04-36-single-and-36-full-then-gate,4.081,1467129856,2840162304,11.09375,2.375,55,
gpt-review-package/evidence/fresh-s2/D04-36-single-and-36-full-then-gate,5.091,1467129856,2840162304,11.09375,2.375,55,
gpt-review-package/evidence/fresh-s2/D04-36-single-and-36-full-then-gate,7.223,1467224064,2840338432,11.109375,2.375,55,
gpt-review-package/evidence/fresh-s2/D04-36-single-and-36-full-then-gate,8.233,1467224064,2840338432,11.109375,2.375,55,
gpt-review-package/evidence/fresh-s2/D04-36-single-and-36-full-then-gate,9.255,1467224064,2840338432,11.109375,2.375,55,
gpt-review-package/evidence/fresh-s2/D04-36-single-and-36-full-then-gate,10.269,1467420672,2840539136,11.109375,2.375,55,
gpt-review-package/evidence/fresh-s2/D04-36-single-and-36-full-then-gate,11.279,1467420672,2840539136,11.109375,2.375,55,
gpt-review-package/evidence/fresh-s2/D04-36-single-and-36-full-then-gate,12.295,1467428864,2840629248,11.109375,2.375,55,
gpt-review-package/evidence/fresh-s2/D04-36-single-and-36-full-then-gate,13.309,1467867136,2841100288,11.109375,2.375,55,
gpt-review-package/evidence/fresh-s2/D04-36-single-and-36-full-then-gate,14.323,1467904000,2841100288,11.109375,2.375,55,
gpt-review-package/evidence/fresh-s2/D04-36-single-and-36-full-then-gate,15.336,1467904000,2841100288,11.109375,2.375,55,
gpt-review-package/evidence/fresh-s2/D04-36-single-and-36-full-then-gate,17.222,1467904000,2841178112,11.125,2.375,55,
gpt-review-package/evidence/fresh-s2/D04-36-single-and-36-full-then-gate,18.229,1467904000,2841178112,11.125,2.375,55,
gpt-review-package/evidence/fresh-s2/D04-36-single-and-36-full-then-gate,19.242,1467904000,2841178112,11.125,2.375,55,
gpt-review-package/evidence/fresh-s2/D04-36-single-and-36-full-then-gate,20.263,1467904000,2841178112,11.125,2.375,55,
gpt-review-package/evidence/fresh-s2/D04-36-single-and-36-full-then-gate,21.275,1467904000,2841178112,11.125,2.375,55,
gpt-review-package/evidence/fresh-s2/D04-36-single-and-36-full-then-gate,22.297,1467904000,2841178112,11.125,2.375,55,
gpt-review-package/evidence/fresh-s2/D04-36-single-and-36-full-then-gate,23.318,1467904000,2841178112,11.125,2.375,55,
gpt-review-package/evidence/fresh-s2/D04-36-single-and-36-full-then-gate,24.329,1467904000,2841178112,11.125,2.375,55,
gpt-review-package/evidence/fresh-s2/D04-36-single-and-36-full-then-gate,25.353,1467904000,2841178112,11.125,2.375,55,
gpt-review-package/evidence/fresh-s2/D04-36-single-and-36-full-then-gate,26.379,1467904000,2841178112,11.125,2.375,55,
gpt-review-package/evidence/fresh-s2/D04-36-single-and-36-full-then-gate,27.386,1467904000,2841178112,11.125,2.375,55,
gpt-review-package/evidence/fresh-s2/D04-36-single-and-36-full-then-gate,28.394,1467904000,2841178112,11.125,2.375,55,
gpt-review-package/evidence/fresh-s2/D04-36-single-and-36-full-then-gate,29.409,1467904000,2841178112,11.125,2.375,55,
gpt-review-package/evidence/fresh-s2/D04-36-single-and-36-full-then-gate,30.422,1467904000,2841178112,11.125,2.375,55,
gpt-review-package/evidence/fresh-s2/D04-36-single-and-36-full-then-gate,32.433,1467904000,2841178112,11.125,2.375,55,
gpt-review-package/evidence/fresh-s2/D04-36-single-and-36-full-then-gate,33.443,1467904000,2841178112,11.125,2.375,55,
gpt-review-package/evidence/fresh-s2/D04-36-single-and-36-full-then-gate,34.467,1467904000,2841178112,11.125,2.375,55,
gpt-review-package/evidence/fresh-s2/D04-36-single-and-36-full-then-gate,35.478,1467904000,2841178112,11.125,2.375,55,
gpt-review-package/evidence/fresh-s2/D04-36-single-and-36-full-then-gate,36.501,1467904000,2841178112,11.125,2.375,55,
gpt-review-package/evidence/fresh-s2/D04-36-single-and-36-full-then-gate,37.524,1467904000,2841178112,11.125,2.375,55,
gpt-review-package/evidence/fresh-s2/D04-36-single-and-36-full-then-gate,38.539,1467904000,2841178112,11.125,2.375,55,
gpt-review-package/evidence/fresh-s2/D04-36-single-and-36-full-then-gate,39.552,1467904000,2841178112,11.125,2.375,55,
gpt-review-package/evidence/fresh-s2/D04-36-single-and-36-full-then-gate,40.561,1467904000,2841178112,11.125,2.375,55,
gpt-review-package/evidence/fresh-s2/D04-36-single-and-36-full-then-gate,41.568,1467904000,2841178112,11.125,2.375,55,
gpt-review-package/evidence/fresh-s2/D04-36-single-and-36-full-then-gate,42.587,1467912192,2841178112,11.125,2.375,55,
gpt-review-package/evidence/fresh-s2/D04-36-single-and-36-full-then-gate,43.61,1467912192,2841178112,11.125,2.375,55,
gpt-review-package/evidence/fresh-s2/D04-36-single-and-36-full-then-gate,44.625,1467912192,2841178112,11.125,2.375,55,
gpt-review-package/evidence/fresh-s2/D04-36-single-and-36-full-then-gate,45.635,1467912192,2841178112,11.125,2.375,55,
gpt-review-package/evidence/fresh-s2/D04-36-single-and-36-full-then-gate,46.648,1467912192,2841178112,11.125,2.375,55,
gpt-review-package/evidence/fresh-s2/D04-36-single-and-36-full-then-gate,47.665,1467912192,2841178112,11.125,2.375,55,
gpt-review-package/evidence/fresh-s2/D04-36-single-and-36-full-then-gate,48.686,1467912192,2841178112,11.125,2.375,55,
gpt-review-package/evidence/fresh-s2/D04-36-single-and-36-full-then-gate,49.706,1467912192,2841178112,11.125,2.375,55,
gpt-review-package/evidence/fresh-s2/D04-36-single-and-36-full-then-gate,50.726,1467912192,2841178112,11.125,2.375,55,
gpt-review-package/evidence/fresh-s2/D04-36-single-and-36-full-then-gate,51.738,1467912192,2841178112,11.125,2.375,55,
gpt-review-package/evidence/fresh-s2/D04-36-single-and-36-full-then-gate,52.748,1467912192,2841178112,11.125,2.375,55,
gpt-review-package/evidence/fresh-s2/D04-36-single-and-36-full-then-gate,53.762,1467912192,2841178112,11.125,2.390625,55,
gpt-review-package/evidence/fresh-s2/D04-36-single-and-36-full-then-gate,54.777,1467912192,2841178112,11.125,2.390625,55,
gpt-review-package/evidence/fresh-s2/D04-36-single-and-36-full-then-gate,55.803,1467912192,2841178112,11.125,2.390625,55,
gpt-review-package/evidence/fresh-s2/D04-36-single-and-36-full-then-gate,56.824,1467912192,2841178112,11.125,2.390625,55,
gpt-review-package/evidence/fresh-s2/D04-36-single-and-36-full-then-gate,57.845,1467912192,2841178112,11.125,2.390625,55,
gpt-review-package/evidence/fresh-s2/D04-36-single-and-36-full-then-gate,58.869,1467912192,2841178112,11.125,2.390625,55,
gpt-review-package/evidence/fresh-s2/D04-36-single-and-36-full-then-gate,59.883,1467912192,2841178112,11.125,2.390625,55,
gpt-review-package/evidence/fresh-s2/D04-36-single-and-36-full-then-gate,60.913,1467912192,2841178112,11.125,2.390625,55,
gpt-review-package/evidence/fresh-s2/D04-36-single-and-36-full-then-gate,62.713,1467912192,2841178112,11.140625,2.390625,55,
gpt-review-package/evidence/fresh-s2/D04-36-single-and-36-full-then-gate,63.728,1467912192,2841178112,11.140625,2.390625,55,
gpt-review-package/evidence/fresh-s2/D04-36-single-and-36-full-then-gate,64.741,1467912192,2841178112,11.140625,2.390625,55,
gpt-review-package/evidence/fresh-s2/D04-36-single-and-36-full-then-gate,65.752,1467912192,2841178112,11.140625,2.390625,55,
gpt-review-package/evidence/fresh-s2/D04-36-single-and-36-full-then-gate,66.764,1467912192,2841178112,11.140625,2.390625,55,
gpt-review-package/evidence/fresh-s2/D04-36-single-and-36-full-then-gate,67.778,1467912192,2841178112,11.140625,2.390625,55,
gpt-review-package/evidence/fresh-s2/D04-36-single-and-36-full-then-gate,68.789,1467912192,2841178112,11.140625,2.390625,55,
gpt-review-package/evidence/fresh-s2/D04-36-single-and-36-full-then-gate,69.804,1467912192,2841178112,11.140625,2.390625,55,
gpt-review-package/evidence/fresh-s2/D04-36-single-and-36-full-then-gate,70.818,1467924480,2841178112,11.140625,2.390625,55,
gpt-review-package/evidence/fresh-s2/D04-36-single-and-36-full-then-gate,71.829,1467924480,2841178112,11.140625,2.390625,55,
gpt-review-package/evidence/fresh-s2/D04-36-single-and-36-full-then-gate,72.842,1467924480,2841272320,11.140625,2.390625,55,
gpt-review-package/evidence/fresh-s2/D04-36-single-and-36-full-then-gate,73.854,1467924480,2841272320,11.140625,2.390625,55,
gpt-review-package/evidence/fresh-s2/D04-36-single-and-36-full-then-gate,74.866,1467928576,2841395200,11.140625,2.390625,55,
gpt-review-package/evidence/fresh-s2/D04-36-single-and-36-full-then-gate,75.878,1467928576,2841395200,11.140625,2.390625,55,
gpt-review-package/evidence/fresh-s2/D04-36-single-and-36-full-then-gate,76.901,1467928576,2841395200,11.140625,2.390625,55,
gpt-review-package/evidence/fresh-s2/D04-36-single-and-36-full-then-gate,77.911,1467928576,2841395200,11.140625,2.390625,55,
gpt-review-package/evidence/fresh-s2/D04-36-single-and-36-full-then-gate,78.927,1467928576,2841395200,11.140625,2.390625,55,
gpt-review-package/evidence/fresh-s2/D04-36-single-and-36-full-then-gate,79.936,1467928576,2841395200,11.140625,2.390625,55,
gpt-review-package/evidence/fresh-s2/D04-36-single-and-36-full-then-gate,80.947,1467928576,2841395200,11.140625,2.390625,55,
gpt-review-package/evidence/fresh-s2/D04-36-single-and-36-full-then-gate,81.961,1467928576,2841395200,11.140625,2.390625,55,
gpt-review-package/evidence/fresh-s2/D04-36-single-and-36-full-then-gate,82.969,1467928576,2841395200,11.140625,2.390625,55,
gpt-review-package/evidence/fresh-s2/D04-36-single-and-36-full-then-gate,83.979,1467928576,2841395200,11.140625,2.390625,55,
gpt-review-package/evidence/fresh-s2/D04-36-single-and-36-full-then-gate,84.998,1467928576,2841395200,11.140625,2.390625,55,
gpt-review-package/evidence/fresh-s2/D04-36-single-and-36-full-then-gate,86.011,1467928576,2841395200,11.140625,2.390625,55,
gpt-review-package/evidence/fresh-s2/D04-36-single-and-36-full-then-gate,87.032,1467928576,2841395200,11.140625,2.390625,55,
gpt-review-package/evidence/fresh-s2/D04-36-single-and-36-full-then-gate,88.042,1467928576,2841395200,11.140625,2.390625,55,
gpt-review-package/evidence/fresh-s2/D04-36-single-and-36-full-then-gate,89.056,1467928576,2841395200,11.140625,2.390625,55,
gpt-review-package/evidence/fresh-s2/D04-36-single-and-36-full-then-gate,90.075,1467928576,2841395200,11.140625,2.390625,55,
gpt-review-package/evidence/fresh-s2/D04-36-single-and-36-full-then-gate,91.094,1467928576,2841395200,11.140625,2.390625,55,
gpt-review-package/evidence/fresh-s2/D04-36-single-and-36-full-then-gate,92.106,1467928576,2841395200,11.140625,2.390625,55,
gpt-review-package/evidence/fresh-s2/D04-36-single-and-36-full-then-gate,93.114,1467928576,2841395200,11.140625,2.390625,55,
gpt-review-package/evidence/fresh-s2/D04-36-single-and-36-full-then-gate,94.134,1467932672,2841395200,11.140625,2.390625,55,
gpt-review-package/evidence/fresh-s2/D04-36-single-and-36-full-then-gate,95.147,1467932672,2841423872,11.140625,2.390625,55,
gpt-review-package/evidence/fresh-s2/D04-36-single-and-36-full-then-gate,96.164,1467932672,2841423872,11.140625,2.390625,55,
gpt-review-package/evidence/fresh-s2/D04-36-single-and-36-full-then-gate,97.185,1467932672,2841423872,11.140625,2.390625,55,
gpt-review-package/evidence/fresh-s2/D04-36-single-and-36-full-then-gate,98.194,1467932672,2841423872,11.140625,2.390625,55,
gpt-review-package/evidence/fresh-s2/D04-36-single-and-36-full-then-gate,99.216,1467932672,2841423872,11.140625,2.390625,55,
gpt-review-package/evidence/fresh-s2/D04-36-single-and-36-full-then-gate,100.223,1467932672,2841423872,11.140625,2.390625,55,
gpt-review-package/evidence/fresh-s2/D04-36-single-and-36-full-then-gate,101.235,1467932672,2841423872,11.140625,2.390625,55,
gpt-review-package/evidence/fresh-s2/D04-36-single-and-36-full-then-gate,102.247,1467932672,2841423872,11.140625,2.390625,55,
gpt-review-package/evidence/fresh-s2/D04-36-single-and-36-full-then-gate,103.261,1467936768,2841423872,11.140625,2.390625,55,
gpt-review-package/evidence/fresh-s2/D04-36-single-and-36-full-then-gate,104.273,1467936768,2841423872,11.140625,2.390625,55,
gpt-review-package/evidence/fresh-s2/D04-36-single-and-36-full-then-gate,105.295,1467936768,2841423872,11.140625,2.390625,55,
gpt-review-package/evidence/fresh-s2/D04-36-single-and-36-full-then-gate,106.312,1467936768,2841423872,11.140625,2.390625,55,
gpt-review-package/evidence/fresh-s2/D04-36-single-and-36-full-then-gate,107.326,1467936768,2841550848,11.140625,2.390625,55,
gpt-review-package/evidence/fresh-s2/D04-36-single-and-36-full-then-gate,108.337,1467936768,2841550848,11.140625,2.390625,55,
gpt-review-package/evidence/fresh-s2/D04-36-single-and-36-full-then-gate,109.352,1467936768,2841550848,11.140625,2.390625,55,
gpt-review-package/evidence/fresh-s2/D04-36-single-and-36-full-then-gate,110.376,1467936768,2841550848,11.140625,2.390625,55,
gpt-review-package/evidence/fresh-s2/D04-36-single-and-36-full-then-gate,111.386,1467936768,2841550848,11.140625,2.390625,55,
gpt-review-package/evidence/fresh-s2/D04-36-single-and-36-full-then-gate,112.406,1467936768,2841550848,11.140625,2.390625,55,
gpt-review-package/evidence/fresh-s2/D04-36-single-and-36-full-then-gate,113.423,1467936768,2841550848,11.140625,2.390625,55,
gpt-review-package/evidence/fresh-s2/D04-36-single-and-36-full-then-gate,114.438,1467936768,2842255360,11.140625,2.390625,55,
gpt-review-package/evidence/fresh-s2/D04-36-single-and-36-full-then-gate,115.455,1467936768,2842255360,11.140625,2.390625,55,
gpt-review-package/evidence/fresh-s2/D04-36-single-and-36-full-then-gate,116.47,1467936768,2842255360,11.140625,2.390625,55,
gpt-review-package/evidence/fresh-s2/D04-36-single-and-36-full-then-gate,117.491,1467936768,2842255360,11.140625,2.390625,55,
gpt-review-package/evidence/fresh-s2/D04-36-single-and-36-full-then-gate,118.501,1467936768,2842255360,11.140625,2.390625,55,
gpt-review-package/evidence/fresh-s2/D04-36-single-and-36-full-then-gate,119.514,1467936768,2842255360,11.140625,2.390625,55,
gpt-review-package/evidence/fresh-s2/D04-36-single-and-36-full-then-gate,120.527,1467936768,2842255360,11.140625,2.390625,55,
gpt-review-package/evidence/fresh-s2/D04-36-single-and-36-full-then-gate,122.565,1467936768,2842255360,11.15625,2.390625,55,
gpt-review-package/evidence/fresh-s2/D04-36-single-and-36-full-then-gate,123.574,1467936768,2842255360,11.15625,2.390625,55,
gpt-review-package/evidence/fresh-s2/D04-36-single-and-36-full-then-gate,124.588,1467936768,2842255360,11.15625,2.390625,55,
gpt-review-package/evidence/fresh-s2/D04-36-single-and-36-full-then-gate,125.598,1467936768,2842255360,11.15625,2.390625,55,
gpt-review-package/evidence/fresh-s2/D04-36-single-and-36-full-then-gate,126.611,1467936768,2842255360,11.15625,2.390625,55,
gpt-review-package/evidence/fresh-s2/D04-36-single-and-36-full-then-gate,127.623,1467936768,2842255360,11.15625,2.390625,55,
gpt-review-package/evidence/fresh-s2/D04-36-single-and-36-full-then-gate,128.635,1467936768,2842255360,11.15625,2.390625,55,
gpt-review-package/evidence/fresh-s2/D04-36-single-and-36-full-then-gate,129.656,1467990016,2842288128,11.15625,2.390625,56,
gpt-review-package/evidence/fresh-s2/D04-36-single-and-36-full-then-gate,130.672,1468059648,2842288128,11.15625,2.390625,56,
gpt-review-package/evidence/fresh-s2/D04-36-single-and-36-full-then-gate,131.682,1468059648,2842288128,11.15625,2.390625,56,
gpt-review-package/evidence/fresh-s2/D04-36-single-and-36-full-then-gate,132.708,1468059648,2842288128,11.15625,2.390625,56,
gpt-review-package/evidence/fresh-s2/D04-36-single-and-36-full-then-gate,133.72,1468084224,2842288128,11.15625,2.390625,56,
gpt-review-package/evidence/fresh-s2/D04-36-single-and-36-full-then-gate,134.735,1468084224,2842288128,11.15625,2.390625,56,
gpt-review-package/evidence/fresh-s2/D04-36-single-and-36-full-then-gate,135.745,1468084224,2842288128,11.15625,2.390625,56,
gpt-review-package/evidence/fresh-s2/D04-36-single-and-36-full-then-gate,136.761,1468084224,2842288128,11.15625,2.390625,56,
gpt-review-package/evidence/fresh-s2/D04-36-single-and-36-full-then-gate,137.778,1468084224,2842288128,11.15625,2.390625,56,
gpt-review-package/evidence/fresh-s2/D04-36-single-and-36-full-then-gate,138.787,1468084224,2842288128,11.15625,2.390625,56,
gpt-review-package/evidence/fresh-s2/D04-36-single-and-36-full-then-gate,139.798,1468084224,2842288128,11.15625,2.390625,56,
gpt-review-package/evidence/fresh-s2/D04-36-single-and-36-full-then-gate,140.811,1468084224,2842288128,11.15625,2.390625,56,
gpt-review-package/evidence/fresh-s2/D04-36-single-and-36-full-then-gate,141.828,1468084224,2842288128,11.15625,2.390625,56,
gpt-review-package/evidence/fresh-s2/D04-36-single-and-36-full-then-gate,142.836,1468084224,2842288128,11.15625,2.390625,56,
gpt-review-package/evidence/fresh-s2/D04-36-single-and-36-full-then-gate,143.862,1468084224,2842288128,11.15625,2.390625,56,
gpt-review-package/evidence/fresh-s2/D04-36-single-and-36-full-then-gate,144.878,1468084224,2842288128,11.15625,2.390625,56,
gpt-review-package/evidence/fresh-s2/D04-36-single-and-36-full-then-gate,145.889,1468084224,2842288128,11.15625,2.390625,56,
gpt-review-package/evidence/fresh-s2/D04-36-single-and-36-full-then-gate,146.908,1468084224,2842288128,11.15625,2.390625,56,
gpt-review-package/evidence/fresh-s2/D04-36-single-and-36-full-then-gate,147.919,1468084224,2842288128,11.15625,2.390625,56,
gpt-review-package/evidence/fresh-s2/D04-36-single-and-36-full-then-gate,148.93,1468084224,2842288128,11.15625,2.390625,56,
gpt-review-package/evidence/fresh-s2/D04-36-single-and-36-full-then-gate,149.951,1468084224,2842288128,11.15625,2.390625,56,
gpt-review-package/evidence/fresh-s2/D04-36-single-and-36-full-then-gate,150.961,1468084224,2842288128,11.15625,2.390625,56,
gpt-review-package/evidence/fresh-s2/D04-36-single-and-36-full-then-gate,151.97,1468084224,2842288128,11.15625,2.390625,56,
gpt-review-package/evidence/fresh-s2/D04-36-single-and-36-full-then-gate,152.982,1468084224,2842288128,11.15625,2.390625,56,
gpt-review-package/evidence/fresh-s2/D04-36-single-and-36-full-then-gate,153.996,1468084224,2842288128,11.15625,2.390625,56,
gpt-review-package/evidence/fresh-s2/D04-36-single-and-36-full-then-gate,155.009,1468084224,2842832896,11.15625,2.390625,56,
gpt-review-package/evidence/fresh-s2/D04-36-single-and-36-full-then-gate,156.043,1468084224,2842832896,11.15625,2.390625,56,
gpt-review-package/evidence/fresh-s2/D04-36-single-and-36-full-then-gate,157.058,1468084224,2842832896,11.15625,2.390625,56,
gpt-review-package/evidence/fresh-s2/D04-36-single-and-36-full-then-gate,158.071,1468084224,2842832896,11.15625,2.390625,56,
gpt-review-package/evidence/fresh-s2/D04-36-single-and-36-full-then-gate,159.085,1468084224,2842832896,11.15625,2.390625,56,
gpt-review-package/evidence/fresh-s2/D04-36-single-and-36-full-then-gate,160.094,1468084224,2842832896,11.15625,2.390625,56,
gpt-review-package/evidence/fresh-s2/D04-36-single-and-36-full-then-gate,161.119,1468084224,2842832896,11.15625,2.390625,56,
gpt-review-package/evidence/fresh-s2/D04-36-single-and-36-full-then-gate,162.131,1468084224,2842832896,11.15625,2.390625,56,
gpt-review-package/evidence/fresh-s2/D04-36-single-and-36-full-then-gate,163.155,1468084224,2842832896,11.15625,2.390625,56,
gpt-review-package/evidence/fresh-s2/D04-36-single-and-36-full-then-gate,164.175,1468084224,2842832896,11.15625,2.390625,56,
gpt-review-package/evidence/fresh-s2/D04-36-single-and-36-full-then-gate,165.197,1468084224,2842832896,11.15625,2.390625,56,
gpt-review-package/evidence/fresh-s2/D04-36-single-and-36-full-then-gate,166.212,1468084224,2842832896,11.15625,2.390625,56,
gpt-review-package/evidence/fresh-s2/D04-36-single-and-36-full-then-gate,167.229,1468084224,2842832896,11.15625,2.390625,56,
gpt-review-package/evidence/fresh-s2/D04-36-single-and-36-full-then-gate,168.243,1468084224,2842832896,11.15625,2.390625,56,
gpt-review-package/evidence/fresh-s2/D04-36-single-and-36-full-then-gate,169.252,1468084224,2842832896,11.15625,2.390625,56,
gpt-review-package/evidence/fresh-s2/D04-36-single-and-36-full-then-gate,170.267,1468084224,2842832896,11.15625,2.390625,56,
gpt-review-package/evidence/fresh-s2/D04-36-single-and-36-full-then-gate,171.275,1468084224,2842832896,11.15625,2.390625,56,
gpt-review-package/evidence/fresh-s2/D04-36-single-and-36-full-then-gate,172.297,1468084224,2842832896,11.15625,2.390625,56,
gpt-review-package/evidence/fresh-s2/D04-36-single-and-36-full-then-gate,173.308,1468084224,2842832896,11.15625,2.390625,56,
gpt-review-package/evidence/fresh-s2/D04-36-single-and-36-full-then-gate,174.327,1468084224,2842832896,11.15625,2.390625,56,
gpt-review-package/evidence/fresh-s2/D04-36-single-and-36-full-then-gate,175.34,1468084224,2842832896,11.15625,2.390625,56,
gpt-review-package/evidence/fresh-s2/D04-36-single-and-36-full-then-gate,176.361,1468084224,2842832896,11.15625,2.40625,56,
gpt-review-package/evidence/fresh-s2/D04-36-single-and-36-full-then-gate,177.387,1468084224,2842832896,11.15625,2.40625,56,
gpt-review-package/evidence/fresh-s2/D04-36-single-and-36-full-then-gate,178.397,1468084224,2842832896,11.15625,2.40625,56,
gpt-review-package/evidence/fresh-s2/D04-36-single-and-36-full-then-gate,179.407,1468084224,2842832896,11.15625,2.40625,56,
fresh-s2/D01-gate-first,0.001,562225152,2200391680,8.5,0.65625,58,
fresh-s2/D01-gate-first,1.016,544190464,2179571712,8.890625,0.65625,58,
fresh-s2/D01-gate-first,2.03,544190464,2179571712,8.890625,0.65625,58,
fresh-s2/D01-gate-first,3.045,441745408,2081718272,8.890625,0.671875,58,
fresh-s2/D01-gate-first,4.058,441745408,2081718272,8.890625,0.671875,58,
fresh-s2/D01-gate-first,5.076,441745408,2081718272,8.890625,0.671875,58,
fresh-s2/D01-gate-first,7.445,441860096,2081873920,8.890625,0.671875,58,
fresh-s2/D01-gate-first,8.453,441860096,2082160640,8.890625,0.671875,58,
fresh-s2/D01-gate-first,9.471,441860096,2082160640,8.890625,0.671875,58,
fresh-s2/D01-gate-first,10.483,441860096,2082160640,8.890625,0.671875,58,
fresh-s2/D01-gate-first,11.503,441860096,2082160640,8.890625,0.671875,58,
fresh-s2/D01-gate-first,12.517,441860096,2082160640,8.890625,0.671875,58,
fresh-s2/D01-gate-first,13.538,441860096,2082160640,8.890625,0.671875,58,
fresh-s2/D01-gate-first,14.556,441860096,2082160640,8.890625,0.671875,58,
fresh-s2/D01-gate-first,15.571,441860096,2082160640,8.890625,0.671875,58,
fresh-s2/D01-gate-first,17.495,441909248,2082189312,8.890625,0.671875,58,
fresh-s2/D01-gate-first,18.507,441913344,2083000320,8.890625,0.671875,58,
fresh-s2/D01-gate-first,19.517,441913344,2083000320,8.890625,0.671875,58,
fresh-s2/D01-gate-first,20.531,441913344,2083000320,8.890625,0.671875,58,
fresh-s2/D01-gate-first,21.539,441913344,2083000320,8.890625,0.671875,58,
fresh-s2/D01-gate-first,22.56,441913344,2083000320,8.890625,0.671875,58,
fresh-s2/D01-gate-first,23.582,441946112,2083995648,8.890625,0.671875,60,
fresh-s2/D01-gate-first,24.6,441946112,2083995648,8.890625,0.671875,60,
fresh-s2/D01-gate-first,25.621,441946112,2083995648,8.890625,0.671875,60,
fresh-s2/D01-gate-first,26.642,441946112,2083995648,8.890625,0.671875,60,
fresh-s2/D01-gate-first,27.651,441946112,2083995648,8.890625,0.671875,60,
fresh-s2/D01-gate-first,28.665,441946112,2083995648,8.890625,0.671875,60,
fresh-s2/D01-gate-first,29.684,441946112,2083995648,8.890625,0.671875,60,
fresh-s2/D01-gate-first,30.698,441946112,2083995648,8.890625,0.671875,60,
fresh-s2/D01-gate-first,32.545,441991168,2084040704,8.890625,0.671875,60,
fresh-s2/D01-gate-first,33.556,441991168,2084487168,8.890625,0.6875,60,
fresh-s2/D01-gate-first,34.571,442011648,2084487168,8.890625,0.6875,60,
fresh-s2/D01-gate-first,35.586,442015744,2084487168,8.890625,0.6875,60,
fresh-s2/D01-gate-first,36.601,442015744,2084679680,8.890625,0.6875,60,
fresh-s2/D01-gate-first,37.614,442019840,2084679680,8.890625,0.6875,60,
fresh-s2/D01-gate-first,38.632,442019840,2084679680,8.890625,0.6875,60,
fresh-s2/D01-gate-first,39.644,442019840,2084679680,8.890625,0.6875,60,
fresh-s2/D01-gate-first,40.666,442023936,2084679680,8.890625,0.6875,60,
fresh-s2/D01-gate-first,41.686,442023936,2084679680,8.890625,0.6875,60,
fresh-s2/D01-gate-first,42.703,442023936,2084679680,8.890625,0.6875,60,
fresh-s2/D01-gate-first,43.712,442019840,2084679680,8.890625,0.6875,60,
fresh-s2/D01-gate-first,44.725,442023936,2084679680,8.890625,0.6875,60,
fresh-s2/D01-gate-first,45.741,442023936,2084679680,8.890625,0.6875,60,
fresh-s2/D01-gate-first,46.755,442023936,2084679680,8.890625,0.6875,60,
fresh-s2/D01-gate-first,47.767,442023936,2084679680,8.890625,0.6875,60,
fresh-s2/D01-gate-first,48.778,442023936,2084679680,8.890625,0.6875,60,
fresh-s2/D01-gate-first,49.793,442023936,2084679680,8.890625,0.6875,60,
fresh-s2/D01-gate-first,50.807,442023936,2084679680,8.890625,0.6875,60,
fresh-s2/D01-gate-first,51.822,442023936,2084679680,8.890625,0.6875,60,
fresh-s2/D01-gate-first,52.842,442105856,2084761600,8.890625,0.6875,57,
fresh-s2/D01-gate-first,53.855,442109952,2085953536,8.890625,0.6875,57,
fresh-s2/D01-gate-first,54.874,442109952,2085953536,8.890625,0.6875,57,
fresh-s2/D01-gate-first,55.895,442109952,2085953536,8.890625,0.6875,57,
fresh-s2/D01-gate-first,56.904,442122240,2085953536,8.890625,0.6875,57,
fresh-s2/D01-gate-first,57.923,442122240,2085953536,8.890625,0.6875,57,
fresh-s2/D01-gate-first,58.941,442150912,2085953536,8.890625,0.6875,57,
fresh-s2/D01-gate-first,59.963,442155008,2085953536,8.890625,0.6875,57,
fresh-s2/D01-gate-first,60.983,442155008,2085953536,8.890625,0.6875,57,
fresh-s2/D01-gate-first,63.177,442155008,2085953536,8.890625,0.6875,57,
fresh-s2/D01-gate-first,64.197,442155008,2085953536,8.890625,0.6875,57,
fresh-s2/D01-gate-first,65.215,442155008,2085953536,8.890625,0.6875,57,
fresh-s2/D01-gate-first,66.23,442155008,2085953536,8.890625,0.6875,57,
fresh-s2/D01-gate-first,67.25,442155008,2085953536,8.890625,0.6875,57,
fresh-s2/D01-gate-first,68.279,442155008,2085953536,8.890625,0.6875,57,
fresh-s2/D01-gate-first,69.3,442155008,2085953536,8.890625,0.6875,57,
fresh-s2/D01-gate-first,70.318,442155008,2085953536,8.890625,0.6875,57,
fresh-s2/D01-gate-first,71.339,442155008,2085953536,8.890625,0.6875,57,
fresh-s2/D01-gate-first,72.357,442155008,2085953536,8.890625,0.6875,57,
fresh-s2/D01-gate-first,73.377,442155008,2085953536,8.890625,0.6875,57,
fresh-s2/D01-gate-first,74.39,442155008,2085953536,8.890625,0.6875,57,
fresh-s2/D01-gate-first,75.414,442155008,2085953536,8.890625,0.6875,57,
fresh-s2/D01-gate-first,76.437,442155008,2085953536,8.890625,0.6875,57,
fresh-s2/D01-gate-first,77.448,442155008,2085953536,8.890625,0.6875,57,
fresh-s2/D01-gate-first,78.464,442155008,2085953536,8.890625,0.6875,57,
fresh-s2/D01-gate-first,79.48,442163200,2085982208,8.890625,0.6875,57,
fresh-s2/D01-gate-first,80.499,442163200,2085982208,8.890625,0.6875,57,
fresh-s2/D01-gate-first,81.51,442163200,2085982208,8.890625,0.6875,57,
fresh-s2/D01-gate-first,82.527,442163200,2085982208,8.890625,0.6875,57,
fresh-s2/D01-gate-first,83.542,442441728,2086240256,8.890625,0.6875,57,
fresh-s2/D01-gate-first,84.556,442458112,2086248448,8.890625,0.6875,57,
fresh-s2/D01-gate-first,85.578,442458112,2086248448,8.890625,0.6875,57,
fresh-s2/D01-gate-first,86.606,442458112,2086248448,8.890625,0.6875,57,
fresh-s2/D01-gate-first,87.622,442458112,2086248448,8.890625,0.6875,57,
fresh-s2/D01-gate-first,88.652,442458112,2086248448,8.890625,0.6875,57,
fresh-s2/D01-gate-first,89.665,442458112,2086248448,8.890625,0.6875,57,
fresh-s2/D01-gate-first,90.676,442458112,2086248448,8.890625,0.6875,57,
fresh-s2/D01-gate-first,91.686,442458112,2086248448,8.890625,0.6875,57,
fresh-s2/D01-gate-first,92.702,442458112,2086248448,8.890625,0.6875,57,
fresh-s2/D01-gate-first,93.715,442458112,2086248448,8.890625,0.6875,57,
fresh-s2/D01-gate-first,94.731,442458112,2086248448,8.890625,0.6875,57,
fresh-s2/D01-gate-first,95.754,442454016,2086248448,8.90625,0.6875,57,
fresh-s2/D01-gate-first,96.762,442458112,2086248448,8.90625,0.6875,57,
fresh-s2/D01-gate-first,97.775,442458112,2086248448,8.90625,0.6875,57,
fresh-s2/D01-gate-first,98.789,442458112,2086248448,8.90625,0.6875,57,
fresh-s2/D01-gate-first,99.804,442458112,2086248448,8.90625,0.6875,57,
fresh-s2/D01-gate-first,100.818,442458112,2086248448,8.90625,0.6875,57,
fresh-s2/D01-gate-first,101.831,442458112,2086248448,8.90625,0.6875,57,
fresh-s2/D01-gate-first,102.846,442462208,2086248448,8.90625,0.6875,57,
fresh-s2/D01-gate-first,103.859,442462208,2086248448,8.90625,0.6875,57,
fresh-s2/D01-gate-first,104.871,442462208,2086248448,8.90625,0.6875,57,
fresh-s2/D01-gate-first,105.885,442462208,2086248448,8.90625,0.6875,57,
fresh-s2/D01-gate-first,106.905,442462208,2086248448,8.90625,0.6875,57,
fresh-s2/D01-gate-first,107.934,442462208,2086248448,8.90625,0.6875,57,
fresh-s2/D01-gate-first,108.948,442462208,2086248448,8.90625,0.6875,57,
fresh-s2/D01-gate-first,109.963,442462208,2086248448,8.90625,0.6875,57,
fresh-s2/D01-gate-first,110.976,442462208,2086248448,8.90625,0.6875,57,
fresh-s2/D01-gate-first,111.988,442462208,2086248448,8.90625,0.6875,57,
fresh-s2/D01-gate-first,113.0,442466304,2086248448,8.90625,0.6875,57,
fresh-s2/D01-gate-first,114.016,442466304,2086248448,8.90625,0.6875,57,
fresh-s2/D01-gate-first,115.043,442466304,2086248448,8.90625,0.6875,57,
fresh-s2/D01-gate-first,116.056,442466304,2086248448,8.90625,0.6875,57,
fresh-s2/D01-gate-first,117.077,442466304,2086248448,8.90625,0.6875,57,
fresh-s2/D01-gate-first,118.103,442466304,2086248448,8.90625,0.6875,57,
fresh-s2/D01-gate-first,119.118,442466304,2086248448,8.90625,0.6875,57,
fresh-s2/D01-gate-first,120.146,442466304,2086248448,8.90625,0.6875,57,
fresh-s2/D01-gate-first,122.377,442470400,2086248448,8.90625,0.6875,57,
fresh-s2/D01-gate-first,123.4,442470400,2086248448,8.90625,0.6875,57,
fresh-s2/D01-gate-first,124.422,442470400,2086248448,8.90625,0.6875,57,
fresh-s2/D01-gate-first,125.444,442470400,2086248448,8.90625,0.6875,57,
fresh-s2/D01-gate-first,126.461,442449920,2086187008,8.90625,0.6875,55,
fresh-s2/D01-gate-first,127.477,442449920,2086187008,8.90625,0.6875,55,
fresh-s2/D01-gate-first,128.491,442449920,2086187008,8.90625,0.6875,55,
fresh-s2/D01-gate-first,129.504,442454016,2086187008,8.90625,0.6875,55,
fresh-s2/D01-gate-first,130.526,442454016,2086187008,8.90625,0.6875,55,
fresh-s2/D01-gate-first,131.55,442454016,2086187008,8.90625,0.6875,55,
fresh-s2/D01-gate-first,132.567,442454016,2086187008,8.90625,0.6875,55,
fresh-s2/D01-gate-first,133.587,442454016,2086187008,8.90625,0.6875,55,
fresh-s2/D01-gate-first,134.597,442454016,2086187008,8.90625,0.6875,55,
fresh-s2/D01-gate-first,135.611,442454016,2086187008,8.90625,0.6875,55,
fresh-s2/D01-gate-first,136.624,442458112,2086187008,8.90625,0.6875,55,
fresh-s2/D01-gate-first,137.637,442458112,2086187008,8.90625,0.6875,55,
fresh-s2/D01-gate-first,138.647,442462208,2086187008,8.90625,0.6875,55,
fresh-s2/D01-gate-first,139.662,442462208,2086187008,8.90625,0.6875,55,
fresh-s2/D01-gate-first,140.674,442462208,2086187008,8.90625,0.6875,55,
fresh-s2/D01-gate-first,141.684,442462208,2086187008,8.90625,0.6875,55,
fresh-s2/D01-gate-first,142.693,442462208,2086187008,8.90625,0.6875,55,
fresh-s2/D01-gate-first,143.709,442462208,2086187008,8.90625,0.6875,55,
fresh-s2/D01-gate-first,144.72,442462208,2086187008,8.90625,0.6875,55,
fresh-s2/D01-gate-first,145.734,442462208,2086187008,8.90625,0.6875,55,
fresh-s2/D01-gate-first,146.746,442462208,2086187008,8.90625,0.6875,55,
fresh-s2/D01-gate-first,147.764,442458112,2086187008,8.90625,0.6875,55,
fresh-s2/D01-gate-first,148.789,442462208,2086187008,8.90625,0.6875,55,
fresh-s2/D01-gate-first,149.798,442462208,2086187008,8.90625,0.6875,55,
fresh-s2/D01-gate-first,150.811,442462208,2086187008,8.90625,0.6875,55,
fresh-s2/D01-gate-first,151.827,442462208,2086187008,8.90625,0.6875,55,
fresh-s2/D01-gate-first,152.84,442462208,2086187008,8.90625,0.6875,55,
fresh-s2/D01-gate-first,153.855,442462208,2086187008,8.90625,0.6875,55,
fresh-s2/D01-gate-first,154.866,442462208,2086187008,8.90625,0.6875,55,
fresh-s2/D01-gate-first,155.877,442462208,2086187008,8.90625,0.6875,55,
fresh-s2/D01-gate-first,156.889,442462208,2086187008,8.90625,0.6875,55,
fresh-s2/D01-gate-first,157.899,442462208,2086187008,8.90625,0.6875,55,
fresh-s2/D01-gate-first,158.909,442462208,2086187008,8.90625,0.6875,55,
fresh-s2/D01-gate-first,159.921,442462208,2086187008,8.90625,0.6875,55,
fresh-s2/D01-gate-first,160.936,442478592,2086207488,8.90625,0.6875,55,
fresh-s2/D01-gate-first,161.964,442478592,2086207488,8.90625,0.6875,55,
fresh-s2/D01-gate-first,162.976,442478592,2086207488,8.90625,0.6875,55,
fresh-s2/D01-gate-first,163.988,442478592,2086207488,8.90625,0.6875,55,
fresh-s2/D01-gate-first,164.995,442478592,2086207488,8.90625,0.6875,55,
fresh-s2/D01-gate-first,166.008,442478592,2086207488,8.90625,0.6875,55,
fresh-s2/D01-gate-first,167.021,442474496,2086207488,8.921875,0.6875,55,
fresh-s2/D01-gate-first,168.031,442478592,2086207488,8.921875,0.6875,55,
fresh-s2/D01-gate-first,169.044,442478592,2086207488,8.921875,0.6875,55,
fresh-s2/D01-gate-first,170.054,442478592,2086207488,8.921875,0.6875,55,
fresh-s2/D01-gate-first,171.063,442478592,2086207488,8.921875,0.6875,55,
fresh-s2/D01-gate-first,172.078,442478592,2086207488,8.921875,0.6875,55,
fresh-s2/D01-gate-first,173.091,442486784,2086207488,8.921875,0.6875,55,
fresh-s2/D01-gate-first,174.101,442486784,2086207488,8.921875,0.6875,55,
fresh-s2/D01-gate-first,175.112,442486784,2086207488,8.921875,0.6875,55,
fresh-s2/D01-gate-first,176.124,442839040,2086776832,8.921875,0.6875,55,
fresh-s2/D01-gate-first,177.139,442851328,2086776832,8.921875,0.6875,55,
fresh-s2/D01-gate-first,178.147,442847232,2086776832,8.921875,0.6875,55,
fresh-s2/D01-gate-first,179.162,442851328,2086776832,8.921875,0.6875,55,
fresh-s2/D02-one-full-series-then-gate,0.001,623357952,2254630912,8.21875,1.09375,58,
fresh-s2/D02-one-full-series-then-gate,1.018,627666944,2258751488,8.25,1.09375,58,
fresh-s2/D02-one-full-series-then-gate,2.036,627679232,2258755584,8.25,1.09375,58,
fresh-s2/D02-one-full-series-then-gate,3.059,602050560,2238304256,8.25,1.09375,58,
fresh-s2/D02-one-full-series-then-gate,4.076,602050560,2238304256,8.25,1.09375,58,
fresh-s2/D02-one-full-series-then-gate,5.096,602054656,2238308352,8.25,1.09375,58,
fresh-s2/D02-one-full-series-then-gate,7.129,602144768,2238365696,8.25,1.09375,58,
fresh-s2/D02-one-full-series-then-gate,8.141,602144768,2238623744,8.25,1.09375,58,
fresh-s2/D02-one-full-series-then-gate,9.156,602144768,2238623744,8.25,1.09375,58,
fresh-s2/D02-one-full-series-then-gate,10.172,602144768,2238623744,8.25,1.09375,58,
fresh-s2/D02-one-full-series-then-gate,11.188,602144768,2238623744,8.25,1.09375,58,
fresh-s2/D02-one-full-series-then-gate,12.198,602144768,2238623744,8.25,1.09375,58,
fresh-s2/D02-one-full-series-then-gate,13.207,602144768,2238623744,8.25,1.09375,58,
fresh-s2/D02-one-full-series-then-gate,14.218,602144768,2238623744,8.25,1.09375,58,
fresh-s2/D02-one-full-series-then-gate,15.235,602144768,2238623744,8.25,1.09375,58,
fresh-s2/D02-one-full-series-then-gate,17.48,602144768,2238623744,8.296875,1.09375,58,
fresh-s2/D02-one-full-series-then-gate,18.493,602144768,2238623744,8.296875,1.09375,58,
fresh-s2/D02-one-full-series-then-gate,19.514,602181632,2239660032,8.296875,1.09375,60,
fresh-s2/D02-one-full-series-then-gate,20.529,602181632,2239660032,8.296875,1.09375,60,
fresh-s2/D02-one-full-series-then-gate,21.553,602181632,2239660032,8.296875,1.09375,60,
fresh-s2/D02-one-full-series-then-gate,22.574,602181632,2239660032,8.296875,1.09375,60,
fresh-s2/D02-one-full-series-then-gate,23.589,602181632,2239660032,8.296875,1.09375,60,
fresh-s2/D02-one-full-series-then-gate,24.608,602181632,2239660032,8.296875,1.09375,60,
fresh-s2/D02-one-full-series-then-gate,25.619,602181632,2239660032,8.296875,1.09375,60,
fresh-s2/D02-one-full-series-then-gate,26.628,602181632,2239660032,8.296875,1.09375,60,
fresh-s2/D02-one-full-series-then-gate,27.644,602181632,2239660032,8.296875,1.09375,60,
fresh-s2/D02-one-full-series-then-gate,28.658,602181632,2239660032,8.296875,1.09375,60,
fresh-s2/D02-one-full-series-then-gate,29.672,602181632,2239660032,8.296875,1.09375,60,
fresh-s2/D02-one-full-series-then-gate,30.684,602181632,2239660032,8.296875,1.09375,60,
fresh-s2/D02-one-full-series-then-gate,32.629,602214400,2239688704,8.3125,1.09375,60,
fresh-s2/D02-one-full-series-then-gate,33.644,602214400,2239688704,8.3125,1.09375,60,
fresh-s2/D02-one-full-series-then-gate,34.669,602214400,2239688704,8.3125,1.09375,60,
fresh-s2/D02-one-full-series-then-gate,35.682,602214400,2239688704,8.3125,1.09375,60,
fresh-s2/D02-one-full-series-then-gate,36.693,602214400,2239688704,8.3125,1.09375,60,
fresh-s2/D02-one-full-series-then-gate,37.711,602214400,2239688704,8.3125,1.09375,60,
fresh-s2/D02-one-full-series-then-gate,38.723,602210304,2239688704,8.3125,1.09375,60,
fresh-s2/D02-one-full-series-then-gate,39.74,602214400,2239688704,8.3125,1.09375,60,
fresh-s2/D02-one-full-series-then-gate,40.753,602214400,2239688704,8.3125,1.09375,60,
fresh-s2/D02-one-full-series-then-gate,41.77,602214400,2239688704,8.3125,1.09375,60,
fresh-s2/D02-one-full-series-then-gate,42.783,602214400,2239688704,8.3125,1.09375,60,
fresh-s2/D02-one-full-series-then-gate,43.796,602214400,2239688704,8.3125,1.09375,60,
fresh-s2/D02-one-full-series-then-gate,44.813,602214400,2239688704,8.3125,1.09375,60,
fresh-s2/D02-one-full-series-then-gate,45.83,602214400,2239688704,8.3125,1.09375,60,
fresh-s2/D02-one-full-series-then-gate,46.844,602214400,2239688704,8.3125,1.09375,60,
fresh-s2/D02-one-full-series-then-gate,47.855,602226688,2239705088,8.3125,1.09375,57,
fresh-s2/D02-one-full-series-then-gate,48.866,602230784,2239705088,8.3125,1.09375,57,
fresh-s2/D02-one-full-series-then-gate,49.877,602230784,2239705088,8.3125,1.09375,57,
fresh-s2/D02-one-full-series-then-gate,50.894,602230784,2239705088,8.3125,1.09375,57,
fresh-s2/D02-one-full-series-then-gate,51.914,602230784,2239705088,8.3125,1.09375,57,
fresh-s2/D02-one-full-series-then-gate,52.927,602230784,2239705088,8.3125,1.09375,57,
fresh-s2/D02-one-full-series-then-gate,53.944,602292224,2239762432,8.3125,1.09375,57,
fresh-s2/D02-one-full-series-then-gate,54.965,602312704,2239762432,8.3125,1.09375,57,
fresh-s2/D02-one-full-series-then-gate,55.979,602316800,2239762432,8.3125,1.09375,57,
fresh-s2/D02-one-full-series-then-gate,56.991,602316800,2239762432,8.3125,1.09375,57,
fresh-s2/D02-one-full-series-then-gate,58.012,602316800,2239762432,8.3125,1.09375,57,
fresh-s2/D02-one-full-series-then-gate,59.031,602316800,2239762432,8.3125,1.09375,57,
fresh-s2/D02-one-full-series-then-gate,60.055,602312704,2239762432,8.3125,1.09375,57,
fresh-s2/D02-one-full-series-then-gate,62.206,602316800,2239762432,8.3125,1.09375,57,
fresh-s2/D02-one-full-series-then-gate,63.219,602316800,2239762432,8.3125,1.09375,57,
fresh-s2/D02-one-full-series-then-gate,64.242,602316800,2239762432,8.3125,1.09375,57,
fresh-s2/D02-one-full-series-then-gate,65.257,602316800,2239762432,8.3125,1.09375,57,
fresh-s2/D02-one-full-series-then-gate,66.271,602316800,2239762432,8.3125,1.09375,57,
fresh-s2/D02-one-full-series-then-gate,67.284,602316800,2239762432,8.3125,1.09375,57,
fresh-s2/D02-one-full-series-then-gate,68.301,602316800,2240114688,8.3125,1.09375,57,
fresh-s2/D02-one-full-series-then-gate,69.322,602316800,2240114688,8.3125,1.09375,57,
fresh-s2/D02-one-full-series-then-gate,70.345,602316800,2240114688,8.328125,1.09375,57,
fresh-s2/D02-one-full-series-then-gate,71.356,602316800,2240114688,8.328125,1.09375,57,
fresh-s2/D02-one-full-series-then-gate,72.367,602316800,2240114688,8.328125,1.109375,57,
fresh-s2/D02-one-full-series-then-gate,73.391,602316800,2240114688,8.328125,1.109375,57,
fresh-s2/D02-one-full-series-then-gate,74.419,602316800,2240114688,8.328125,1.109375,57,
fresh-s2/D02-one-full-series-then-gate,75.432,602374144,2240172032,8.328125,1.109375,57,
fresh-s2/D02-one-full-series-then-gate,76.443,602411008,2240196608,8.328125,1.109375,57,
fresh-s2/D02-one-full-series-then-gate,77.457,602681344,2240454656,8.328125,1.109375,57,
fresh-s2/D02-one-full-series-then-gate,78.47,602681344,2240454656,8.328125,1.109375,57,
fresh-s2/D02-one-full-series-then-gate,79.485,602681344,2240454656,8.328125,1.109375,57,
fresh-s2/D02-one-full-series-then-gate,80.493,602693632,2240458752,8.328125,1.109375,57,
fresh-s2/D02-one-full-series-then-gate,81.508,602693632,2240458752,8.328125,1.109375,57,
fresh-s2/D02-one-full-series-then-gate,82.521,602693632,2240458752,8.328125,1.109375,57,
fresh-s2/D02-one-full-series-then-gate,83.537,602693632,2240458752,8.328125,1.109375,57,
fresh-s2/D02-one-full-series-then-gate,84.552,602693632,2240458752,8.328125,1.109375,57,
fresh-s2/D02-one-full-series-then-gate,85.56,602693632,2240458752,8.328125,1.109375,57,
fresh-s2/D02-one-full-series-then-gate,86.583,602693632,2240458752,8.328125,1.109375,57,
fresh-s2/D02-one-full-series-then-gate,87.592,602693632,2240458752,8.328125,1.109375,57,
fresh-s2/D02-one-full-series-then-gate,88.599,602693632,2240458752,8.328125,1.109375,57,
fresh-s2/D02-one-full-series-then-gate,89.609,602693632,2240458752,8.328125,1.109375,57,
fresh-s2/D02-one-full-series-then-gate,90.621,602693632,2240458752,8.328125,1.109375,57,
fresh-s2/D02-one-full-series-then-gate,91.63,602693632,2240458752,8.328125,1.109375,57,
fresh-s2/D02-one-full-series-then-gate,92.652,602693632,2240458752,8.328125,1.109375,57,
fresh-s2/D02-one-full-series-then-gate,93.665,602693632,2240458752,8.328125,1.109375,57,
fresh-s2/D02-one-full-series-then-gate,94.677,602693632,2240487424,8.328125,1.109375,57,
fresh-s2/D02-one-full-series-then-gate,95.691,602693632,2240487424,8.328125,1.109375,57,
fresh-s2/D02-one-full-series-then-gate,96.706,602693632,2240487424,8.328125,1.109375,57,
fresh-s2/D02-one-full-series-then-gate,97.717,602693632,2240487424,8.328125,1.109375,57,
fresh-s2/D02-one-full-series-then-gate,98.727,602693632,2240487424,8.328125,1.109375,57,
fresh-s2/D02-one-full-series-then-gate,99.75,602693632,2240487424,8.328125,1.109375,57,
fresh-s2/D02-one-full-series-then-gate,100.792,602693632,2240487424,8.328125,1.109375,57,
fresh-s2/D02-one-full-series-then-gate,101.817,602693632,2240487424,8.328125,1.109375,57,
fresh-s2/D02-one-full-series-then-gate,102.845,602693632,2240516096,8.328125,1.109375,57,
fresh-s2/D02-one-full-series-then-gate,103.874,602693632,2240516096,8.328125,1.109375,57,
fresh-s2/D02-one-full-series-then-gate,104.897,602693632,2240516096,8.328125,1.109375,57,
fresh-s2/D02-one-full-series-then-gate,105.911,602693632,2240516096,8.328125,1.109375,57,
fresh-s2/D02-one-full-series-then-gate,106.923,602693632,2240516096,8.328125,1.109375,57,
fresh-s2/D02-one-full-series-then-gate,107.945,602697728,2241232896,8.328125,1.109375,57,
fresh-s2/D02-one-full-series-then-gate,108.957,602697728,2241232896,8.328125,1.109375,57,
fresh-s2/D02-one-full-series-then-gate,109.97,602697728,2241232896,8.328125,1.109375,57,
fresh-s2/D02-one-full-series-then-gate,110.994,602697728,2241232896,8.328125,1.109375,57,
fresh-s2/D02-one-full-series-then-gate,112.011,602697728,2241773568,8.328125,1.109375,57,
fresh-s2/D02-one-full-series-then-gate,113.023,602697728,2241773568,8.328125,1.109375,57,
fresh-s2/D02-one-full-series-then-gate,114.033,602697728,2241773568,8.328125,1.109375,57,
fresh-s2/D02-one-full-series-then-gate,115.059,602697728,2241773568,8.328125,1.109375,57,
fresh-s2/D02-one-full-series-then-gate,116.08,602697728,2241773568,8.328125,1.109375,57,
fresh-s2/D02-one-full-series-then-gate,117.105,602697728,2241773568,8.328125,1.109375,57,
fresh-s2/D02-one-full-series-then-gate,118.117,602697728,2241802240,8.328125,1.109375,57,
fresh-s2/D02-one-full-series-then-gate,119.127,602697728,2241802240,8.328125,1.109375,57,
fresh-s2/D02-one-full-series-then-gate,120.141,602705920,2242158592,8.328125,1.109375,57,
fresh-s2/D02-one-full-series-then-gate,122.404,602791936,2242207744,8.375,1.109375,55,
fresh-s2/D02-one-full-series-then-gate,123.414,602791936,2242207744,8.375,1.109375,55,
fresh-s2/D02-one-full-series-then-gate,124.425,602796032,2242207744,8.375,1.109375,55,
fresh-s2/D02-one-full-series-then-gate,125.441,602796032,2242207744,8.375,1.109375,55,
fresh-s2/D02-one-full-series-then-gate,126.45,602796032,2242207744,8.375,1.109375,55,
fresh-s2/D02-one-full-series-then-gate,127.46,602796032,2242207744,8.375,1.109375,55,
fresh-s2/D02-one-full-series-then-gate,128.482,602796032,2242207744,8.375,1.109375,55,
fresh-s2/D02-one-full-series-then-gate,129.504,602796032,2242207744,8.375,1.109375,55,
fresh-s2/D02-one-full-series-then-gate,130.519,602800128,2242207744,8.375,1.109375,55,
fresh-s2/D02-one-full-series-then-gate,131.533,602800128,2242207744,8.375,1.109375,55,
fresh-s2/D02-one-full-series-then-gate,132.543,602796032,2242207744,8.375,1.109375,55,
fresh-s2/D02-one-full-series-then-gate,133.563,602800128,2242207744,8.375,1.109375,55,
fresh-s2/D02-one-full-series-then-gate,134.58,602800128,2242207744,8.375,1.109375,55,
fresh-s2/D02-one-full-series-then-gate,135.596,602800128,2242207744,8.375,1.109375,55,
fresh-s2/D02-one-full-series-then-gate,136.621,602800128,2242207744,8.375,1.109375,55,
fresh-s2/D02-one-full-series-then-gate,137.645,602800128,2242207744,8.375,1.109375,55,
fresh-s2/D02-one-full-series-then-gate,138.655,602800128,2242207744,8.375,1.109375,55,
fresh-s2/D02-one-full-series-then-gate,139.679,602800128,2242207744,8.375,1.109375,55,
fresh-s2/D02-one-full-series-then-gate,140.703,602800128,2242207744,8.375,1.109375,55,
fresh-s2/D02-one-full-series-then-gate,141.717,602800128,2242207744,8.375,1.109375,55,
fresh-s2/D02-one-full-series-then-gate,142.73,602800128,2242207744,8.375,1.109375,55,
fresh-s2/D02-one-full-series-then-gate,143.748,602800128,2242207744,8.375,1.109375,55,
fresh-s2/D02-one-full-series-then-gate,144.762,602800128,2242207744,8.375,1.109375,55,
fresh-s2/D02-one-full-series-then-gate,145.772,602800128,2242207744,8.375,1.109375,55,
fresh-s2/D02-one-full-series-then-gate,146.792,602800128,2242207744,8.375,1.109375,55,
fresh-s2/D02-one-full-series-then-gate,147.813,602800128,2242207744,8.375,1.109375,55,
fresh-s2/D02-one-full-series-then-gate,148.825,602800128,2242207744,8.375,1.109375,55,
fresh-s2/D02-one-full-series-then-gate,149.846,602800128,2242207744,8.375,1.109375,55,
fresh-s2/D02-one-full-series-then-gate,150.862,602800128,2242207744,8.375,1.109375,55,
fresh-s2/D02-one-full-series-then-gate,151.874,602800128,2242207744,8.375,1.109375,55,
fresh-s2/D02-one-full-series-then-gate,152.892,602800128,2242207744,8.375,1.109375,55,
fresh-s2/D02-one-full-series-then-gate,153.904,602800128,2242207744,8.375,1.109375,55,
fresh-s2/D02-one-full-series-then-gate,154.92,602804224,2242207744,8.375,1.109375,55,
fresh-s2/D02-one-full-series-then-gate,155.933,602804224,2242207744,8.375,1.109375,55,
fresh-s2/D02-one-full-series-then-gate,156.945,602804224,2242207744,8.375,1.109375,55,
fresh-s2/D02-one-full-series-then-gate,157.96,602804224,2242207744,8.375,1.109375,55,
fresh-s2/D02-one-full-series-then-gate,158.983,602804224,2242207744,8.375,1.109375,55,
fresh-s2/D02-one-full-series-then-gate,160.007,602804224,2242207744,8.375,1.109375,55,
fresh-s2/D02-one-full-series-then-gate,161.026,602804224,2242207744,8.375,1.109375,55,
fresh-s2/D02-one-full-series-then-gate,162.037,602804224,2242207744,8.375,1.109375,55,
fresh-s2/D02-one-full-series-then-gate,163.053,602800128,2242207744,8.375,1.109375,55,
fresh-s2/D02-one-full-series-then-gate,164.066,602804224,2242207744,8.375,1.109375,55,
fresh-s2/D02-one-full-series-then-gate,165.08,602804224,2242207744,8.375,1.109375,55,
fresh-s2/D02-one-full-series-then-gate,166.101,602804224,2242207744,8.375,1.109375,55,
fresh-s2/D02-one-full-series-then-gate,167.119,602804224,2242207744,8.375,1.109375,55,
fresh-s2/D02-one-full-series-then-gate,168.141,602808320,2242207744,8.375,1.109375,55,
fresh-s2/D02-one-full-series-then-gate,169.161,602808320,2242207744,8.375,1.109375,55,
fresh-s2/D02-one-full-series-then-gate,170.178,602808320,2242207744,8.375,1.109375,55,
fresh-s2/D02-one-full-series-then-gate,171.199,603045888,2242457600,8.375,1.109375,55,
fresh-s2/D02-one-full-series-then-gate,172.22,603054080,2242457600,8.375,1.109375,55,
fresh-s2/D02-one-full-series-then-gate,173.229,603054080,2242457600,8.375,1.109375,55,
fresh-s2/D02-one-full-series-then-gate,174.238,603054080,2242457600,8.375,1.109375,55,
fresh-s2/D02-one-full-series-then-gate,175.257,603054080,2242457600,8.375,1.109375,55,
fresh-s2/D02-one-full-series-then-gate,176.268,603054080,2242457600,8.375,1.109375,55,
fresh-s2/D02-one-full-series-then-gate,177.278,603054080,2242457600,8.375,1.109375,55,
fresh-s2/D02-one-full-series-then-gate,178.287,603054080,2242457600,8.375,1.109375,55,
fresh-s2/D02-one-full-series-then-gate,179.299,603054080,2242457600,8.375,1.109375,55,
fresh-s2/D03-36-full-series-then-gate,0.001,1748811776,3019763712,15.25,4.8125,55,
fresh-s2/D03-36-full-series-then-gate,1.011,1748668416,3020222464,15.34375,4.8125,55,
fresh-s2/D03-36-full-series-then-gate,2.021,1748672512,3020222464,15.34375,4.8125,55,
fresh-s2/D03-36-full-series-then-gate,3.035,1748672512,3020222464,15.34375,4.8125,55,
fresh-s2/D03-36-full-series-then-gate,4.056,1748672512,3020222464,15.34375,4.8125,55,
fresh-s2/D03-36-full-series-then-gate,5.067,1748672512,3020222464,15.34375,4.8125,55,
fresh-s2/D03-36-full-series-then-gate,7.228,1748738048,3020312576,15.375,4.8125,55,
fresh-s2/D03-36-full-series-then-gate,8.238,1748738048,3020312576,15.375,4.8125,55,
fresh-s2/D03-36-full-series-then-gate,9.254,1748807680,3020398592,15.375,4.8125,55,
fresh-s2/D03-36-full-series-then-gate,10.271,1748807680,3020398592,15.375,4.8125,55,
fresh-s2/D03-36-full-series-then-gate,11.278,1748832256,3020460032,15.375,4.8125,55,
fresh-s2/D03-36-full-series-then-gate,12.288,1748832256,3020460032,15.375,4.8125,55,
fresh-s2/D03-36-full-series-then-gate,13.309,1748832256,3020460032,15.375,4.8125,55,
fresh-s2/D03-36-full-series-then-gate,14.319,1749274624,3020914688,15.375,4.8125,55,
fresh-s2/D03-36-full-series-then-gate,15.331,1749311488,3021205504,15.375,4.8125,55,
fresh-s2/D03-36-full-series-then-gate,17.676,1749315584,3021328384,15.40625,4.8125,55,
fresh-s2/D03-36-full-series-then-gate,18.698,1749315584,3021328384,15.40625,4.8125,55,
fresh-s2/D03-36-full-series-then-gate,19.708,1749315584,3021328384,15.40625,4.8125,55,
fresh-s2/D03-36-full-series-then-gate,20.718,1749315584,3021328384,15.40625,4.8125,55,
fresh-s2/D03-36-full-series-then-gate,21.729,1749315584,3021328384,15.40625,4.8125,55,
fresh-s2/D03-36-full-series-then-gate,22.738,1749315584,3021328384,15.40625,4.8125,55,
fresh-s2/D03-36-full-series-then-gate,23.749,1749315584,3021328384,15.40625,4.8125,55,
fresh-s2/D03-36-full-series-then-gate,24.77,1749315584,3021328384,15.40625,4.8125,55,
fresh-s2/D03-36-full-series-then-gate,25.779,1749315584,3021328384,15.40625,4.8125,55,
fresh-s2/D03-36-full-series-then-gate,26.789,1749315584,3021328384,15.40625,4.8125,55,
fresh-s2/D03-36-full-series-then-gate,27.798,1749315584,3021328384,15.40625,4.8125,55,
fresh-s2/D03-36-full-series-then-gate,28.806,1749315584,3021328384,15.40625,4.8125,55,
fresh-s2/D03-36-full-series-then-gate,29.814,1749315584,3021328384,15.40625,4.8125,55,
fresh-s2/D03-36-full-series-then-gate,30.834,1749315584,3021328384,15.40625,4.8125,55,
fresh-s2/D03-36-full-series-then-gate,33.055,1749315584,3021328384,15.40625,4.8125,55,
fresh-s2/D03-36-full-series-then-gate,34.071,1749327872,3021434880,15.40625,4.8125,55,
fresh-s2/D03-36-full-series-then-gate,35.091,1749766144,3021889536,15.40625,4.8125,55,
fresh-s2/D03-36-full-series-then-gate,36.099,1749762048,3021889536,15.40625,4.8125,55,
fresh-s2/D03-36-full-series-then-gate,37.108,1749766144,3021889536,15.40625,4.8125,55,
fresh-s2/D03-36-full-series-then-gate,38.126,1749766144,3021889536,15.40625,4.8125,55,
fresh-s2/D03-36-full-series-then-gate,39.143,1749766144,3021889536,15.40625,4.8125,55,
fresh-s2/D03-36-full-series-then-gate,40.158,1749766144,3021889536,15.40625,4.8125,55,
fresh-s2/D03-36-full-series-then-gate,41.167,1749766144,3021889536,15.421875,4.8125,55,
fresh-s2/D03-36-full-series-then-gate,42.181,1749766144,3021889536,15.421875,4.8125,55,
fresh-s2/D03-36-full-series-then-gate,43.203,1749770240,3021889536,15.421875,4.8125,55,
fresh-s2/D03-36-full-series-then-gate,44.213,1749770240,3021889536,15.421875,4.8125,55,
fresh-s2/D03-36-full-series-then-gate,45.234,1749770240,3021889536,15.421875,4.8125,55,
fresh-s2/D03-36-full-series-then-gate,46.255,1749770240,3021889536,15.421875,4.8125,55,
fresh-s2/D03-36-full-series-then-gate,47.273,1749770240,3021889536,15.421875,4.8125,55,
fresh-s2/D03-36-full-series-then-gate,48.294,1749770240,3021889536,15.421875,4.8125,55,
fresh-s2/D03-36-full-series-then-gate,49.317,1749770240,3021889536,15.421875,4.8125,55,
fresh-s2/D03-36-full-series-then-gate,50.339,1749770240,3021889536,15.421875,4.8125,55,
fresh-s2/D03-36-full-series-then-gate,51.352,1749770240,3021889536,15.421875,4.8125,55,
fresh-s2/D03-36-full-series-then-gate,52.359,1749770240,3021889536,15.421875,4.8125,55,
fresh-s2/D03-36-full-series-then-gate,53.38,1749770240,3021889536,15.421875,4.8125,55,
fresh-s2/D03-36-full-series-then-gate,54.401,1749770240,3021889536,15.421875,4.8125,55,
fresh-s2/D03-36-full-series-then-gate,55.421,1749770240,3021889536,15.421875,4.8125,55,
fresh-s2/D03-36-full-series-then-gate,56.444,1749770240,3021889536,15.421875,4.8125,55,
fresh-s2/D03-36-full-series-then-gate,57.455,1749770240,3021889536,15.421875,4.8125,55,
fresh-s2/D03-36-full-series-then-gate,58.468,1749770240,3021889536,15.421875,4.8125,55,
fresh-s2/D03-36-full-series-then-gate,59.487,1749770240,3021889536,15.421875,4.8125,55,
fresh-s2/D03-36-full-series-then-gate,60.504,1749770240,3021889536,15.421875,4.8125,55,
fresh-s2/D03-36-full-series-then-gate,62.583,1749770240,3021889536,15.453125,4.8125,55,
fresh-s2/D03-36-full-series-then-gate,63.602,1749770240,3021889536,15.453125,4.8125,55,
fresh-s2/D03-36-full-series-then-gate,64.624,1749770240,3021889536,15.453125,4.8125,55,
fresh-s2/D03-36-full-series-then-gate,65.647,1749770240,3021889536,15.453125,4.8125,55,
fresh-s2/D03-36-full-series-then-gate,66.668,1749770240,3021889536,15.453125,4.8125,55,
fresh-s2/D03-36-full-series-then-gate,67.689,1749770240,3021889536,15.453125,4.8125,55,
fresh-s2/D03-36-full-series-then-gate,68.711,1749770240,3021889536,15.453125,4.8125,55,
fresh-s2/D03-36-full-series-then-gate,69.731,1749770240,3021889536,15.453125,4.8125,55,
fresh-s2/D03-36-full-series-then-gate,70.754,1749770240,3021889536,15.453125,4.8125,55,
fresh-s2/D03-36-full-series-then-gate,71.761,1749770240,3021889536,15.453125,4.8125,55,
fresh-s2/D03-36-full-series-then-gate,72.773,1749770240,3021889536,15.453125,4.8125,55,
fresh-s2/D03-36-full-series-then-gate,73.788,1749770240,3021889536,15.453125,4.8125,55,
fresh-s2/D03-36-full-series-then-gate,74.812,1749770240,3021889536,15.453125,4.8125,55,
fresh-s2/D03-36-full-series-then-gate,75.832,1749770240,3021889536,15.453125,4.8125,55,
fresh-s2/D03-36-full-series-then-gate,76.855,1749770240,3021889536,15.453125,4.8125,55,
fresh-s2/D03-36-full-series-then-gate,77.866,1749770240,3021889536,15.453125,4.8125,55,
fresh-s2/D03-36-full-series-then-gate,78.886,1749770240,3021889536,15.453125,4.8125,55,
fresh-s2/D03-36-full-series-then-gate,79.898,1749770240,3021889536,15.453125,4.8125,55,
fresh-s2/D03-36-full-series-then-gate,80.908,1749770240,3021889536,15.453125,4.8125,55,
fresh-s2/D03-36-full-series-then-gate,81.931,1749770240,3021889536,15.453125,4.8125,55,
fresh-s2/D03-36-full-series-then-gate,82.94,1749770240,3021889536,15.453125,4.8125,55,
fresh-s2/D03-36-full-series-then-gate,83.956,1749770240,3021889536,15.453125,4.8125,55,
fresh-s2/D03-36-full-series-then-gate,84.976,1749770240,3021889536,15.453125,4.8125,55,
fresh-s2/D03-36-full-series-then-gate,85.997,1749770240,3021889536,15.453125,4.8125,55,
fresh-s2/D03-36-full-series-then-gate,87.013,1749770240,3021889536,15.453125,4.8125,55,
fresh-s2/D03-36-full-series-then-gate,88.03,1749770240,3021889536,15.453125,4.8125,55,
fresh-s2/D03-36-full-series-then-gate,89.051,1749770240,3021889536,15.453125,4.8125,55,
fresh-s2/D03-36-full-series-then-gate,90.07,1749770240,3021889536,15.453125,4.8125,55,
fresh-s2/D03-36-full-series-then-gate,91.082,1749770240,3021889536,15.453125,4.8125,55,
fresh-s2/D03-36-full-series-then-gate,92.097,1749770240,3021889536,15.453125,4.8125,55,
fresh-s2/D03-36-full-series-then-gate,93.107,1749770240,3021889536,15.453125,4.8125,55,
fresh-s2/D03-36-full-series-then-gate,94.126,1749774336,3021889536,15.453125,4.8125,55,
fresh-s2/D03-36-full-series-then-gate,95.148,1749778432,3021889536,15.453125,4.8125,55,
fresh-s2/D03-36-full-series-then-gate,96.16,1749778432,3021889536,15.453125,4.8125,55,
fresh-s2/D03-36-full-series-then-gate,97.181,1749778432,3021889536,15.453125,4.8125,55,
fresh-s2/D03-36-full-series-then-gate,98.19,1749778432,3021889536,15.453125,4.8125,55,
fresh-s2/D03-36-full-series-then-gate,99.198,1749778432,3021889536,15.453125,4.8125,55,
fresh-s2/D03-36-full-series-then-gate,100.21,1749778432,3021889536,15.453125,4.8125,55,
fresh-s2/D03-36-full-series-then-gate,101.23,1749778432,3021889536,15.453125,4.8125,55,
fresh-s2/D03-36-full-series-then-gate,102.238,1749778432,3021889536,15.453125,4.8125,55,
fresh-s2/D03-36-full-series-then-gate,103.245,1749778432,3021889536,15.453125,4.828125,55,
fresh-s2/D03-36-full-series-then-gate,104.252,1749778432,3021889536,15.453125,4.828125,55,
fresh-s2/D03-36-full-series-then-gate,105.264,1751113728,3023216640,15.453125,4.828125,55,
fresh-s2/D03-36-full-series-then-gate,106.273,1751113728,3023216640,15.453125,4.828125,55,
fresh-s2/D03-36-full-series-then-gate,107.284,1751113728,3023216640,15.453125,4.828125,55,
fresh-s2/D03-36-full-series-then-gate,108.293,1751113728,3023216640,15.453125,4.828125,55,
fresh-s2/D03-36-full-series-then-gate,109.304,1751113728,3023216640,15.453125,4.828125,55,
fresh-s2/D03-36-full-series-then-gate,110.327,1751113728,3023216640,15.453125,4.828125,55,
fresh-s2/D03-36-full-series-then-gate,111.342,1751113728,3023216640,15.453125,4.828125,55,
fresh-s2/D03-36-full-series-then-gate,112.352,1751113728,3023216640,15.453125,4.828125,55,
fresh-s2/D03-36-full-series-then-gate,113.365,1751113728,3023216640,15.453125,4.828125,55,
fresh-s2/D03-36-full-series-then-gate,114.378,1751113728,3023216640,15.453125,4.828125,55,
fresh-s2/D03-36-full-series-then-gate,115.388,1751117824,3023216640,15.453125,4.828125,55,
fresh-s2/D03-36-full-series-then-gate,116.4,1751117824,3023216640,15.453125,4.828125,55,
fresh-s2/D03-36-full-series-then-gate,117.411,1751117824,3023216640,15.453125,4.828125,55,
fresh-s2/D03-36-full-series-then-gate,118.423,1751117824,3023216640,15.453125,4.828125,55,
fresh-s2/D03-36-full-series-then-gate,119.437,1751117824,3023216640,15.453125,4.828125,55,
fresh-s2/D03-36-full-series-then-gate,120.454,1751117824,3023216640,15.453125,4.828125,55,
fresh-s2/D03-36-full-series-then-gate,122.61,1751117824,3023216640,15.453125,4.828125,55,
fresh-s2/D03-36-full-series-then-gate,123.622,1751117824,3023216640,15.453125,4.828125,55,
fresh-s2/D03-36-full-series-then-gate,124.628,1751117824,3023216640,15.453125,4.828125,55,
fresh-s2/D03-36-full-series-then-gate,125.639,1751117824,3023216640,15.453125,4.828125,55,
fresh-s2/D03-36-full-series-then-gate,126.656,1751117824,3023216640,15.453125,4.828125,55,
fresh-s2/D03-36-full-series-then-gate,127.668,1751117824,3023216640,15.453125,4.828125,55,
fresh-s2/D03-36-full-series-then-gate,128.681,1751117824,3023216640,15.453125,4.828125,55,
fresh-s2/D03-36-full-series-then-gate,129.692,1751240704,3023253504,15.453125,4.828125,56,
fresh-s2/D03-36-full-series-then-gate,130.7,1751240704,3023253504,15.453125,4.828125,56,
fresh-s2/D03-36-full-series-then-gate,131.712,1751240704,3023253504,15.453125,4.828125,56,
fresh-s2/D03-36-full-series-then-gate,132.726,1751240704,3023253504,15.453125,4.828125,56,
fresh-s2/D03-36-full-series-then-gate,133.735,1751240704,3023253504,15.453125,4.828125,56,
fresh-s2/D03-36-full-series-then-gate,134.757,1751265280,3023253504,15.453125,4.828125,56,
fresh-s2/D03-36-full-series-then-gate,135.77,1751265280,3023253504,15.453125,4.828125,56,
fresh-s2/D03-36-full-series-then-gate,136.794,1751265280,3023253504,15.453125,4.828125,56,
fresh-s2/D03-36-full-series-then-gate,137.813,1751265280,3023253504,15.453125,4.828125,56,
fresh-s2/D03-36-full-series-then-gate,138.833,1751265280,3023253504,15.453125,4.828125,56,
fresh-s2/D03-36-full-series-then-gate,139.847,1751265280,3023253504,15.453125,4.828125,56,
fresh-s2/D03-36-full-series-then-gate,140.858,1751265280,3023253504,15.453125,4.828125,56,
fresh-s2/D03-36-full-series-then-gate,141.871,1751265280,3023253504,15.453125,4.828125,56,
fresh-s2/D03-36-full-series-then-gate,142.883,1751265280,3023253504,15.453125,4.828125,56,
fresh-s2/D03-36-full-series-then-gate,143.897,1751265280,3023253504,15.453125,4.828125,56,
fresh-s2/D03-36-full-series-then-gate,144.912,1751265280,3023253504,15.453125,4.828125,56,
fresh-s2/D03-36-full-series-then-gate,145.931,1751265280,3023253504,15.453125,4.828125,56,
fresh-s2/D03-36-full-series-then-gate,146.942,1751265280,3023253504,15.453125,4.828125,56,
fresh-s2/D03-36-full-series-then-gate,147.956,1751265280,3023253504,15.453125,4.828125,56,
fresh-s2/D03-36-full-series-then-gate,148.969,1751265280,3023253504,15.453125,4.828125,56,
fresh-s2/D03-36-full-series-then-gate,149.978,1751265280,3023253504,15.453125,4.828125,56,
fresh-s2/D03-36-full-series-then-gate,150.99,1751265280,3023253504,15.453125,4.828125,56,
fresh-s2/D03-36-full-series-then-gate,152.006,1751265280,3023253504,15.453125,4.828125,56,
fresh-s2/D03-36-full-series-then-gate,153.019,1751265280,3023253504,15.453125,4.828125,56,
fresh-s2/D03-36-full-series-then-gate,154.037,1751265280,3023253504,15.453125,4.828125,56,
fresh-s2/D03-36-full-series-then-gate,155.053,1751265280,3023253504,15.453125,4.828125,56,
fresh-s2/D03-36-full-series-then-gate,156.063,1751265280,3023253504,15.453125,4.828125,56,
fresh-s2/D03-36-full-series-then-gate,157.077,1751265280,3023253504,15.453125,4.828125,56,
fresh-s2/D03-36-full-series-then-gate,158.101,1751265280,3023253504,15.453125,4.828125,56,
fresh-s2/D03-36-full-series-then-gate,159.114,1751265280,3023253504,15.453125,4.828125,56,
fresh-s2/D03-36-full-series-then-gate,160.122,1751265280,3023253504,15.453125,4.828125,56,
fresh-s2/D03-36-full-series-then-gate,161.143,1751265280,3023253504,15.453125,4.828125,56,
fresh-s2/D03-36-full-series-then-gate,162.162,1751265280,3023253504,15.453125,4.828125,56,
fresh-s2/D03-36-full-series-then-gate,163.175,1751265280,3023253504,15.453125,4.828125,56,
fresh-s2/D03-36-full-series-then-gate,164.196,1751265280,3023253504,15.453125,4.828125,56,
fresh-s2/D03-36-full-series-then-gate,165.207,1751265280,3023253504,15.453125,4.828125,56,
fresh-s2/D03-36-full-series-then-gate,166.225,1751265280,3023253504,15.453125,4.828125,56,
fresh-s2/D03-36-full-series-then-gate,167.236,1751265280,3023253504,15.453125,4.828125,56,
fresh-s2/D03-36-full-series-then-gate,168.259,1751265280,3023253504,15.453125,4.828125,56,
fresh-s2/D03-36-full-series-then-gate,169.28,1751265280,3023253504,15.453125,4.828125,56,
fresh-s2/D03-36-full-series-then-gate,170.293,1751265280,3023253504,15.453125,4.828125,56,
fresh-s2/D03-36-full-series-then-gate,171.301,1751265280,3023253504,15.453125,4.828125,56,
fresh-s2/D03-36-full-series-then-gate,172.316,1751265280,3023253504,15.453125,4.828125,56,
fresh-s2/D03-36-full-series-then-gate,173.334,1751265280,3023253504,15.453125,4.828125,56,
fresh-s2/D03-36-full-series-then-gate,174.347,1751265280,3023253504,15.453125,4.828125,56,
fresh-s2/D03-36-full-series-then-gate,175.36,1751265280,3023253504,15.453125,4.828125,56,
fresh-s2/D03-36-full-series-then-gate,176.369,1751265280,3023253504,15.453125,4.828125,56,
fresh-s2/D03-36-full-series-then-gate,177.38,1751265280,3023253504,15.453125,4.828125,56,
fresh-s2/D03-36-full-series-then-gate,178.392,1751265280,3023253504,15.453125,4.828125,56,
fresh-s2/D03-36-full-series-then-gate,179.404,1751265280,3023253504,15.453125,4.828125,56,
fresh-s2/D04-36-single-and-36-full-then-gate,0.001,1470312448,2845016064,11.0625,2.375,55,
fresh-s2/D04-36-single-and-36-full-then-gate,1.026,1486655488,2862153728,11.09375,2.375,55,
fresh-s2/D04-36-single-and-36-full-then-gate,2.035,1467129856,2840162304,11.09375,2.375,55,
fresh-s2/D04-36-single-and-36-full-then-gate,3.056,1467129856,2840162304,11.09375,2.375,55,
fresh-s2/D04-36-single-and-36-full-then-gate,4.081,1467129856,2840162304,11.09375,2.375,55,
fresh-s2/D04-36-single-and-36-full-then-gate,5.091,1467129856,2840162304,11.09375,2.375,55,
fresh-s2/D04-36-single-and-36-full-then-gate,7.223,1467224064,2840338432,11.109375,2.375,55,
fresh-s2/D04-36-single-and-36-full-then-gate,8.233,1467224064,2840338432,11.109375,2.375,55,
fresh-s2/D04-36-single-and-36-full-then-gate,9.255,1467224064,2840338432,11.109375,2.375,55,
fresh-s2/D04-36-single-and-36-full-then-gate,10.269,1467420672,2840539136,11.109375,2.375,55,
fresh-s2/D04-36-single-and-36-full-then-gate,11.279,1467420672,2840539136,11.109375,2.375,55,
fresh-s2/D04-36-single-and-36-full-then-gate,12.295,1467428864,2840629248,11.109375,2.375,55,
fresh-s2/D04-36-single-and-36-full-then-gate,13.309,1467867136,2841100288,11.109375,2.375,55,
fresh-s2/D04-36-single-and-36-full-then-gate,14.323,1467904000,2841100288,11.109375,2.375,55,
fresh-s2/D04-36-single-and-36-full-then-gate,15.336,1467904000,2841100288,11.109375,2.375,55,
fresh-s2/D04-36-single-and-36-full-then-gate,17.222,1467904000,2841178112,11.125,2.375,55,
fresh-s2/D04-36-single-and-36-full-then-gate,18.229,1467904000,2841178112,11.125,2.375,55,
fresh-s2/D04-36-single-and-36-full-then-gate,19.242,1467904000,2841178112,11.125,2.375,55,
fresh-s2/D04-36-single-and-36-full-then-gate,20.263,1467904000,2841178112,11.125,2.375,55,
fresh-s2/D04-36-single-and-36-full-then-gate,21.275,1467904000,2841178112,11.125,2.375,55,
fresh-s2/D04-36-single-and-36-full-then-gate,22.297,1467904000,2841178112,11.125,2.375,55,
fresh-s2/D04-36-single-and-36-full-then-gate,23.318,1467904000,2841178112,11.125,2.375,55,
fresh-s2/D04-36-single-and-36-full-then-gate,24.329,1467904000,2841178112,11.125,2.375,55,
fresh-s2/D04-36-single-and-36-full-then-gate,25.353,1467904000,2841178112,11.125,2.375,55,
fresh-s2/D04-36-single-and-36-full-then-gate,26.379,1467904000,2841178112,11.125,2.375,55,
fresh-s2/D04-36-single-and-36-full-then-gate,27.386,1467904000,2841178112,11.125,2.375,55,
fresh-s2/D04-36-single-and-36-full-then-gate,28.394,1467904000,2841178112,11.125,2.375,55,
fresh-s2/D04-36-single-and-36-full-then-gate,29.409,1467904000,2841178112,11.125,2.375,55,
fresh-s2/D04-36-single-and-36-full-then-gate,30.422,1467904000,2841178112,11.125,2.375,55,
fresh-s2/D04-36-single-and-36-full-then-gate,32.433,1467904000,2841178112,11.125,2.375,55,
fresh-s2/D04-36-single-and-36-full-then-gate,33.443,1467904000,2841178112,11.125,2.375,55,
fresh-s2/D04-36-single-and-36-full-then-gate,34.467,1467904000,2841178112,11.125,2.375,55,
fresh-s2/D04-36-single-and-36-full-then-gate,35.478,1467904000,2841178112,11.125,2.375,55,
fresh-s2/D04-36-single-and-36-full-then-gate,36.501,1467904000,2841178112,11.125,2.375,55,
fresh-s2/D04-36-single-and-36-full-then-gate,37.524,1467904000,2841178112,11.125,2.375,55,
fresh-s2/D04-36-single-and-36-full-then-gate,38.539,1467904000,2841178112,11.125,2.375,55,
fresh-s2/D04-36-single-and-36-full-then-gate,39.552,1467904000,2841178112,11.125,2.375,55,
fresh-s2/D04-36-single-and-36-full-then-gate,40.561,1467904000,2841178112,11.125,2.375,55,
fresh-s2/D04-36-single-and-36-full-then-gate,41.568,1467904000,2841178112,11.125,2.375,55,
fresh-s2/D04-36-single-and-36-full-then-gate,42.587,1467912192,2841178112,11.125,2.375,55,
fresh-s2/D04-36-single-and-36-full-then-gate,43.61,1467912192,2841178112,11.125,2.375,55,
fresh-s2/D04-36-single-and-36-full-then-gate,44.625,1467912192,2841178112,11.125,2.375,55,
fresh-s2/D04-36-single-and-36-full-then-gate,45.635,1467912192,2841178112,11.125,2.375,55,
fresh-s2/D04-36-single-and-36-full-then-gate,46.648,1467912192,2841178112,11.125,2.375,55,
fresh-s2/D04-36-single-and-36-full-then-gate,47.665,1467912192,2841178112,11.125,2.375,55,
fresh-s2/D04-36-single-and-36-full-then-gate,48.686,1467912192,2841178112,11.125,2.375,55,
fresh-s2/D04-36-single-and-36-full-then-gate,49.706,1467912192,2841178112,11.125,2.375,55,
fresh-s2/D04-36-single-and-36-full-then-gate,50.726,1467912192,2841178112,11.125,2.375,55,
fresh-s2/D04-36-single-and-36-full-then-gate,51.738,1467912192,2841178112,11.125,2.375,55,
fresh-s2/D04-36-single-and-36-full-then-gate,52.748,1467912192,2841178112,11.125,2.375,55,
fresh-s2/D04-36-single-and-36-full-then-gate,53.762,1467912192,2841178112,11.125,2.390625,55,
fresh-s2/D04-36-single-and-36-full-then-gate,54.777,1467912192,2841178112,11.125,2.390625,55,
fresh-s2/D04-36-single-and-36-full-then-gate,55.803,1467912192,2841178112,11.125,2.390625,55,
fresh-s2/D04-36-single-and-36-full-then-gate,56.824,1467912192,2841178112,11.125,2.390625,55,
fresh-s2/D04-36-single-and-36-full-then-gate,57.845,1467912192,2841178112,11.125,2.390625,55,
fresh-s2/D04-36-single-and-36-full-then-gate,58.869,1467912192,2841178112,11.125,2.390625,55,
fresh-s2/D04-36-single-and-36-full-then-gate,59.883,1467912192,2841178112,11.125,2.390625,55,
fresh-s2/D04-36-single-and-36-full-then-gate,60.913,1467912192,2841178112,11.125,2.390625,55,
fresh-s2/D04-36-single-and-36-full-then-gate,62.713,1467912192,2841178112,11.140625,2.390625,55,
fresh-s2/D04-36-single-and-36-full-then-gate,63.728,1467912192,2841178112,11.140625,2.390625,55,
fresh-s2/D04-36-single-and-36-full-then-gate,64.741,1467912192,2841178112,11.140625,2.390625,55,
fresh-s2/D04-36-single-and-36-full-then-gate,65.752,1467912192,2841178112,11.140625,2.390625,55,
fresh-s2/D04-36-single-and-36-full-then-gate,66.764,1467912192,2841178112,11.140625,2.390625,55,
fresh-s2/D04-36-single-and-36-full-then-gate,67.778,1467912192,2841178112,11.140625,2.390625,55,
fresh-s2/D04-36-single-and-36-full-then-gate,68.789,1467912192,2841178112,11.140625,2.390625,55,
fresh-s2/D04-36-single-and-36-full-then-gate,69.804,1467912192,2841178112,11.140625,2.390625,55,
fresh-s2/D04-36-single-and-36-full-then-gate,70.818,1467924480,2841178112,11.140625,2.390625,55,
fresh-s2/D04-36-single-and-36-full-then-gate,71.829,1467924480,2841178112,11.140625,2.390625,55,
fresh-s2/D04-36-single-and-36-full-then-gate,72.842,1467924480,2841272320,11.140625,2.390625,55,
fresh-s2/D04-36-single-and-36-full-then-gate,73.854,1467924480,2841272320,11.140625,2.390625,55,
fresh-s2/D04-36-single-and-36-full-then-gate,74.866,1467928576,2841395200,11.140625,2.390625,55,
fresh-s2/D04-36-single-and-36-full-then-gate,75.878,1467928576,2841395200,11.140625,2.390625,55,
fresh-s2/D04-36-single-and-36-full-then-gate,76.901,1467928576,2841395200,11.140625,2.390625,55,
fresh-s2/D04-36-single-and-36-full-then-gate,77.911,1467928576,2841395200,11.140625,2.390625,55,
fresh-s2/D04-36-single-and-36-full-then-gate,78.927,1467928576,2841395200,11.140625,2.390625,55,
fresh-s2/D04-36-single-and-36-full-then-gate,79.936,1467928576,2841395200,11.140625,2.390625,55,
fresh-s2/D04-36-single-and-36-full-then-gate,80.947,1467928576,2841395200,11.140625,2.390625,55,
fresh-s2/D04-36-single-and-36-full-then-gate,81.961,1467928576,2841395200,11.140625,2.390625,55,
fresh-s2/D04-36-single-and-36-full-then-gate,82.969,1467928576,2841395200,11.140625,2.390625,55,
fresh-s2/D04-36-single-and-36-full-then-gate,83.979,1467928576,2841395200,11.140625,2.390625,55,
fresh-s2/D04-36-single-and-36-full-then-gate,84.998,1467928576,2841395200,11.140625,2.390625,55,
fresh-s2/D04-36-single-and-36-full-then-gate,86.011,1467928576,2841395200,11.140625,2.390625,55,
fresh-s2/D04-36-single-and-36-full-then-gate,87.032,1467928576,2841395200,11.140625,2.390625,55,
fresh-s2/D04-36-single-and-36-full-then-gate,88.042,1467928576,2841395200,11.140625,2.390625,55,
fresh-s2/D04-36-single-and-36-full-then-gate,89.056,1467928576,2841395200,11.140625,2.390625,55,
fresh-s2/D04-36-single-and-36-full-then-gate,90.075,1467928576,2841395200,11.140625,2.390625,55,
fresh-s2/D04-36-single-and-36-full-then-gate,91.094,1467928576,2841395200,11.140625,2.390625,55,
fresh-s2/D04-36-single-and-36-full-then-gate,92.106,1467928576,2841395200,11.140625,2.390625,55,
fresh-s2/D04-36-single-and-36-full-then-gate,93.114,1467928576,2841395200,11.140625,2.390625,55,
fresh-s2/D04-36-single-and-36-full-then-gate,94.134,1467932672,2841395200,11.140625,2.390625,55,
fresh-s2/D04-36-single-and-36-full-then-gate,95.147,1467932672,2841423872,11.140625,2.390625,55,
fresh-s2/D04-36-single-and-36-full-then-gate,96.164,1467932672,2841423872,11.140625,2.390625,55,
fresh-s2/D04-36-single-and-36-full-then-gate,97.185,1467932672,2841423872,11.140625,2.390625,55,
fresh-s2/D04-36-single-and-36-full-then-gate,98.194,1467932672,2841423872,11.140625,2.390625,55,
fresh-s2/D04-36-single-and-36-full-then-gate,99.216,1467932672,2841423872,11.140625,2.390625,55,
fresh-s2/D04-36-single-and-36-full-then-gate,100.223,1467932672,2841423872,11.140625,2.390625,55,
fresh-s2/D04-36-single-and-36-full-then-gate,101.235,1467932672,2841423872,11.140625,2.390625,55,
fresh-s2/D04-36-single-and-36-full-then-gate,102.247,1467932672,2841423872,11.140625,2.390625,55,
fresh-s2/D04-36-single-and-36-full-then-gate,103.261,1467936768,2841423872,11.140625,2.390625,55,
fresh-s2/D04-36-single-and-36-full-then-gate,104.273,1467936768,2841423872,11.140625,2.390625,55,
fresh-s2/D04-36-single-and-36-full-then-gate,105.295,1467936768,2841423872,11.140625,2.390625,55,
fresh-s2/D04-36-single-and-36-full-then-gate,106.312,1467936768,2841423872,11.140625,2.390625,55,
fresh-s2/D04-36-single-and-36-full-then-gate,107.326,1467936768,2841550848,11.140625,2.390625,55,
fresh-s2/D04-36-single-and-36-full-then-gate,108.337,1467936768,2841550848,11.140625,2.390625,55,
fresh-s2/D04-36-single-and-36-full-then-gate,109.352,1467936768,2841550848,11.140625,2.390625,55,
fresh-s2/D04-36-single-and-36-full-then-gate,110.376,1467936768,2841550848,11.140625,2.390625,55,
fresh-s2/D04-36-single-and-36-full-then-gate,111.386,1467936768,2841550848,11.140625,2.390625,55,
fresh-s2/D04-36-single-and-36-full-then-gate,112.406,1467936768,2841550848,11.140625,2.390625,55,
fresh-s2/D04-36-single-and-36-full-then-gate,113.423,1467936768,2841550848,11.140625,2.390625,55,
fresh-s2/D04-36-single-and-36-full-then-gate,114.438,1467936768,2842255360,11.140625,2.390625,55,
fresh-s2/D04-36-single-and-36-full-then-gate,115.455,1467936768,2842255360,11.140625,2.390625,55,
fresh-s2/D04-36-single-and-36-full-then-gate,116.47,1467936768,2842255360,11.140625,2.390625,55,
fresh-s2/D04-36-single-and-36-full-then-gate,117.491,1467936768,2842255360,11.140625,2.390625,55,
fresh-s2/D04-36-single-and-36-full-then-gate,118.501,1467936768,2842255360,11.140625,2.390625,55,
fresh-s2/D04-36-single-and-36-full-then-gate,119.514,1467936768,2842255360,11.140625,2.390625,55,
fresh-s2/D04-36-single-and-36-full-then-gate,120.527,1467936768,2842255360,11.140625,2.390625,55,
fresh-s2/D04-36-single-and-36-full-then-gate,122.565,1467936768,2842255360,11.15625,2.390625,55,
fresh-s2/D04-36-single-and-36-full-then-gate,123.574,1467936768,2842255360,11.15625,2.390625,55,
fresh-s2/D04-36-single-and-36-full-then-gate,124.588,1467936768,2842255360,11.15625,2.390625,55,
fresh-s2/D04-36-single-and-36-full-then-gate,125.598,1467936768,2842255360,11.15625,2.390625,55,
fresh-s2/D04-36-single-and-36-full-then-gate,126.611,1467936768,2842255360,11.15625,2.390625,55,
fresh-s2/D04-36-single-and-36-full-then-gate,127.623,1467936768,2842255360,11.15625,2.390625,55,
fresh-s2/D04-36-single-and-36-full-then-gate,128.635,1467936768,2842255360,11.15625,2.390625,55,
fresh-s2/D04-36-single-and-36-full-then-gate,129.656,1467990016,2842288128,11.15625,2.390625,56,
fresh-s2/D04-36-single-and-36-full-then-gate,130.672,1468059648,2842288128,11.15625,2.390625,56,
fresh-s2/D04-36-single-and-36-full-then-gate,131.682,1468059648,2842288128,11.15625,2.390625,56,
fresh-s2/D04-36-single-and-36-full-then-gate,132.708,1468059648,2842288128,11.15625,2.390625,56,
fresh-s2/D04-36-single-and-36-full-then-gate,133.72,1468084224,2842288128,11.15625,2.390625,56,
fresh-s2/D04-36-single-and-36-full-then-gate,134.735,1468084224,2842288128,11.15625,2.390625,56,
fresh-s2/D04-36-single-and-36-full-then-gate,135.745,1468084224,2842288128,11.15625,2.390625,56,
fresh-s2/D04-36-single-and-36-full-then-gate,136.761,1468084224,2842288128,11.15625,2.390625,56,
fresh-s2/D04-36-single-and-36-full-then-gate,137.778,1468084224,2842288128,11.15625,2.390625,56,
fresh-s2/D04-36-single-and-36-full-then-gate,138.787,1468084224,2842288128,11.15625,2.390625,56,
fresh-s2/D04-36-single-and-36-full-then-gate,139.798,1468084224,2842288128,11.15625,2.390625,56,
fresh-s2/D04-36-single-and-36-full-then-gate,140.811,1468084224,2842288128,11.15625,2.390625,56,
fresh-s2/D04-36-single-and-36-full-then-gate,141.828,1468084224,2842288128,11.15625,2.390625,56,
fresh-s2/D04-36-single-and-36-full-then-gate,142.836,1468084224,2842288128,11.15625,2.390625,56,
fresh-s2/D04-36-single-and-36-full-then-gate,143.862,1468084224,2842288128,11.15625,2.390625,56,
fresh-s2/D04-36-single-and-36-full-then-gate,144.878,1468084224,2842288128,11.15625,2.390625,56,
fresh-s2/D04-36-single-and-36-full-then-gate,145.889,1468084224,2842288128,11.15625,2.390625,56,
fresh-s2/D04-36-single-and-36-full-then-gate,146.908,1468084224,2842288128,11.15625,2.390625,56,
fresh-s2/D04-36-single-and-36-full-then-gate,147.919,1468084224,2842288128,11.15625,2.390625,56,
fresh-s2/D04-36-single-and-36-full-then-gate,148.93,1468084224,2842288128,11.15625,2.390625,56,
fresh-s2/D04-36-single-and-36-full-then-gate,149.951,1468084224,2842288128,11.15625,2.390625,56,
fresh-s2/D04-36-single-and-36-full-then-gate,150.961,1468084224,2842288128,11.15625,2.390625,56,
fresh-s2/D04-36-single-and-36-full-then-gate,151.97,1468084224,2842288128,11.15625,2.390625,56,
fresh-s2/D04-36-single-and-36-full-then-gate,152.982,1468084224,2842288128,11.15625,2.390625,56,
fresh-s2/D04-36-single-and-36-full-then-gate,153.996,1468084224,2842288128,11.15625,2.390625,56,
fresh-s2/D04-36-single-and-36-full-then-gate,155.009,1468084224,2842832896,11.15625,2.390625,56,
fresh-s2/D04-36-single-and-36-full-then-gate,156.043,1468084224,2842832896,11.15625,2.390625,56,
fresh-s2/D04-36-single-and-36-full-then-gate,157.058,1468084224,2842832896,11.15625,2.390625,56,
fresh-s2/D04-36-single-and-36-full-then-gate,158.071,1468084224,2842832896,11.15625,2.390625,56,
fresh-s2/D04-36-single-and-36-full-then-gate,159.085,1468084224,2842832896,11.15625,2.390625,56,
fresh-s2/D04-36-single-and-36-full-then-gate,160.094,1468084224,2842832896,11.15625,2.390625,56,
fresh-s2/D04-36-single-and-36-full-then-gate,161.119,1468084224,2842832896,11.15625,2.390625,56,
fresh-s2/D04-36-single-and-36-full-then-gate,162.131,1468084224,2842832896,11.15625,2.390625,56,
fresh-s2/D04-36-single-and-36-full-then-gate,163.155,1468084224,2842832896,11.15625,2.390625,56,
fresh-s2/D04-36-single-and-36-full-then-gate,164.175,1468084224,2842832896,11.15625,2.390625,56,
fresh-s2/D04-36-single-and-36-full-then-gate,165.197,1468084224,2842832896,11.15625,2.390625,56,
fresh-s2/D04-36-single-and-36-full-then-gate,166.212,1468084224,2842832896,11.15625,2.390625,56,
fresh-s2/D04-36-single-and-36-full-then-gate,167.229,1468084224,2842832896,11.15625,2.390625,56,
fresh-s2/D04-36-single-and-36-full-then-gate,168.243,1468084224,2842832896,11.15625,2.390625,56,
fresh-s2/D04-36-single-and-36-full-then-gate,169.252,1468084224,2842832896,11.15625,2.390625,56,
fresh-s2/D04-36-single-and-36-full-then-gate,170.267,1468084224,2842832896,11.15625,2.390625,56,
fresh-s2/D04-36-single-and-36-full-then-gate,171.275,1468084224,2842832896,11.15625,2.390625,56,
fresh-s2/D04-36-single-and-36-full-then-gate,172.297,1468084224,2842832896,11.15625,2.390625,56,
fresh-s2/D04-36-single-and-36-full-then-gate,173.308,1468084224,2842832896,11.15625,2.390625,56,
fresh-s2/D04-36-single-and-36-full-then-gate,174.327,1468084224,2842832896,11.15625,2.390625,56,
fresh-s2/D04-36-single-and-36-full-then-gate,175.34,1468084224,2842832896,11.15625,2.390625,56,
fresh-s2/D04-36-single-and-36-full-then-gate,176.361,1468084224,2842832896,11.15625,2.40625,56,
fresh-s2/D04-36-single-and-36-full-then-gate,177.387,1468084224,2842832896,11.15625,2.40625,56,
fresh-s2/D04-36-single-and-36-full-then-gate,178.397,1468084224,2842832896,11.15625,2.40625,56,
fresh-s2/D04-36-single-and-36-full-then-gate,179.407,1468084224,2842832896,11.15625,2.40625,56,
scaling/n124/first,0.001,557400064,2180673536,7.484375,0.546875,58,
scaling/n124/first,1.025,562204672,2186059776,7.625,0.546875,58,
scaling/n124/first,2.04,562204672,2186059776,7.625,0.546875,58,
scaling/n1240/first,0.001,563486720,2164613120,6.90625,0.75,58,
scaling/n1240/first,1.012,566231040,2165862400,6.921875,0.75,58,
scaling/n1240/first,2.032,566231040,2165862400,6.921875,0.75,58,
scaling/n1240/first,3.044,441384960,2052972544,6.921875,0.75,58,
scaling/n1240/first,4.057,441384960,2052972544,6.921875,0.75,58,
scaling/n1240/first,5.071,441384960,2052972544,6.921875,0.75,58,
scaling/n1240/first,7.021,441548800,2053156864,6.921875,0.75,58,
scaling/n1240/first,8.03,441548800,2053238784,6.921875,0.75,58,
scaling/n1240/first,9.043,441552896,2053242880,6.921875,0.75,58,
scaling/n1240/first,10.056,441552896,2053242880,6.921875,0.75,58,
scaling/n1240/first,11.064,441552896,2053242880,6.921875,0.75,58,
scaling/n1240/first,12.086,441552896,2053242880,6.921875,0.75,58,
scaling/n1240/first,13.097,441552896,2053242880,6.921875,0.75,58,
scaling/n1240/first,14.122,441552896,2053242880,6.921875,0.75,58,
scaling/n1240/first,15.134,441552896,2053242880,6.921875,0.75,58,
scaling/n1240/first,17.178,441581568,2053267456,6.921875,0.75,58,
scaling/n1240/first,18.189,441581568,2054111232,6.921875,0.75,58,
scaling/n1240/first,19.211,441581568,2054111232,6.921875,0.75,58,
scaling/n1240/first,20.22,441581568,2054111232,6.921875,0.75,58,
scaling/n1240/first,21.232,441581568,2054111232,6.921875,0.75,58,
scaling/n1240/first,22.254,441581568,2054111232,6.921875,0.75,58,
scaling/n1240/first,23.269,441614336,2055245824,6.921875,0.75,60,
scaling/n1240/first,24.277,441614336,2055245824,6.921875,0.75,60,
scaling/n1240/first,25.3,441614336,2055245824,6.921875,0.75,60,
scaling/n1240/first,26.321,441614336,2055245824,6.921875,0.75,60,
scaling/n1240/first,27.335,441614336,2055245824,6.921875,0.75,60,
scaling/n1240/first,28.349,441614336,2055245824,6.921875,0.75,60,
scaling/n1240/first,29.361,441614336,2055245824,6.921875,0.75,60,
scaling/n1240/first,30.369,441614336,2055245824,6.921875,0.75,60,
scaling/n1240/first,32.206,441638912,2055274496,6.953125,0.75,60,
scaling/n1240/first,33.217,441634816,2055692288,6.953125,0.75,60,
scaling/n1240/first,34.227,441643008,2055716864,6.953125,0.75,60,
scaling/n1240/first,35.239,441643008,2055716864,6.953125,0.75,60,
scaling/n1240/first,36.25,441643008,2055716864,6.953125,0.75,60,
scaling/n1240/first,37.263,441663488,2055716864,6.953125,0.765625,60,
scaling/n1240/first,38.277,441667584,2056237056,6.953125,0.765625,60,
scaling/n1240/first,39.291,441667584,2056237056,6.953125,0.765625,60,
scaling/n1240/first,40.316,441663488,2056237056,6.953125,0.765625,60,
scaling/n1240/first,41.328,441667584,2056237056,6.953125,0.765625,60,
scaling/n1240/first,42.336,441667584,2056237056,6.953125,0.765625,60,
scaling/n1240/first,43.363,441667584,2056237056,6.953125,0.765625,60,
scaling/n1240/first,44.375,441667584,2056237056,6.953125,0.765625,60,
scaling/n1240/first,45.395,441667584,2056237056,6.953125,0.765625,60,
scaling/n1240/first,46.41,441667584,2056237056,6.953125,0.765625,60,
scaling/n1240/first,47.429,441667584,2056237056,6.953125,0.765625,60,
scaling/n1240/first,48.451,441667584,2056237056,6.953125,0.765625,60,
scaling/n1240/first,49.46,441667584,2056237056,6.953125,0.765625,60,
scaling/n1240/first,50.483,441667584,2056237056,6.953125,0.765625,60,
scaling/n1240/first,51.504,441761792,2056347648,6.953125,0.765625,60,
scaling/n1240/first,52.512,441716736,2056257536,6.953125,0.765625,57,
scaling/n1240/first,53.529,441716736,2057203712,6.953125,0.765625,57,
scaling/n1240/first,54.54,441716736,2057203712,6.953125,0.765625,57,
scaling/n1240/first,55.548,441716736,2057203712,6.953125,0.765625,57,
scaling/n1240/first,56.56,441720832,2057203712,6.953125,0.765625,57,
scaling/n1240/first,57.571,441720832,2057203712,6.953125,0.765625,57,
scaling/n1240/first,58.582,441749504,2057228288,6.953125,0.765625,57,
scaling/n1240/first,59.594,441749504,2057228288,6.953125,0.765625,57,
scaling/n1240/first,60.617,441749504,2057228288,6.953125,0.765625,57,
scaling/n1240/first,62.455,441757696,2057228288,6.953125,0.765625,57,
scaling/n1240/first,63.468,441757696,2057228288,6.953125,0.765625,57,
scaling/n1240/first,64.477,441753600,2057469952,6.953125,0.765625,57,
scaling/n1240/first,65.489,441757696,2057469952,6.953125,0.765625,57,
scaling/n1240/first,66.5,441757696,2057469952,6.953125,0.765625,57,
scaling/n1240/first,67.513,441757696,2057469952,6.953125,0.765625,57,
scaling/n1240/first,68.523,441757696,2057469952,6.953125,0.765625,57,
scaling/n1240/first,69.532,441757696,2057469952,6.953125,0.765625,57,
scaling/n1240/first,70.543,441757696,2057469952,6.953125,0.765625,57,
scaling/n1240/first,71.557,441757696,2057469952,6.953125,0.765625,57,
scaling/n1240/first,72.568,441757696,2057469952,6.953125,0.765625,57,
scaling/n1240/first,73.581,441757696,2057469952,6.953125,0.765625,57,
scaling/n1240/first,74.603,441761792,2057469952,6.953125,0.765625,57,
scaling/n1240/first,75.623,441761792,2057469952,6.953125,0.765625,57,
scaling/n1240/first,76.639,441761792,2057469952,6.96875,0.765625,57,
scaling/n1240/first,77.65,441761792,2057469952,6.96875,0.765625,57,
scaling/n1240/first,78.662,441761792,2057469952,6.96875,0.765625,57,
scaling/n1240/first,79.681,441761792,2057469952,6.96875,0.765625,57,
scaling/n1240/first,80.704,441790464,2057498624,6.96875,0.765625,57,
scaling/n1240/first,81.72,441794560,2057498624,6.96875,0.765625,57,
scaling/n1240/first,82.742,441794560,2057498624,6.96875,0.765625,57,
scaling/n1240/first,83.759,442077184,2057777152,6.96875,0.765625,57,
scaling/n1240/first,84.781,442089472,2057781248,6.96875,0.765625,57,
scaling/n1240/first,85.795,442089472,2057781248,6.96875,0.765625,57,
scaling/n1240/first,86.808,442089472,2057781248,6.96875,0.765625,57,
scaling/n1240/first,87.819,442089472,2057781248,6.96875,0.765625,57,
scaling/n1240/first,88.846,442089472,2057781248,6.96875,0.765625,57,
scaling/n1240/first,89.87,442089472,2057781248,6.96875,0.765625,57,
scaling/n1240/first,90.884,442089472,2057781248,6.96875,0.765625,57,
scaling/n1240/first,91.893,442089472,2057781248,6.96875,0.765625,57,
scaling/n1240/first,92.904,442089472,2057781248,6.96875,0.765625,57,
scaling/n1240/first,93.919,442089472,2057781248,6.96875,0.765625,57,
scaling/n1240/first,94.932,442089472,2057781248,6.96875,0.765625,57,
scaling/n1240/first,95.943,442089472,2057781248,6.96875,0.765625,57,
scaling/n1240/first,96.964,442089472,2057781248,6.96875,0.765625,57,
scaling/n1240/first,97.977,442089472,2057781248,6.96875,0.765625,57,
scaling/n1240/first,98.986,442089472,2057781248,6.96875,0.765625,57,
scaling/n1240/first,99.999,442089472,2057781248,6.96875,0.765625,57,
scaling/n1240/first,101.011,442089472,2057781248,6.96875,0.765625,57,
scaling/n1240/first,102.021,442089472,2057781248,6.96875,0.765625,57,
scaling/n1240/first,103.043,442089472,2057781248,6.96875,0.765625,57,
scaling/n1240/first,104.057,442089472,2057781248,6.96875,0.765625,57,
scaling/n1240/first,105.07,442089472,2057781248,6.96875,0.765625,57,
scaling/n1240/first,106.079,442089472,2057781248,6.96875,0.765625,57,
scaling/n1240/first,107.092,442089472,2057781248,6.96875,0.765625,57,
scaling/n1240/first,108.104,442089472,2057781248,6.96875,0.765625,57,
scaling/n1240/first,109.113,442089472,2057781248,6.96875,0.765625,57,
scaling/n1240/first,110.121,442089472,2057781248,6.96875,0.765625,57,
scaling/n1240/first,111.149,442089472,2057781248,6.96875,0.765625,57,
scaling/n1240/first,112.166,442093568,2057781248,6.96875,0.765625,57,
scaling/n1240/first,113.18,442093568,2057781248,6.96875,0.765625,57,
scaling/n1240/first,114.201,442093568,2057781248,6.96875,0.765625,57,
scaling/n1240/first,115.222,442093568,2057781248,6.96875,0.765625,57,
scaling/n1240/first,116.242,442093568,2057781248,6.96875,0.765625,57,
scaling/n1240/first,117.261,442093568,2057781248,6.96875,0.765625,57,
scaling/n1240/first,118.282,442093568,2057781248,6.96875,0.765625,57,
scaling/n1240/first,119.29,442093568,2057781248,6.96875,0.765625,57,
scaling/n1240/first,120.303,442093568,2057781248,6.96875,0.765625,57,
scaling/n1240/first,122.448,442093568,2057781248,6.984375,0.765625,57,
scaling/n1240/first,123.464,442093568,2057781248,6.984375,0.765625,57,
scaling/n1240/first,124.472,442093568,2057781248,6.984375,0.765625,57,
scaling/n1240/first,125.489,442093568,2057781248,6.984375,0.765625,57,
scaling/n1240/first,126.508,442118144,2057981952,6.984375,0.765625,55,
scaling/n1240/first,127.542,442118144,2057981952,6.984375,0.765625,55,
scaling/n1240/first,128.561,442118144,2057981952,6.984375,0.765625,55,
scaling/n1240/first,129.577,442118144,2057981952,6.984375,0.765625,55,
scaling/n1240/first,130.6,442195968,2058059776,6.984375,0.765625,55,
scaling/n1240/first,131.612,442191872,2058059776,6.984375,0.765625,55,
scaling/n1240/first,132.62,442195968,2058059776,6.984375,0.765625,55,
scaling/n1240/first,133.643,442195968,2058059776,6.984375,0.765625,55,
scaling/n1240/first,134.654,442200064,2058059776,6.984375,0.765625,55,
scaling/n1240/first,135.671,442200064,2058059776,6.984375,0.765625,55,
scaling/n1240/first,136.694,442232832,2058088448,6.984375,0.765625,55,
scaling/n1240/first,137.705,442232832,2058088448,6.984375,0.765625,55,
scaling/n1240/first,138.716,442232832,2058088448,6.984375,0.765625,55,
scaling/n1240/first,139.727,442232832,2058088448,6.984375,0.765625,55,
scaling/n1240/first,140.735,442232832,2058088448,6.984375,0.765625,55,
scaling/n1240/first,141.748,442232832,2058088448,6.984375,0.765625,55,
scaling/n1240/first,142.758,442232832,2058088448,6.984375,0.765625,55,
scaling/n1240/first,143.772,442232832,2058088448,6.984375,0.765625,55,
scaling/n1240/first,144.794,442232832,2058088448,6.984375,0.765625,55,
scaling/n1240/first,145.818,442232832,2058088448,6.984375,0.765625,55,
scaling/n1240/first,146.843,442232832,2058088448,6.984375,0.765625,55,
scaling/n1240/first,147.862,442232832,2058088448,6.984375,0.765625,55,
scaling/n1240/first,148.878,442232832,2058088448,6.984375,0.765625,55,
scaling/n1240/first,149.891,442232832,2058088448,6.984375,0.765625,55,
scaling/n1240/first,150.922,442232832,2058088448,6.984375,0.765625,55,
scaling/n1240/first,151.935,442232832,2058088448,6.984375,0.765625,55,
scaling/n1240/first,152.949,442232832,2058088448,6.984375,0.765625,55,
scaling/n1240/first,153.965,442232832,2058088448,6.984375,0.765625,55,
scaling/n1240/first,154.981,442232832,2058088448,6.984375,0.765625,55,
scaling/n1240/first,155.994,442232832,2058088448,6.984375,0.765625,55,
scaling/n1240/first,157.004,442236928,2058088448,6.984375,0.765625,55,
scaling/n1240/first,158.019,442236928,2058088448,6.984375,0.765625,55,
scaling/n1240/first,159.048,442236928,2058088448,6.984375,0.765625,55,
scaling/n1240/first,160.07,442236928,2058088448,6.984375,0.765625,55,
scaling/n1240/first,161.097,442236928,2058088448,6.984375,0.765625,55,
scaling/n1240/first,162.109,442236928,2058088448,6.984375,0.765625,55,
scaling/n1240/first,163.125,442236928,2058088448,6.984375,0.765625,55,
scaling/n1240/first,164.137,442236928,2058088448,6.984375,0.765625,55,
scaling/n1240/first,165.149,442236928,2058088448,6.984375,0.765625,55,
scaling/n1240/first,166.173,442236928,2058088448,6.984375,0.765625,55,
scaling/n1240/first,167.2,442236928,2058088448,6.984375,0.765625,55,
scaling/n1240/first,168.213,442236928,2058088448,6.984375,0.765625,55,
scaling/n1240/first,169.226,442236928,2058088448,6.984375,0.765625,55,
scaling/n1240/first,170.241,442236928,2058088448,6.984375,0.765625,55,
scaling/n1240/first,171.254,442236928,2058088448,6.984375,0.765625,55,
scaling/n1240/first,172.262,442241024,2058088448,6.984375,0.765625,55,
scaling/n1240/first,173.272,442245120,2058088448,7.0,0.765625,55,
scaling/n1240/first,174.288,442245120,2058088448,7.0,0.765625,55,
scaling/n1240/first,175.31,442486784,2058342400,7.015625,0.765625,55,
scaling/n1240/first,176.332,442494976,2058342400,7.015625,0.765625,55,
scaling/n1240/first,177.36,442494976,2058342400,7.015625,0.765625,55,
scaling/n1240/first,178.378,442494976,2058342400,7.015625,0.765625,55,
scaling/n1240/first,179.388,442494976,2058342400,7.015625,0.765625,55,
scaling/n248/first,0.001,610516992,1946492928,7.84375,0.671875,58,
scaling/n248/first,1.017,619212800,1948426240,7.984375,0.671875,58,
scaling/n248/first,2.033,619220992,1948426240,7.984375,0.671875,58,
scaling/n248/first,3.04,619225088,1948426240,7.984375,0.671875,58,
scaling/n248/first,4.048,495448064,1823010816,7.984375,0.6875,58,
scaling/n248/first,5.056,495448064,1823010816,7.984375,0.6875,58,
scaling/n248/first,6.958,495636480,1823154176,8.0,0.6875,58,
scaling/n248/first,7.97,495636480,1823154176,8.0,0.6875,58,
scaling/n248/first,8.983,495636480,1823408128,8.0,0.6875,58,
scaling/n496/first,0.001,563372032,2171183104,7.5,0.421875,58,
scaling/n496/first,1.019,568356864,2175700992,7.78125,0.4375,58,
scaling/n496/first,2.037,568356864,2175700992,7.78125,0.4375,58,
scaling/n496/first,3.049,441221120,2055118848,7.796875,0.4375,58,
scaling/n496/first,4.063,441221120,2055118848,7.796875,0.4375,58,
scaling/n496/first,5.074,441221120,2055118848,7.796875,0.4375,58,
scaling/n496/first,7.055,441323520,2055237632,7.8125,0.4375,58,
scaling/n496/first,8.073,441323520,2055397376,7.8125,0.4375,58,
scaling/n496/first,9.087,441323520,2055397376,7.8125,0.4375,58,
scaling/n496/first,10.102,441323520,2055397376,7.8125,0.4375,58,
scaling/n496/first,11.119,441323520,2055397376,7.8125,0.4375,58,
scaling/n496/first,12.129,441323520,2055397376,7.8125,0.4375,58,
scaling/n496/first,13.14,441323520,2055397376,7.8125,0.4375,58,
scaling/n496/first,14.15,441323520,2055397376,7.8125,0.4375,58,
scaling/n496/first,15.163,441323520,2055397376,7.8125,0.4375,58,
scaling/n496/first,17.079,441356288,2055426048,7.8125,0.4375,58,
scaling/n496/first,18.088,441241600,2054664192,7.8125,0.4375,58,
scaling/n496/first,19.102,441241600,2054664192,7.8125,0.4375,58,
scaling/n496/first,20.114,441237504,2054664192,7.8125,0.4375,58,
scaling/n496/first,21.133,441241600,2054664192,7.8125,0.4375,58,
scaling/n496/first,22.142,441241600,2054664192,7.8125,0.4375,58,
scaling/n496/first,23.154,441274368,2054725632,7.8125,0.4375,60,
scaling/n496/first,24.168,441274368,2054725632,7.8125,0.4375,60,
scaling/n496/first,25.182,441274368,2054725632,7.8125,0.4375,60,
scaling/n496/first,26.194,441274368,2054725632,7.8125,0.4375,60,
scaling/n496/first,27.208,441274368,2054725632,7.8125,0.4375,60,
scaling/n496/first,28.221,441286656,2054782976,7.8125,0.4375,60,
scaling/n496/first,29.238,441286656,2054782976,7.8125,0.4375,60,
scaling/n496/first,30.261,441286656,2054782976,7.8125,0.4375,60,
scaling/n496/first,32.237,441327616,2054782976,7.8125,0.4375,60,
scaling/n496/first,33.259,441286656,2054742016,7.8125,0.4375,60,
scaling/n496/first,34.274,441290752,2054742016,7.8125,0.4375,60,
scaling/n496/first,35.287,441290752,2054742016,7.8125,0.4375,60,
scaling/n496/first,36.295,441290752,2054742016,7.8125,0.4375,60,
scaling/n496/first,37.323,474554368,2071146496,8.15625,0.46875,60,
scaling/n744/first,0.001,566980608,2194104320,5.203125,0.34375,58,
scaling/n744/first,1.015,576180224,2203398144,5.328125,0.375,58,
scaling/n744/first,2.026,576180224,2203398144,5.328125,0.375,58,
scaling/n744/first,3.035,442404864,2079539200,5.328125,0.375,58,
scaling/n744/first,4.044,442404864,2079539200,5.328125,0.375,58,
scaling/n744/first,5.056,442404864,2079539200,5.328125,0.375,58,
scaling/n744/first,6.974,442552320,2079662080,5.328125,0.375,58,
scaling/n744/first,7.988,442552320,2079784960,5.328125,0.375,58,
scaling/n744/first,8.996,442552320,2079784960,5.328125,0.375,58,
scaling/n744/first,10.006,442552320,2079784960,5.328125,0.375,58,
scaling/n744/first,11.02,442552320,2079784960,5.328125,0.375,58,
scaling/n744/first,12.028,442552320,2079784960,5.328125,0.375,58,
scaling/n744/first,13.038,442552320,2079784960,5.328125,0.375,58,
scaling/n744/first,14.054,442552320,2079784960,5.328125,0.375,58,
scaling/n744/first,15.066,442552320,2079784960,5.328125,0.375,58,
scaling/n744/first,16.907,442580992,2079809536,5.328125,0.375,58,
scaling/n744/first,17.918,442580992,2080030720,5.328125,0.375,58,
scaling/n744/first,18.927,442580992,2080030720,5.328125,0.375,58,
scaling/n744/first,19.941,442580992,2080030720,5.328125,0.375,58,
scaling/n744/first,20.957,442580992,2080030720,5.328125,0.375,58,
scaling/n744/first,21.967,442580992,2080030720,5.328125,0.375,58,
scaling/n744/first,22.993,442580992,2080030720,5.328125,0.375,58,
scaling/n744/first,24.008,442613760,2081153024,5.328125,0.375,60,
scaling/n744/first,25.027,442613760,2081153024,5.328125,0.375,60,
scaling/n744/first,26.052,442613760,2081153024,5.328125,0.375,60,
scaling/n744/first,27.062,442613760,2081153024,5.328125,0.375,60,
scaling/n744/first,28.084,442613760,2081153024,5.328125,0.375,60,
scaling/n744/first,29.1,442613760,2081153024,5.328125,0.375,60,
scaling/n744/first,30.13,442613760,2081153024,5.328125,0.375,60,
scaling/n744/first,32.057,442642432,2081181696,5.34375,0.375,60,
scaling/n744/first,33.07,442638336,2081181696,5.34375,0.375,60,
scaling/n744/first,34.082,442642432,2081181696,5.34375,0.375,60,
scaling/n744/first,35.098,442642432,2081181696,5.34375,0.375,60,
scaling/n744/first,36.109,442642432,2081181696,5.34375,0.375,60,
scaling/n744/first,37.124,442642432,2081181696,5.34375,0.375,60,
scaling/n744/first,38.148,442642432,2081181696,5.34375,0.375,60,
scaling/n744/first,39.161,442642432,2081181696,5.34375,0.375,60,
scaling/n744/first,40.172,442642432,2081210368,5.34375,0.375,60,
scaling/n744/first,41.184,442642432,2081210368,5.34375,0.375,60,
scaling/n744/first,42.21,442642432,2081210368,5.34375,0.375,60,
scaling/n744/first,43.22,442642432,2081210368,5.34375,0.375,60,
scaling/n744/first,44.232,442642432,2081210368,5.34375,0.375,60,
scaling/n744/first,45.244,442642432,2081210368,5.34375,0.375,60,
scaling/n744/first,46.259,442642432,2081210368,5.34375,0.375,60,
scaling/n744/first,47.27,442642432,2081210368,5.34375,0.375,60,
scaling/n744/first,48.281,442642432,2081210368,5.34375,0.375,60,
scaling/n744/first,49.306,442642432,2081210368,5.34375,0.375,60,
scaling/n744/first,50.318,442712064,2081296384,5.34375,0.375,60,
scaling/n744/first,51.333,442716160,2081296384,5.34375,0.375,60,
scaling/n744/first,52.343,442662912,2081202176,5.34375,0.375,57,
scaling/n744/first,53.351,442662912,2081685504,5.34375,0.375,57,
scaling/n744/first,54.362,442662912,2081685504,5.34375,0.375,57,
scaling/n744/first,55.384,442662912,2081685504,5.34375,0.375,57,
scaling/n744/first,56.398,442662912,2081685504,5.34375,0.375,57,
scaling/n744/first,57.407,442662912,2081685504,5.34375,0.375,57,
scaling/n744/first,58.427,442707968,2081714176,5.34375,0.375,57,
scaling/n744/first,59.442,442712064,2081714176,5.34375,0.375,57,
scaling/n744/first,60.466,442728448,2081714176,5.34375,0.375,57,
scaling/n744/first,62.45,442736640,2081714176,5.34375,0.375,57,
scaling/n744/first,63.461,442736640,2081714176,5.34375,0.375,57,
scaling/n744/first,64.485,442736640,2081714176,5.34375,0.375,57,
scaling/n744/first,65.506,442736640,2081714176,5.34375,0.375,57,
scaling/n744/first,66.516,442736640,2081714176,5.34375,0.375,57,
scaling/n744/first,67.54,442732544,2081714176,5.34375,0.375,57,
scaling/n744/first,68.553,442736640,2081714176,5.34375,0.375,57,
scaling/n744/first,69.565,442736640,2081714176,5.34375,0.375,57,
scaling/n744/first,70.576,442736640,2081714176,5.34375,0.375,57,
scaling/n744/first,71.6,442736640,2081714176,5.34375,0.375,57,
scaling/n744/first,72.618,442736640,2081714176,5.34375,0.375,57,
scaling/n744/first,73.637,442736640,2081714176,5.34375,0.375,57,
scaling/n744/first,74.655,457166848,2096242688,5.375,0.375,57,
scaling/n744/first,75.667,620941312,2225393664,5.8125,0.46875,57,
scaling/n992/first,0.001,570068992,2180923392,5.96875,0.453125,58,
scaling/n992/first,1.01,575307776,2184859648,6.171875,0.453125,58,
scaling/n992/first,2.036,440750080,2049507328,6.171875,0.453125,58,
scaling/n992/first,3.048,440750080,2049507328,6.171875,0.453125,58,
scaling/n992/first,4.057,440750080,2049507328,6.171875,0.453125,58,
scaling/n992/first,5.067,440750080,2049507328,6.171875,0.453125,58,
scaling/n992/first,7.046,440881152,2050187264,6.1875,0.453125,58,
scaling/n992/first,8.059,440881152,2050187264,6.1875,0.453125,58,
scaling/n992/first,9.072,440881152,2050187264,6.1875,0.453125,58,
scaling/n992/first,10.086,440881152,2050187264,6.1875,0.453125,58,
scaling/n992/first,11.099,440881152,2050187264,6.1875,0.453125,58,
scaling/n992/first,12.107,440881152,2050187264,6.1875,0.453125,58,
scaling/n992/first,13.12,440881152,2050187264,6.1875,0.453125,58,
scaling/n992/first,14.138,440881152,2050187264,6.1875,0.453125,58,
scaling/n992/first,15.147,440881152,2050187264,6.1875,0.453125,58,
scaling/n992/first,17.209,440909824,2050371584,6.1875,0.453125,58,
scaling/n992/first,18.222,440909824,2050371584,6.1875,0.453125,58,
scaling/n992/first,19.241,440909824,2050371584,6.1875,0.453125,58,
scaling/n992/first,20.26,440909824,2050371584,6.1875,0.453125,58,
scaling/n992/first,21.301,440909824,2050371584,6.1875,0.453125,58,
scaling/n992/first,22.328,440909824,2050371584,6.1875,0.453125,58,
scaling/n992/first,23.338,440942592,2051670016,6.1875,0.453125,60,
scaling/n992/first,24.349,440942592,2051670016,6.1875,0.453125,60,
scaling/n992/first,25.366,440942592,2051670016,6.1875,0.453125,60,
scaling/n992/first,26.392,440942592,2051670016,6.1875,0.453125,60,
scaling/n992/first,27.418,440942592,2051670016,6.1875,0.453125,60,
scaling/n992/first,28.441,440942592,2051670016,6.1875,0.453125,60,
scaling/n992/first,29.461,440942592,2051670016,6.1875,0.453125,60,
scaling/n992/first,30.483,440942592,2051670016,6.1875,0.453125,60,
scaling/n992/first,32.377,441004032,2051727360,6.1875,0.453125,60,
scaling/n992/first,33.4,441004032,2051727360,6.1875,0.453125,60,
scaling/n992/first,34.412,441008128,2051727360,6.1875,0.453125,60,
scaling/n992/first,35.436,441008128,2051727360,6.1875,0.453125,60,
scaling/n992/first,36.444,441008128,2051727360,6.1875,0.453125,60,
scaling/n992/first,37.455,441008128,2051727360,6.1875,0.453125,60,
scaling/n992/first,38.477,441008128,2051727360,6.1875,0.453125,60,
scaling/n992/first,39.487,441008128,2051727360,6.1875,0.453125,60,
scaling/n992/first,40.51,441008128,2051727360,6.1875,0.453125,60,
scaling/n992/first,41.531,441008128,2051727360,6.1875,0.453125,60,
scaling/n992/first,42.549,441008128,2051727360,6.1875,0.453125,60,
scaling/n992/first,43.569,441008128,2051727360,6.1875,0.453125,60,
scaling/n992/first,44.589,441008128,2051727360,6.1875,0.453125,60,
scaling/n992/first,45.604,441008128,2051727360,6.1875,0.453125,60,
scaling/n992/first,46.621,441008128,2051727360,6.1875,0.453125,60,
scaling/n992/first,47.64,441008128,2051727360,6.1875,0.453125,60,
scaling/n992/first,48.654,441008128,2051727360,6.1875,0.453125,60,
scaling/n992/first,49.669,441008128,2051727360,6.1875,0.453125,60,
scaling/n992/first,50.681,441008128,2051727360,6.1875,0.453125,60,
scaling/n992/first,51.692,440958976,2051637248,6.1875,0.453125,57,
scaling/n992/first,52.706,441057280,2052329472,6.1875,0.453125,57,
scaling/n992/first,53.718,441057280,2052329472,6.1875,0.453125,57,
scaling/n992/first,54.726,441057280,2052329472,6.1875,0.453125,57,
scaling/n992/first,55.735,441057280,2052329472,6.1875,0.453125,57,
scaling/n992/first,56.744,441061376,2052521984,6.1875,0.453125,57,
scaling/n992/first,57.766,441061376,2052521984,6.1875,0.453125,57,
scaling/n992/first,58.78,441073664,2052521984,6.1875,0.453125,57,
scaling/n992/first,59.787,441073664,2052521984,6.1875,0.453125,57,
scaling/n992/first,60.796,441073664,2052521984,6.1875,0.453125,57,
scaling/n992/first,62.768,441073664,2052521984,6.203125,0.453125,57,
scaling/n992/first,63.782,441069568,2052521984,6.203125,0.453125,57,
scaling/n992/first,64.797,441073664,2052521984,6.203125,0.453125,57,
scaling/n992/first,65.82,441073664,2052521984,6.203125,0.453125,57,
scaling/n992/first,66.831,441073664,2052521984,6.203125,0.453125,57,
scaling/n992/first,67.849,441073664,2052521984,6.203125,0.453125,57,
scaling/n992/first,68.861,441073664,2052521984,6.203125,0.453125,57,
scaling/n992/first,69.871,441073664,2052521984,6.203125,0.453125,57,
scaling/n992/first,70.882,441073664,2052521984,6.203125,0.453125,57,
scaling/n992/first,71.891,441073664,2052521984,6.203125,0.453125,57,
scaling/n992/first,72.906,441073664,2052521984,6.203125,0.453125,57,
scaling/n992/first,73.92,441073664,2052521984,6.203125,0.453125,57,
scaling/n992/first,74.935,441073664,2052521984,6.203125,0.453125,57,
scaling/n992/first,75.946,441073664,2052521984,6.203125,0.453125,57,
scaling/n992/first,76.97,441073664,2052521984,6.203125,0.453125,57,
scaling/n992/first,77.981,441073664,2052521984,6.203125,0.453125,57,
scaling/n992/first,79.003,441135104,2052579328,6.203125,0.453125,57,
scaling/n992/first,80.019,441163776,2052608000,6.203125,0.453125,57,
scaling/n992/first,81.028,441163776,2052608000,6.203125,0.453125,57,
scaling/n992/first,82.041,441163776,2052608000,6.203125,0.453125,57,
scaling/n992/first,83.053,441409536,2052861952,6.203125,0.453125,57,
scaling/n992/first,84.067,441409536,2052861952,6.203125,0.453125,57,
scaling/n992/first,85.092,441430016,2052870144,6.203125,0.453125,57,
scaling/n992/first,86.112,441430016,2052870144,6.203125,0.453125,57,
scaling/n992/first,87.121,441430016,2052870144,6.203125,0.453125,57,
scaling/n992/first,88.139,441430016,2052931584,6.203125,0.453125,57,
scaling/n992/first,89.148,441430016,2052931584,6.203125,0.453125,57,
scaling/n992/first,90.164,441430016,2052931584,6.203125,0.453125,57,
scaling/n992/first,91.179,441430016,2052931584,6.203125,0.453125,57,
scaling/n992/first,92.193,441430016,2052931584,6.203125,0.453125,57,
scaling/n992/first,93.209,441430016,2052931584,6.203125,0.453125,57,
scaling/n992/first,94.223,441430016,2052931584,6.203125,0.453125,57,
scaling/n992/first,95.234,441430016,2052931584,6.203125,0.453125,57,
scaling/n992/first,96.248,441438208,2052931584,6.203125,0.453125,57,
scaling/n992/first,97.264,441434112,2052931584,6.203125,0.453125,57,
scaling/n992/first,98.282,441438208,2052931584,6.203125,0.453125,57,
scaling/n992/first,99.293,441438208,2052931584,6.203125,0.453125,57,
scaling/n992/first,100.308,441438208,2052931584,6.203125,0.453125,57,
scaling/n992/first,101.324,441442304,2052931584,6.203125,0.453125,57,
scaling/n992/first,102.333,441442304,2052931584,6.203125,0.453125,57,
scaling/n992/first,103.345,441442304,2052931584,6.203125,0.453125,57,
scaling/n992/first,104.368,441442304,2052931584,6.203125,0.453125,57,
scaling/n992/first,105.378,441442304,2052931584,6.203125,0.453125,57,
scaling/n992/first,106.39,441442304,2052931584,6.203125,0.453125,57,
scaling/n992/first,107.407,441442304,2052931584,6.203125,0.453125,57,
scaling/n992/first,108.429,441442304,2052931584,6.203125,0.453125,57,
scaling/n992/first,109.444,441442304,2052931584,6.203125,0.453125,57,
scaling/n992/first,110.456,441442304,2052931584,6.203125,0.453125,57,
scaling/n992/first,111.465,441442304,2052931584,6.203125,0.453125,57,
scaling/n992/first,112.481,441442304,2052931584,6.203125,0.453125,57,
scaling/n992/first,113.493,441442304,2052931584,6.203125,0.453125,57,
scaling/n992/first,114.504,441442304,2052931584,6.203125,0.453125,57,
scaling/n992/first,115.521,441442304,2052931584,6.203125,0.453125,57,
scaling/n992/first,116.535,441442304,2052931584,6.203125,0.453125,57,
scaling/n992/first,117.549,441442304,2052931584,6.203125,0.453125,57,
scaling/n992/first,118.562,441442304,2052931584,6.203125,0.453125,57,
scaling/n992/first,119.58,441442304,2052931584,6.203125,0.453125,57,
scaling/n992/first,120.593,441442304,2052931584,6.203125,0.453125,57,
scaling/n992/first,122.357,441442304,2052931584,6.21875,0.453125,57,
scaling/n992/first,123.367,441442304,2052931584,6.21875,0.453125,57,
scaling/n992/first,124.378,441442304,2052931584,6.21875,0.453125,57,
scaling/n992/first,125.394,441413632,2052870144,6.21875,0.453125,55,
scaling/n992/first,126.407,441454592,2053132288,6.21875,0.453125,55,
scaling/n992/first,127.421,441454592,2053132288,6.21875,0.453125,55,
scaling/n992/first,128.434,441458688,2053132288,6.21875,0.453125,55,
scaling/n992/first,129.446,441458688,2053132288,6.21875,0.453125,55,
scaling/n992/first,130.459,441458688,2053132288,6.21875,0.453125,55,
scaling/n992/first,131.468,441458688,2053132288,6.21875,0.453125,55,
scaling/n992/first,132.48,441458688,2053132288,6.21875,0.453125,55,
scaling/n992/first,133.507,441458688,2053132288,6.21875,0.453125,55,
scaling/n992/first,134.519,441458688,2053132288,6.21875,0.453125,55,
scaling/n992/first,135.529,610926592,2162302976,6.59375,0.5625,55,
gpt-review-package/evidence/scaling/n124/first,0.001,557400064,2180673536,7.484375,0.546875,58,
gpt-review-package/evidence/scaling/n124/first,1.025,562204672,2186059776,7.625,0.546875,58,
gpt-review-package/evidence/scaling/n124/first,2.04,562204672,2186059776,7.625,0.546875,58,
gpt-review-package/evidence/scaling/n1240/first,0.001,563486720,2164613120,6.90625,0.75,58,
gpt-review-package/evidence/scaling/n1240/first,1.012,566231040,2165862400,6.921875,0.75,58,
gpt-review-package/evidence/scaling/n1240/first,2.032,566231040,2165862400,6.921875,0.75,58,
gpt-review-package/evidence/scaling/n1240/first,3.044,441384960,2052972544,6.921875,0.75,58,
gpt-review-package/evidence/scaling/n1240/first,4.057,441384960,2052972544,6.921875,0.75,58,
gpt-review-package/evidence/scaling/n1240/first,5.071,441384960,2052972544,6.921875,0.75,58,
gpt-review-package/evidence/scaling/n1240/first,7.021,441548800,2053156864,6.921875,0.75,58,
gpt-review-package/evidence/scaling/n1240/first,8.03,441548800,2053238784,6.921875,0.75,58,
gpt-review-package/evidence/scaling/n1240/first,9.043,441552896,2053242880,6.921875,0.75,58,
gpt-review-package/evidence/scaling/n1240/first,10.056,441552896,2053242880,6.921875,0.75,58,
gpt-review-package/evidence/scaling/n1240/first,11.064,441552896,2053242880,6.921875,0.75,58,
gpt-review-package/evidence/scaling/n1240/first,12.086,441552896,2053242880,6.921875,0.75,58,
gpt-review-package/evidence/scaling/n1240/first,13.097,441552896,2053242880,6.921875,0.75,58,
gpt-review-package/evidence/scaling/n1240/first,14.122,441552896,2053242880,6.921875,0.75,58,
gpt-review-package/evidence/scaling/n1240/first,15.134,441552896,2053242880,6.921875,0.75,58,
gpt-review-package/evidence/scaling/n1240/first,17.178,441581568,2053267456,6.921875,0.75,58,
gpt-review-package/evidence/scaling/n1240/first,18.189,441581568,2054111232,6.921875,0.75,58,
gpt-review-package/evidence/scaling/n1240/first,19.211,441581568,2054111232,6.921875,0.75,58,
gpt-review-package/evidence/scaling/n1240/first,20.22,441581568,2054111232,6.921875,0.75,58,
gpt-review-package/evidence/scaling/n1240/first,21.232,441581568,2054111232,6.921875,0.75,58,
gpt-review-package/evidence/scaling/n1240/first,22.254,441581568,2054111232,6.921875,0.75,58,
gpt-review-package/evidence/scaling/n1240/first,23.269,441614336,2055245824,6.921875,0.75,60,
gpt-review-package/evidence/scaling/n1240/first,24.277,441614336,2055245824,6.921875,0.75,60,
gpt-review-package/evidence/scaling/n1240/first,25.3,441614336,2055245824,6.921875,0.75,60,
gpt-review-package/evidence/scaling/n1240/first,26.321,441614336,2055245824,6.921875,0.75,60,
gpt-review-package/evidence/scaling/n1240/first,27.335,441614336,2055245824,6.921875,0.75,60,
gpt-review-package/evidence/scaling/n1240/first,28.349,441614336,2055245824,6.921875,0.75,60,
gpt-review-package/evidence/scaling/n1240/first,29.361,441614336,2055245824,6.921875,0.75,60,
gpt-review-package/evidence/scaling/n1240/first,30.369,441614336,2055245824,6.921875,0.75,60,
gpt-review-package/evidence/scaling/n1240/first,32.206,441638912,2055274496,6.953125,0.75,60,
gpt-review-package/evidence/scaling/n1240/first,33.217,441634816,2055692288,6.953125,0.75,60,
gpt-review-package/evidence/scaling/n1240/first,34.227,441643008,2055716864,6.953125,0.75,60,
gpt-review-package/evidence/scaling/n1240/first,35.239,441643008,2055716864,6.953125,0.75,60,
gpt-review-package/evidence/scaling/n1240/first,36.25,441643008,2055716864,6.953125,0.75,60,
gpt-review-package/evidence/scaling/n1240/first,37.263,441663488,2055716864,6.953125,0.765625,60,
gpt-review-package/evidence/scaling/n1240/first,38.277,441667584,2056237056,6.953125,0.765625,60,
gpt-review-package/evidence/scaling/n1240/first,39.291,441667584,2056237056,6.953125,0.765625,60,
gpt-review-package/evidence/scaling/n1240/first,40.316,441663488,2056237056,6.953125,0.765625,60,
gpt-review-package/evidence/scaling/n1240/first,41.328,441667584,2056237056,6.953125,0.765625,60,
gpt-review-package/evidence/scaling/n1240/first,42.336,441667584,2056237056,6.953125,0.765625,60,
gpt-review-package/evidence/scaling/n1240/first,43.363,441667584,2056237056,6.953125,0.765625,60,
gpt-review-package/evidence/scaling/n1240/first,44.375,441667584,2056237056,6.953125,0.765625,60,
gpt-review-package/evidence/scaling/n1240/first,45.395,441667584,2056237056,6.953125,0.765625,60,
gpt-review-package/evidence/scaling/n1240/first,46.41,441667584,2056237056,6.953125,0.765625,60,
gpt-review-package/evidence/scaling/n1240/first,47.429,441667584,2056237056,6.953125,0.765625,60,
gpt-review-package/evidence/scaling/n1240/first,48.451,441667584,2056237056,6.953125,0.765625,60,
gpt-review-package/evidence/scaling/n1240/first,49.46,441667584,2056237056,6.953125,0.765625,60,
gpt-review-package/evidence/scaling/n1240/first,50.483,441667584,2056237056,6.953125,0.765625,60,
gpt-review-package/evidence/scaling/n1240/first,51.504,441761792,2056347648,6.953125,0.765625,60,
gpt-review-package/evidence/scaling/n1240/first,52.512,441716736,2056257536,6.953125,0.765625,57,
gpt-review-package/evidence/scaling/n1240/first,53.529,441716736,2057203712,6.953125,0.765625,57,
gpt-review-package/evidence/scaling/n1240/first,54.54,441716736,2057203712,6.953125,0.765625,57,
gpt-review-package/evidence/scaling/n1240/first,55.548,441716736,2057203712,6.953125,0.765625,57,
gpt-review-package/evidence/scaling/n1240/first,56.56,441720832,2057203712,6.953125,0.765625,57,
gpt-review-package/evidence/scaling/n1240/first,57.571,441720832,2057203712,6.953125,0.765625,57,
gpt-review-package/evidence/scaling/n1240/first,58.582,441749504,2057228288,6.953125,0.765625,57,
gpt-review-package/evidence/scaling/n1240/first,59.594,441749504,2057228288,6.953125,0.765625,57,
gpt-review-package/evidence/scaling/n1240/first,60.617,441749504,2057228288,6.953125,0.765625,57,
gpt-review-package/evidence/scaling/n1240/first,62.455,441757696,2057228288,6.953125,0.765625,57,
gpt-review-package/evidence/scaling/n1240/first,63.468,441757696,2057228288,6.953125,0.765625,57,
gpt-review-package/evidence/scaling/n1240/first,64.477,441753600,2057469952,6.953125,0.765625,57,
gpt-review-package/evidence/scaling/n1240/first,65.489,441757696,2057469952,6.953125,0.765625,57,
gpt-review-package/evidence/scaling/n1240/first,66.5,441757696,2057469952,6.953125,0.765625,57,
gpt-review-package/evidence/scaling/n1240/first,67.513,441757696,2057469952,6.953125,0.765625,57,
gpt-review-package/evidence/scaling/n1240/first,68.523,441757696,2057469952,6.953125,0.765625,57,
gpt-review-package/evidence/scaling/n1240/first,69.532,441757696,2057469952,6.953125,0.765625,57,
gpt-review-package/evidence/scaling/n1240/first,70.543,441757696,2057469952,6.953125,0.765625,57,
gpt-review-package/evidence/scaling/n1240/first,71.557,441757696,2057469952,6.953125,0.765625,57,
gpt-review-package/evidence/scaling/n1240/first,72.568,441757696,2057469952,6.953125,0.765625,57,
gpt-review-package/evidence/scaling/n1240/first,73.581,441757696,2057469952,6.953125,0.765625,57,
gpt-review-package/evidence/scaling/n1240/first,74.603,441761792,2057469952,6.953125,0.765625,57,
gpt-review-package/evidence/scaling/n1240/first,75.623,441761792,2057469952,6.953125,0.765625,57,
gpt-review-package/evidence/scaling/n1240/first,76.639,441761792,2057469952,6.96875,0.765625,57,
gpt-review-package/evidence/scaling/n1240/first,77.65,441761792,2057469952,6.96875,0.765625,57,
gpt-review-package/evidence/scaling/n1240/first,78.662,441761792,2057469952,6.96875,0.765625,57,
gpt-review-package/evidence/scaling/n1240/first,79.681,441761792,2057469952,6.96875,0.765625,57,
gpt-review-package/evidence/scaling/n1240/first,80.704,441790464,2057498624,6.96875,0.765625,57,
gpt-review-package/evidence/scaling/n1240/first,81.72,441794560,2057498624,6.96875,0.765625,57,
gpt-review-package/evidence/scaling/n1240/first,82.742,441794560,2057498624,6.96875,0.765625,57,
gpt-review-package/evidence/scaling/n1240/first,83.759,442077184,2057777152,6.96875,0.765625,57,
gpt-review-package/evidence/scaling/n1240/first,84.781,442089472,2057781248,6.96875,0.765625,57,
gpt-review-package/evidence/scaling/n1240/first,85.795,442089472,2057781248,6.96875,0.765625,57,
gpt-review-package/evidence/scaling/n1240/first,86.808,442089472,2057781248,6.96875,0.765625,57,
gpt-review-package/evidence/scaling/n1240/first,87.819,442089472,2057781248,6.96875,0.765625,57,
gpt-review-package/evidence/scaling/n1240/first,88.846,442089472,2057781248,6.96875,0.765625,57,
gpt-review-package/evidence/scaling/n1240/first,89.87,442089472,2057781248,6.96875,0.765625,57,
gpt-review-package/evidence/scaling/n1240/first,90.884,442089472,2057781248,6.96875,0.765625,57,
gpt-review-package/evidence/scaling/n1240/first,91.893,442089472,2057781248,6.96875,0.765625,57,
gpt-review-package/evidence/scaling/n1240/first,92.904,442089472,2057781248,6.96875,0.765625,57,
gpt-review-package/evidence/scaling/n1240/first,93.919,442089472,2057781248,6.96875,0.765625,57,
gpt-review-package/evidence/scaling/n1240/first,94.932,442089472,2057781248,6.96875,0.765625,57,
gpt-review-package/evidence/scaling/n1240/first,95.943,442089472,2057781248,6.96875,0.765625,57,
gpt-review-package/evidence/scaling/n1240/first,96.964,442089472,2057781248,6.96875,0.765625,57,
gpt-review-package/evidence/scaling/n1240/first,97.977,442089472,2057781248,6.96875,0.765625,57,
gpt-review-package/evidence/scaling/n1240/first,98.986,442089472,2057781248,6.96875,0.765625,57,
gpt-review-package/evidence/scaling/n1240/first,99.999,442089472,2057781248,6.96875,0.765625,57,
gpt-review-package/evidence/scaling/n1240/first,101.011,442089472,2057781248,6.96875,0.765625,57,
gpt-review-package/evidence/scaling/n1240/first,102.021,442089472,2057781248,6.96875,0.765625,57,
gpt-review-package/evidence/scaling/n1240/first,103.043,442089472,2057781248,6.96875,0.765625,57,
gpt-review-package/evidence/scaling/n1240/first,104.057,442089472,2057781248,6.96875,0.765625,57,
gpt-review-package/evidence/scaling/n1240/first,105.07,442089472,2057781248,6.96875,0.765625,57,
gpt-review-package/evidence/scaling/n1240/first,106.079,442089472,2057781248,6.96875,0.765625,57,
gpt-review-package/evidence/scaling/n1240/first,107.092,442089472,2057781248,6.96875,0.765625,57,
gpt-review-package/evidence/scaling/n1240/first,108.104,442089472,2057781248,6.96875,0.765625,57,
gpt-review-package/evidence/scaling/n1240/first,109.113,442089472,2057781248,6.96875,0.765625,57,
gpt-review-package/evidence/scaling/n1240/first,110.121,442089472,2057781248,6.96875,0.765625,57,
gpt-review-package/evidence/scaling/n1240/first,111.149,442089472,2057781248,6.96875,0.765625,57,
gpt-review-package/evidence/scaling/n1240/first,112.166,442093568,2057781248,6.96875,0.765625,57,
gpt-review-package/evidence/scaling/n1240/first,113.18,442093568,2057781248,6.96875,0.765625,57,
gpt-review-package/evidence/scaling/n1240/first,114.201,442093568,2057781248,6.96875,0.765625,57,
gpt-review-package/evidence/scaling/n1240/first,115.222,442093568,2057781248,6.96875,0.765625,57,
gpt-review-package/evidence/scaling/n1240/first,116.242,442093568,2057781248,6.96875,0.765625,57,
gpt-review-package/evidence/scaling/n1240/first,117.261,442093568,2057781248,6.96875,0.765625,57,
gpt-review-package/evidence/scaling/n1240/first,118.282,442093568,2057781248,6.96875,0.765625,57,
gpt-review-package/evidence/scaling/n1240/first,119.29,442093568,2057781248,6.96875,0.765625,57,
gpt-review-package/evidence/scaling/n1240/first,120.303,442093568,2057781248,6.96875,0.765625,57,
gpt-review-package/evidence/scaling/n1240/first,122.448,442093568,2057781248,6.984375,0.765625,57,
gpt-review-package/evidence/scaling/n1240/first,123.464,442093568,2057781248,6.984375,0.765625,57,
gpt-review-package/evidence/scaling/n1240/first,124.472,442093568,2057781248,6.984375,0.765625,57,
gpt-review-package/evidence/scaling/n1240/first,125.489,442093568,2057781248,6.984375,0.765625,57,
gpt-review-package/evidence/scaling/n1240/first,126.508,442118144,2057981952,6.984375,0.765625,55,
gpt-review-package/evidence/scaling/n1240/first,127.542,442118144,2057981952,6.984375,0.765625,55,
gpt-review-package/evidence/scaling/n1240/first,128.561,442118144,2057981952,6.984375,0.765625,55,
gpt-review-package/evidence/scaling/n1240/first,129.577,442118144,2057981952,6.984375,0.765625,55,
gpt-review-package/evidence/scaling/n1240/first,130.6,442195968,2058059776,6.984375,0.765625,55,
gpt-review-package/evidence/scaling/n1240/first,131.612,442191872,2058059776,6.984375,0.765625,55,
gpt-review-package/evidence/scaling/n1240/first,132.62,442195968,2058059776,6.984375,0.765625,55,
gpt-review-package/evidence/scaling/n1240/first,133.643,442195968,2058059776,6.984375,0.765625,55,
gpt-review-package/evidence/scaling/n1240/first,134.654,442200064,2058059776,6.984375,0.765625,55,
gpt-review-package/evidence/scaling/n1240/first,135.671,442200064,2058059776,6.984375,0.765625,55,
gpt-review-package/evidence/scaling/n1240/first,136.694,442232832,2058088448,6.984375,0.765625,55,
gpt-review-package/evidence/scaling/n1240/first,137.705,442232832,2058088448,6.984375,0.765625,55,
gpt-review-package/evidence/scaling/n1240/first,138.716,442232832,2058088448,6.984375,0.765625,55,
gpt-review-package/evidence/scaling/n1240/first,139.727,442232832,2058088448,6.984375,0.765625,55,
gpt-review-package/evidence/scaling/n1240/first,140.735,442232832,2058088448,6.984375,0.765625,55,
gpt-review-package/evidence/scaling/n1240/first,141.748,442232832,2058088448,6.984375,0.765625,55,
gpt-review-package/evidence/scaling/n1240/first,142.758,442232832,2058088448,6.984375,0.765625,55,
gpt-review-package/evidence/scaling/n1240/first,143.772,442232832,2058088448,6.984375,0.765625,55,
gpt-review-package/evidence/scaling/n1240/first,144.794,442232832,2058088448,6.984375,0.765625,55,
gpt-review-package/evidence/scaling/n1240/first,145.818,442232832,2058088448,6.984375,0.765625,55,
gpt-review-package/evidence/scaling/n1240/first,146.843,442232832,2058088448,6.984375,0.765625,55,
gpt-review-package/evidence/scaling/n1240/first,147.862,442232832,2058088448,6.984375,0.765625,55,
gpt-review-package/evidence/scaling/n1240/first,148.878,442232832,2058088448,6.984375,0.765625,55,
gpt-review-package/evidence/scaling/n1240/first,149.891,442232832,2058088448,6.984375,0.765625,55,
gpt-review-package/evidence/scaling/n1240/first,150.922,442232832,2058088448,6.984375,0.765625,55,
gpt-review-package/evidence/scaling/n1240/first,151.935,442232832,2058088448,6.984375,0.765625,55,
gpt-review-package/evidence/scaling/n1240/first,152.949,442232832,2058088448,6.984375,0.765625,55,
gpt-review-package/evidence/scaling/n1240/first,153.965,442232832,2058088448,6.984375,0.765625,55,
gpt-review-package/evidence/scaling/n1240/first,154.981,442232832,2058088448,6.984375,0.765625,55,
gpt-review-package/evidence/scaling/n1240/first,155.994,442232832,2058088448,6.984375,0.765625,55,
gpt-review-package/evidence/scaling/n1240/first,157.004,442236928,2058088448,6.984375,0.765625,55,
gpt-review-package/evidence/scaling/n1240/first,158.019,442236928,2058088448,6.984375,0.765625,55,
gpt-review-package/evidence/scaling/n1240/first,159.048,442236928,2058088448,6.984375,0.765625,55,
gpt-review-package/evidence/scaling/n1240/first,160.07,442236928,2058088448,6.984375,0.765625,55,
gpt-review-package/evidence/scaling/n1240/first,161.097,442236928,2058088448,6.984375,0.765625,55,
gpt-review-package/evidence/scaling/n1240/first,162.109,442236928,2058088448,6.984375,0.765625,55,
gpt-review-package/evidence/scaling/n1240/first,163.125,442236928,2058088448,6.984375,0.765625,55,
gpt-review-package/evidence/scaling/n1240/first,164.137,442236928,2058088448,6.984375,0.765625,55,
gpt-review-package/evidence/scaling/n1240/first,165.149,442236928,2058088448,6.984375,0.765625,55,
gpt-review-package/evidence/scaling/n1240/first,166.173,442236928,2058088448,6.984375,0.765625,55,
gpt-review-package/evidence/scaling/n1240/first,167.2,442236928,2058088448,6.984375,0.765625,55,
gpt-review-package/evidence/scaling/n1240/first,168.213,442236928,2058088448,6.984375,0.765625,55,
gpt-review-package/evidence/scaling/n1240/first,169.226,442236928,2058088448,6.984375,0.765625,55,
gpt-review-package/evidence/scaling/n1240/first,170.241,442236928,2058088448,6.984375,0.765625,55,
gpt-review-package/evidence/scaling/n1240/first,171.254,442236928,2058088448,6.984375,0.765625,55,
gpt-review-package/evidence/scaling/n1240/first,172.262,442241024,2058088448,6.984375,0.765625,55,
gpt-review-package/evidence/scaling/n1240/first,173.272,442245120,2058088448,7.0,0.765625,55,
gpt-review-package/evidence/scaling/n1240/first,174.288,442245120,2058088448,7.0,0.765625,55,
gpt-review-package/evidence/scaling/n1240/first,175.31,442486784,2058342400,7.015625,0.765625,55,
gpt-review-package/evidence/scaling/n1240/first,176.332,442494976,2058342400,7.015625,0.765625,55,
gpt-review-package/evidence/scaling/n1240/first,177.36,442494976,2058342400,7.015625,0.765625,55,
gpt-review-package/evidence/scaling/n1240/first,178.378,442494976,2058342400,7.015625,0.765625,55,
gpt-review-package/evidence/scaling/n1240/first,179.388,442494976,2058342400,7.015625,0.765625,55,
gpt-review-package/evidence/scaling/n248/first,0.001,610516992,1946492928,7.84375,0.671875,58,
gpt-review-package/evidence/scaling/n248/first,1.017,619212800,1948426240,7.984375,0.671875,58,
gpt-review-package/evidence/scaling/n248/first,2.033,619220992,1948426240,7.984375,0.671875,58,
gpt-review-package/evidence/scaling/n248/first,3.04,619225088,1948426240,7.984375,0.671875,58,
gpt-review-package/evidence/scaling/n248/first,4.048,495448064,1823010816,7.984375,0.6875,58,
gpt-review-package/evidence/scaling/n248/first,5.056,495448064,1823010816,7.984375,0.6875,58,
gpt-review-package/evidence/scaling/n248/first,6.958,495636480,1823154176,8.0,0.6875,58,
gpt-review-package/evidence/scaling/n248/first,7.97,495636480,1823154176,8.0,0.6875,58,
gpt-review-package/evidence/scaling/n248/first,8.983,495636480,1823408128,8.0,0.6875,58,
gpt-review-package/evidence/scaling/n496/first,0.001,563372032,2171183104,7.5,0.421875,58,
gpt-review-package/evidence/scaling/n496/first,1.019,568356864,2175700992,7.78125,0.4375,58,
gpt-review-package/evidence/scaling/n496/first,2.037,568356864,2175700992,7.78125,0.4375,58,
gpt-review-package/evidence/scaling/n496/first,3.049,441221120,2055118848,7.796875,0.4375,58,
gpt-review-package/evidence/scaling/n496/first,4.063,441221120,2055118848,7.796875,0.4375,58,
gpt-review-package/evidence/scaling/n496/first,5.074,441221120,2055118848,7.796875,0.4375,58,
gpt-review-package/evidence/scaling/n496/first,7.055,441323520,2055237632,7.8125,0.4375,58,
gpt-review-package/evidence/scaling/n496/first,8.073,441323520,2055397376,7.8125,0.4375,58,
gpt-review-package/evidence/scaling/n496/first,9.087,441323520,2055397376,7.8125,0.4375,58,
gpt-review-package/evidence/scaling/n496/first,10.102,441323520,2055397376,7.8125,0.4375,58,
gpt-review-package/evidence/scaling/n496/first,11.119,441323520,2055397376,7.8125,0.4375,58,
gpt-review-package/evidence/scaling/n496/first,12.129,441323520,2055397376,7.8125,0.4375,58,
gpt-review-package/evidence/scaling/n496/first,13.14,441323520,2055397376,7.8125,0.4375,58,
gpt-review-package/evidence/scaling/n496/first,14.15,441323520,2055397376,7.8125,0.4375,58,
gpt-review-package/evidence/scaling/n496/first,15.163,441323520,2055397376,7.8125,0.4375,58,
gpt-review-package/evidence/scaling/n496/first,17.079,441356288,2055426048,7.8125,0.4375,58,
gpt-review-package/evidence/scaling/n496/first,18.088,441241600,2054664192,7.8125,0.4375,58,
gpt-review-package/evidence/scaling/n496/first,19.102,441241600,2054664192,7.8125,0.4375,58,
gpt-review-package/evidence/scaling/n496/first,20.114,441237504,2054664192,7.8125,0.4375,58,
gpt-review-package/evidence/scaling/n496/first,21.133,441241600,2054664192,7.8125,0.4375,58,
gpt-review-package/evidence/scaling/n496/first,22.142,441241600,2054664192,7.8125,0.4375,58,
gpt-review-package/evidence/scaling/n496/first,23.154,441274368,2054725632,7.8125,0.4375,60,
gpt-review-package/evidence/scaling/n496/first,24.168,441274368,2054725632,7.8125,0.4375,60,
gpt-review-package/evidence/scaling/n496/first,25.182,441274368,2054725632,7.8125,0.4375,60,
gpt-review-package/evidence/scaling/n496/first,26.194,441274368,2054725632,7.8125,0.4375,60,
gpt-review-package/evidence/scaling/n496/first,27.208,441274368,2054725632,7.8125,0.4375,60,
gpt-review-package/evidence/scaling/n496/first,28.221,441286656,2054782976,7.8125,0.4375,60,
gpt-review-package/evidence/scaling/n496/first,29.238,441286656,2054782976,7.8125,0.4375,60,
gpt-review-package/evidence/scaling/n496/first,30.261,441286656,2054782976,7.8125,0.4375,60,
gpt-review-package/evidence/scaling/n496/first,32.237,441327616,2054782976,7.8125,0.4375,60,
gpt-review-package/evidence/scaling/n496/first,33.259,441286656,2054742016,7.8125,0.4375,60,
gpt-review-package/evidence/scaling/n496/first,34.274,441290752,2054742016,7.8125,0.4375,60,
gpt-review-package/evidence/scaling/n496/first,35.287,441290752,2054742016,7.8125,0.4375,60,
gpt-review-package/evidence/scaling/n496/first,36.295,441290752,2054742016,7.8125,0.4375,60,
gpt-review-package/evidence/scaling/n496/first,37.323,474554368,2071146496,8.15625,0.46875,60,
gpt-review-package/evidence/scaling/n744/first,0.001,566980608,2194104320,5.203125,0.34375,58,
gpt-review-package/evidence/scaling/n744/first,1.015,576180224,2203398144,5.328125,0.375,58,
gpt-review-package/evidence/scaling/n744/first,2.026,576180224,2203398144,5.328125,0.375,58,
gpt-review-package/evidence/scaling/n744/first,3.035,442404864,2079539200,5.328125,0.375,58,
gpt-review-package/evidence/scaling/n744/first,4.044,442404864,2079539200,5.328125,0.375,58,
gpt-review-package/evidence/scaling/n744/first,5.056,442404864,2079539200,5.328125,0.375,58,
gpt-review-package/evidence/scaling/n744/first,6.974,442552320,2079662080,5.328125,0.375,58,
gpt-review-package/evidence/scaling/n744/first,7.988,442552320,2079784960,5.328125,0.375,58,
gpt-review-package/evidence/scaling/n744/first,8.996,442552320,2079784960,5.328125,0.375,58,
gpt-review-package/evidence/scaling/n744/first,10.006,442552320,2079784960,5.328125,0.375,58,
gpt-review-package/evidence/scaling/n744/first,11.02,442552320,2079784960,5.328125,0.375,58,
gpt-review-package/evidence/scaling/n744/first,12.028,442552320,2079784960,5.328125,0.375,58,
gpt-review-package/evidence/scaling/n744/first,13.038,442552320,2079784960,5.328125,0.375,58,
gpt-review-package/evidence/scaling/n744/first,14.054,442552320,2079784960,5.328125,0.375,58,
gpt-review-package/evidence/scaling/n744/first,15.066,442552320,2079784960,5.328125,0.375,58,
gpt-review-package/evidence/scaling/n744/first,16.907,442580992,2079809536,5.328125,0.375,58,
gpt-review-package/evidence/scaling/n744/first,17.918,442580992,2080030720,5.328125,0.375,58,
gpt-review-package/evidence/scaling/n744/first,18.927,442580992,2080030720,5.328125,0.375,58,
gpt-review-package/evidence/scaling/n744/first,19.941,442580992,2080030720,5.328125,0.375,58,
gpt-review-package/evidence/scaling/n744/first,20.957,442580992,2080030720,5.328125,0.375,58,
gpt-review-package/evidence/scaling/n744/first,21.967,442580992,2080030720,5.328125,0.375,58,
gpt-review-package/evidence/scaling/n744/first,22.993,442580992,2080030720,5.328125,0.375,58,
gpt-review-package/evidence/scaling/n744/first,24.008,442613760,2081153024,5.328125,0.375,60,
gpt-review-package/evidence/scaling/n744/first,25.027,442613760,2081153024,5.328125,0.375,60,
gpt-review-package/evidence/scaling/n744/first,26.052,442613760,2081153024,5.328125,0.375,60,
gpt-review-package/evidence/scaling/n744/first,27.062,442613760,2081153024,5.328125,0.375,60,
gpt-review-package/evidence/scaling/n744/first,28.084,442613760,2081153024,5.328125,0.375,60,
gpt-review-package/evidence/scaling/n744/first,29.1,442613760,2081153024,5.328125,0.375,60,
gpt-review-package/evidence/scaling/n744/first,30.13,442613760,2081153024,5.328125,0.375,60,
gpt-review-package/evidence/scaling/n744/first,32.057,442642432,2081181696,5.34375,0.375,60,
gpt-review-package/evidence/scaling/n744/first,33.07,442638336,2081181696,5.34375,0.375,60,
gpt-review-package/evidence/scaling/n744/first,34.082,442642432,2081181696,5.34375,0.375,60,
gpt-review-package/evidence/scaling/n744/first,35.098,442642432,2081181696,5.34375,0.375,60,
gpt-review-package/evidence/scaling/n744/first,36.109,442642432,2081181696,5.34375,0.375,60,
gpt-review-package/evidence/scaling/n744/first,37.124,442642432,2081181696,5.34375,0.375,60,
gpt-review-package/evidence/scaling/n744/first,38.148,442642432,2081181696,5.34375,0.375,60,
gpt-review-package/evidence/scaling/n744/first,39.161,442642432,2081181696,5.34375,0.375,60,
gpt-review-package/evidence/scaling/n744/first,40.172,442642432,2081210368,5.34375,0.375,60,
gpt-review-package/evidence/scaling/n744/first,41.184,442642432,2081210368,5.34375,0.375,60,
gpt-review-package/evidence/scaling/n744/first,42.21,442642432,2081210368,5.34375,0.375,60,
gpt-review-package/evidence/scaling/n744/first,43.22,442642432,2081210368,5.34375,0.375,60,
gpt-review-package/evidence/scaling/n744/first,44.232,442642432,2081210368,5.34375,0.375,60,
gpt-review-package/evidence/scaling/n744/first,45.244,442642432,2081210368,5.34375,0.375,60,
gpt-review-package/evidence/scaling/n744/first,46.259,442642432,2081210368,5.34375,0.375,60,
gpt-review-package/evidence/scaling/n744/first,47.27,442642432,2081210368,5.34375,0.375,60,
gpt-review-package/evidence/scaling/n744/first,48.281,442642432,2081210368,5.34375,0.375,60,
gpt-review-package/evidence/scaling/n744/first,49.306,442642432,2081210368,5.34375,0.375,60,
gpt-review-package/evidence/scaling/n744/first,50.318,442712064,2081296384,5.34375,0.375,60,
gpt-review-package/evidence/scaling/n744/first,51.333,442716160,2081296384,5.34375,0.375,60,
gpt-review-package/evidence/scaling/n744/first,52.343,442662912,2081202176,5.34375,0.375,57,
gpt-review-package/evidence/scaling/n744/first,53.351,442662912,2081685504,5.34375,0.375,57,
gpt-review-package/evidence/scaling/n744/first,54.362,442662912,2081685504,5.34375,0.375,57,
gpt-review-package/evidence/scaling/n744/first,55.384,442662912,2081685504,5.34375,0.375,57,
gpt-review-package/evidence/scaling/n744/first,56.398,442662912,2081685504,5.34375,0.375,57,
gpt-review-package/evidence/scaling/n744/first,57.407,442662912,2081685504,5.34375,0.375,57,
gpt-review-package/evidence/scaling/n744/first,58.427,442707968,2081714176,5.34375,0.375,57,
gpt-review-package/evidence/scaling/n744/first,59.442,442712064,2081714176,5.34375,0.375,57,
gpt-review-package/evidence/scaling/n744/first,60.466,442728448,2081714176,5.34375,0.375,57,
gpt-review-package/evidence/scaling/n744/first,62.45,442736640,2081714176,5.34375,0.375,57,
gpt-review-package/evidence/scaling/n744/first,63.461,442736640,2081714176,5.34375,0.375,57,
gpt-review-package/evidence/scaling/n744/first,64.485,442736640,2081714176,5.34375,0.375,57,
gpt-review-package/evidence/scaling/n744/first,65.506,442736640,2081714176,5.34375,0.375,57,
gpt-review-package/evidence/scaling/n744/first,66.516,442736640,2081714176,5.34375,0.375,57,
gpt-review-package/evidence/scaling/n744/first,67.54,442732544,2081714176,5.34375,0.375,57,
gpt-review-package/evidence/scaling/n744/first,68.553,442736640,2081714176,5.34375,0.375,57,
gpt-review-package/evidence/scaling/n744/first,69.565,442736640,2081714176,5.34375,0.375,57,
gpt-review-package/evidence/scaling/n744/first,70.576,442736640,2081714176,5.34375,0.375,57,
gpt-review-package/evidence/scaling/n744/first,71.6,442736640,2081714176,5.34375,0.375,57,
gpt-review-package/evidence/scaling/n744/first,72.618,442736640,2081714176,5.34375,0.375,57,
gpt-review-package/evidence/scaling/n744/first,73.637,442736640,2081714176,5.34375,0.375,57,
gpt-review-package/evidence/scaling/n744/first,74.655,457166848,2096242688,5.375,0.375,57,
gpt-review-package/evidence/scaling/n744/first,75.667,620941312,2225393664,5.8125,0.46875,57,
gpt-review-package/evidence/scaling/n992/first,0.001,570068992,2180923392,5.96875,0.453125,58,
gpt-review-package/evidence/scaling/n992/first,1.01,575307776,2184859648,6.171875,0.453125,58,
gpt-review-package/evidence/scaling/n992/first,2.036,440750080,2049507328,6.171875,0.453125,58,
gpt-review-package/evidence/scaling/n992/first,3.048,440750080,2049507328,6.171875,0.453125,58,
gpt-review-package/evidence/scaling/n992/first,4.057,440750080,2049507328,6.171875,0.453125,58,
gpt-review-package/evidence/scaling/n992/first,5.067,440750080,2049507328,6.171875,0.453125,58,
gpt-review-package/evidence/scaling/n992/first,7.046,440881152,2050187264,6.1875,0.453125,58,
gpt-review-package/evidence/scaling/n992/first,8.059,440881152,2050187264,6.1875,0.453125,58,
gpt-review-package/evidence/scaling/n992/first,9.072,440881152,2050187264,6.1875,0.453125,58,
gpt-review-package/evidence/scaling/n992/first,10.086,440881152,2050187264,6.1875,0.453125,58,
gpt-review-package/evidence/scaling/n992/first,11.099,440881152,2050187264,6.1875,0.453125,58,
gpt-review-package/evidence/scaling/n992/first,12.107,440881152,2050187264,6.1875,0.453125,58,
gpt-review-package/evidence/scaling/n992/first,13.12,440881152,2050187264,6.1875,0.453125,58,
gpt-review-package/evidence/scaling/n992/first,14.138,440881152,2050187264,6.1875,0.453125,58,
gpt-review-package/evidence/scaling/n992/first,15.147,440881152,2050187264,6.1875,0.453125,58,
gpt-review-package/evidence/scaling/n992/first,17.209,440909824,2050371584,6.1875,0.453125,58,
gpt-review-package/evidence/scaling/n992/first,18.222,440909824,2050371584,6.1875,0.453125,58,
gpt-review-package/evidence/scaling/n992/first,19.241,440909824,2050371584,6.1875,0.453125,58,
gpt-review-package/evidence/scaling/n992/first,20.26,440909824,2050371584,6.1875,0.453125,58,
gpt-review-package/evidence/scaling/n992/first,21.301,440909824,2050371584,6.1875,0.453125,58,
gpt-review-package/evidence/scaling/n992/first,22.328,440909824,2050371584,6.1875,0.453125,58,
gpt-review-package/evidence/scaling/n992/first,23.338,440942592,2051670016,6.1875,0.453125,60,
gpt-review-package/evidence/scaling/n992/first,24.349,440942592,2051670016,6.1875,0.453125,60,
gpt-review-package/evidence/scaling/n992/first,25.366,440942592,2051670016,6.1875,0.453125,60,
gpt-review-package/evidence/scaling/n992/first,26.392,440942592,2051670016,6.1875,0.453125,60,
gpt-review-package/evidence/scaling/n992/first,27.418,440942592,2051670016,6.1875,0.453125,60,
gpt-review-package/evidence/scaling/n992/first,28.441,440942592,2051670016,6.1875,0.453125,60,
gpt-review-package/evidence/scaling/n992/first,29.461,440942592,2051670016,6.1875,0.453125,60,
gpt-review-package/evidence/scaling/n992/first,30.483,440942592,2051670016,6.1875,0.453125,60,
gpt-review-package/evidence/scaling/n992/first,32.377,441004032,2051727360,6.1875,0.453125,60,
gpt-review-package/evidence/scaling/n992/first,33.4,441004032,2051727360,6.1875,0.453125,60,
gpt-review-package/evidence/scaling/n992/first,34.412,441008128,2051727360,6.1875,0.453125,60,
gpt-review-package/evidence/scaling/n992/first,35.436,441008128,2051727360,6.1875,0.453125,60,
gpt-review-package/evidence/scaling/n992/first,36.444,441008128,2051727360,6.1875,0.453125,60,
gpt-review-package/evidence/scaling/n992/first,37.455,441008128,2051727360,6.1875,0.453125,60,
gpt-review-package/evidence/scaling/n992/first,38.477,441008128,2051727360,6.1875,0.453125,60,
gpt-review-package/evidence/scaling/n992/first,39.487,441008128,2051727360,6.1875,0.453125,60,
gpt-review-package/evidence/scaling/n992/first,40.51,441008128,2051727360,6.1875,0.453125,60,
gpt-review-package/evidence/scaling/n992/first,41.531,441008128,2051727360,6.1875,0.453125,60,
gpt-review-package/evidence/scaling/n992/first,42.549,441008128,2051727360,6.1875,0.453125,60,
gpt-review-package/evidence/scaling/n992/first,43.569,441008128,2051727360,6.1875,0.453125,60,
gpt-review-package/evidence/scaling/n992/first,44.589,441008128,2051727360,6.1875,0.453125,60,
gpt-review-package/evidence/scaling/n992/first,45.604,441008128,2051727360,6.1875,0.453125,60,
gpt-review-package/evidence/scaling/n992/first,46.621,441008128,2051727360,6.1875,0.453125,60,
gpt-review-package/evidence/scaling/n992/first,47.64,441008128,2051727360,6.1875,0.453125,60,
gpt-review-package/evidence/scaling/n992/first,48.654,441008128,2051727360,6.1875,0.453125,60,
gpt-review-package/evidence/scaling/n992/first,49.669,441008128,2051727360,6.1875,0.453125,60,
gpt-review-package/evidence/scaling/n992/first,50.681,441008128,2051727360,6.1875,0.453125,60,
gpt-review-package/evidence/scaling/n992/first,51.692,440958976,2051637248,6.1875,0.453125,57,
gpt-review-package/evidence/scaling/n992/first,52.706,441057280,2052329472,6.1875,0.453125,57,
gpt-review-package/evidence/scaling/n992/first,53.718,441057280,2052329472,6.1875,0.453125,57,
gpt-review-package/evidence/scaling/n992/first,54.726,441057280,2052329472,6.1875,0.453125,57,
gpt-review-package/evidence/scaling/n992/first,55.735,441057280,2052329472,6.1875,0.453125,57,
gpt-review-package/evidence/scaling/n992/first,56.744,441061376,2052521984,6.1875,0.453125,57,
gpt-review-package/evidence/scaling/n992/first,57.766,441061376,2052521984,6.1875,0.453125,57,
gpt-review-package/evidence/scaling/n992/first,58.78,441073664,2052521984,6.1875,0.453125,57,
gpt-review-package/evidence/scaling/n992/first,59.787,441073664,2052521984,6.1875,0.453125,57,
gpt-review-package/evidence/scaling/n992/first,60.796,441073664,2052521984,6.1875,0.453125,57,
gpt-review-package/evidence/scaling/n992/first,62.768,441073664,2052521984,6.203125,0.453125,57,
gpt-review-package/evidence/scaling/n992/first,63.782,441069568,2052521984,6.203125,0.453125,57,
gpt-review-package/evidence/scaling/n992/first,64.797,441073664,2052521984,6.203125,0.453125,57,
gpt-review-package/evidence/scaling/n992/first,65.82,441073664,2052521984,6.203125,0.453125,57,
gpt-review-package/evidence/scaling/n992/first,66.831,441073664,2052521984,6.203125,0.453125,57,
gpt-review-package/evidence/scaling/n992/first,67.849,441073664,2052521984,6.203125,0.453125,57,
gpt-review-package/evidence/scaling/n992/first,68.861,441073664,2052521984,6.203125,0.453125,57,
gpt-review-package/evidence/scaling/n992/first,69.871,441073664,2052521984,6.203125,0.453125,57,
gpt-review-package/evidence/scaling/n992/first,70.882,441073664,2052521984,6.203125,0.453125,57,
gpt-review-package/evidence/scaling/n992/first,71.891,441073664,2052521984,6.203125,0.453125,57,
gpt-review-package/evidence/scaling/n992/first,72.906,441073664,2052521984,6.203125,0.453125,57,
gpt-review-package/evidence/scaling/n992/first,73.92,441073664,2052521984,6.203125,0.453125,57,
gpt-review-package/evidence/scaling/n992/first,74.935,441073664,2052521984,6.203125,0.453125,57,
gpt-review-package/evidence/scaling/n992/first,75.946,441073664,2052521984,6.203125,0.453125,57,
gpt-review-package/evidence/scaling/n992/first,76.97,441073664,2052521984,6.203125,0.453125,57,
gpt-review-package/evidence/scaling/n992/first,77.981,441073664,2052521984,6.203125,0.453125,57,
gpt-review-package/evidence/scaling/n992/first,79.003,441135104,2052579328,6.203125,0.453125,57,
gpt-review-package/evidence/scaling/n992/first,80.019,441163776,2052608000,6.203125,0.453125,57,
gpt-review-package/evidence/scaling/n992/first,81.028,441163776,2052608000,6.203125,0.453125,57,
gpt-review-package/evidence/scaling/n992/first,82.041,441163776,2052608000,6.203125,0.453125,57,
gpt-review-package/evidence/scaling/n992/first,83.053,441409536,2052861952,6.203125,0.453125,57,
gpt-review-package/evidence/scaling/n992/first,84.067,441409536,2052861952,6.203125,0.453125,57,
gpt-review-package/evidence/scaling/n992/first,85.092,441430016,2052870144,6.203125,0.453125,57,
gpt-review-package/evidence/scaling/n992/first,86.112,441430016,2052870144,6.203125,0.453125,57,
gpt-review-package/evidence/scaling/n992/first,87.121,441430016,2052870144,6.203125,0.453125,57,
gpt-review-package/evidence/scaling/n992/first,88.139,441430016,2052931584,6.203125,0.453125,57,
gpt-review-package/evidence/scaling/n992/first,89.148,441430016,2052931584,6.203125,0.453125,57,
gpt-review-package/evidence/scaling/n992/first,90.164,441430016,2052931584,6.203125,0.453125,57,
gpt-review-package/evidence/scaling/n992/first,91.179,441430016,2052931584,6.203125,0.453125,57,
gpt-review-package/evidence/scaling/n992/first,92.193,441430016,2052931584,6.203125,0.453125,57,
gpt-review-package/evidence/scaling/n992/first,93.209,441430016,2052931584,6.203125,0.453125,57,
gpt-review-package/evidence/scaling/n992/first,94.223,441430016,2052931584,6.203125,0.453125,57,
gpt-review-package/evidence/scaling/n992/first,95.234,441430016,2052931584,6.203125,0.453125,57,
gpt-review-package/evidence/scaling/n992/first,96.248,441438208,2052931584,6.203125,0.453125,57,
gpt-review-package/evidence/scaling/n992/first,97.264,441434112,2052931584,6.203125,0.453125,57,
gpt-review-package/evidence/scaling/n992/first,98.282,441438208,2052931584,6.203125,0.453125,57,
gpt-review-package/evidence/scaling/n992/first,99.293,441438208,2052931584,6.203125,0.453125,57,
gpt-review-package/evidence/scaling/n992/first,100.308,441438208,2052931584,6.203125,0.453125,57,
gpt-review-package/evidence/scaling/n992/first,101.324,441442304,2052931584,6.203125,0.453125,57,
gpt-review-package/evidence/scaling/n992/first,102.333,441442304,2052931584,6.203125,0.453125,57,
gpt-review-package/evidence/scaling/n992/first,103.345,441442304,2052931584,6.203125,0.453125,57,
gpt-review-package/evidence/scaling/n992/first,104.368,441442304,2052931584,6.203125,0.453125,57,
gpt-review-package/evidence/scaling/n992/first,105.378,441442304,2052931584,6.203125,0.453125,57,
gpt-review-package/evidence/scaling/n992/first,106.39,441442304,2052931584,6.203125,0.453125,57,
gpt-review-package/evidence/scaling/n992/first,107.407,441442304,2052931584,6.203125,0.453125,57,
gpt-review-package/evidence/scaling/n992/first,108.429,441442304,2052931584,6.203125,0.453125,57,
gpt-review-package/evidence/scaling/n992/first,109.444,441442304,2052931584,6.203125,0.453125,57,
gpt-review-package/evidence/scaling/n992/first,110.456,441442304,2052931584,6.203125,0.453125,57,
gpt-review-package/evidence/scaling/n992/first,111.465,441442304,2052931584,6.203125,0.453125,57,
gpt-review-package/evidence/scaling/n992/first,112.481,441442304,2052931584,6.203125,0.453125,57,
gpt-review-package/evidence/scaling/n992/first,113.493,441442304,2052931584,6.203125,0.453125,57,
gpt-review-package/evidence/scaling/n992/first,114.504,441442304,2052931584,6.203125,0.453125,57,
gpt-review-package/evidence/scaling/n992/first,115.521,441442304,2052931584,6.203125,0.453125,57,
gpt-review-package/evidence/scaling/n992/first,116.535,441442304,2052931584,6.203125,0.453125,57,
gpt-review-package/evidence/scaling/n992/first,117.549,441442304,2052931584,6.203125,0.453125,57,
gpt-review-package/evidence/scaling/n992/first,118.562,441442304,2052931584,6.203125,0.453125,57,
gpt-review-package/evidence/scaling/n992/first,119.58,441442304,2052931584,6.203125,0.453125,57,
gpt-review-package/evidence/scaling/n992/first,120.593,441442304,2052931584,6.203125,0.453125,57,
gpt-review-package/evidence/scaling/n992/first,122.357,441442304,2052931584,6.21875,0.453125,57,
gpt-review-package/evidence/scaling/n992/first,123.367,441442304,2052931584,6.21875,0.453125,57,
gpt-review-package/evidence/scaling/n992/first,124.378,441442304,2052931584,6.21875,0.453125,57,
gpt-review-package/evidence/scaling/n992/first,125.394,441413632,2052870144,6.21875,0.453125,55,
gpt-review-package/evidence/scaling/n992/first,126.407,441454592,2053132288,6.21875,0.453125,55,
gpt-review-package/evidence/scaling/n992/first,127.421,441454592,2053132288,6.21875,0.453125,55,
gpt-review-package/evidence/scaling/n992/first,128.434,441458688,2053132288,6.21875,0.453125,55,
gpt-review-package/evidence/scaling/n992/first,129.446,441458688,2053132288,6.21875,0.453125,55,
gpt-review-package/evidence/scaling/n992/first,130.459,441458688,2053132288,6.21875,0.453125,55,
gpt-review-package/evidence/scaling/n992/first,131.468,441458688,2053132288,6.21875,0.453125,55,
gpt-review-package/evidence/scaling/n992/first,132.48,441458688,2053132288,6.21875,0.453125,55,
gpt-review-package/evidence/scaling/n992/first,133.507,441458688,2053132288,6.21875,0.453125,55,
gpt-review-package/evidence/scaling/n992/first,134.519,441458688,2053132288,6.21875,0.453125,55,
gpt-review-package/evidence/scaling/n992/first,135.529,610926592,2162302976,6.59375,0.5625,55,
scaling/n124/first,0.001,557400064,2180673536,7.484375,0.546875,58,
scaling/n124/first,1.025,562204672,2186059776,7.625,0.546875,58,
scaling/n124/first,2.04,562204672,2186059776,7.625,0.546875,58,
scaling/n1240/first,0.001,563486720,2164613120,6.90625,0.75,58,
scaling/n1240/first,1.012,566231040,2165862400,6.921875,0.75,58,
scaling/n1240/first,2.032,566231040,2165862400,6.921875,0.75,58,
scaling/n1240/first,3.044,441384960,2052972544,6.921875,0.75,58,
scaling/n1240/first,4.057,441384960,2052972544,6.921875,0.75,58,
scaling/n1240/first,5.071,441384960,2052972544,6.921875,0.75,58,
scaling/n1240/first,7.021,441548800,2053156864,6.921875,0.75,58,
scaling/n1240/first,8.03,441548800,2053238784,6.921875,0.75,58,
scaling/n1240/first,9.043,441552896,2053242880,6.921875,0.75,58,
scaling/n1240/first,10.056,441552896,2053242880,6.921875,0.75,58,
scaling/n1240/first,11.064,441552896,2053242880,6.921875,0.75,58,
scaling/n1240/first,12.086,441552896,2053242880,6.921875,0.75,58,
scaling/n1240/first,13.097,441552896,2053242880,6.921875,0.75,58,
scaling/n1240/first,14.122,441552896,2053242880,6.921875,0.75,58,
scaling/n1240/first,15.134,441552896,2053242880,6.921875,0.75,58,
scaling/n1240/first,17.178,441581568,2053267456,6.921875,0.75,58,
scaling/n1240/first,18.189,441581568,2054111232,6.921875,0.75,58,
scaling/n1240/first,19.211,441581568,2054111232,6.921875,0.75,58,
scaling/n1240/first,20.22,441581568,2054111232,6.921875,0.75,58,
scaling/n1240/first,21.232,441581568,2054111232,6.921875,0.75,58,
scaling/n1240/first,22.254,441581568,2054111232,6.921875,0.75,58,
scaling/n1240/first,23.269,441614336,2055245824,6.921875,0.75,60,
scaling/n1240/first,24.277,441614336,2055245824,6.921875,0.75,60,
scaling/n1240/first,25.3,441614336,2055245824,6.921875,0.75,60,
scaling/n1240/first,26.321,441614336,2055245824,6.921875,0.75,60,
scaling/n1240/first,27.335,441614336,2055245824,6.921875,0.75,60,
scaling/n1240/first,28.349,441614336,2055245824,6.921875,0.75,60,
scaling/n1240/first,29.361,441614336,2055245824,6.921875,0.75,60,
scaling/n1240/first,30.369,441614336,2055245824,6.921875,0.75,60,
scaling/n1240/first,32.206,441638912,2055274496,6.953125,0.75,60,
scaling/n1240/first,33.217,441634816,2055692288,6.953125,0.75,60,
scaling/n1240/first,34.227,441643008,2055716864,6.953125,0.75,60,
scaling/n1240/first,35.239,441643008,2055716864,6.953125,0.75,60,
scaling/n1240/first,36.25,441643008,2055716864,6.953125,0.75,60,
scaling/n1240/first,37.263,441663488,2055716864,6.953125,0.765625,60,
scaling/n1240/first,38.277,441667584,2056237056,6.953125,0.765625,60,
scaling/n1240/first,39.291,441667584,2056237056,6.953125,0.765625,60,
scaling/n1240/first,40.316,441663488,2056237056,6.953125,0.765625,60,
scaling/n1240/first,41.328,441667584,2056237056,6.953125,0.765625,60,
scaling/n1240/first,42.336,441667584,2056237056,6.953125,0.765625,60,
scaling/n1240/first,43.363,441667584,2056237056,6.953125,0.765625,60,
scaling/n1240/first,44.375,441667584,2056237056,6.953125,0.765625,60,
scaling/n1240/first,45.395,441667584,2056237056,6.953125,0.765625,60,
scaling/n1240/first,46.41,441667584,2056237056,6.953125,0.765625,60,
scaling/n1240/first,47.429,441667584,2056237056,6.953125,0.765625,60,
scaling/n1240/first,48.451,441667584,2056237056,6.953125,0.765625,60,
scaling/n1240/first,49.46,441667584,2056237056,6.953125,0.765625,60,
scaling/n1240/first,50.483,441667584,2056237056,6.953125,0.765625,60,
scaling/n1240/first,51.504,441761792,2056347648,6.953125,0.765625,60,
scaling/n1240/first,52.512,441716736,2056257536,6.953125,0.765625,57,
scaling/n1240/first,53.529,441716736,2057203712,6.953125,0.765625,57,
scaling/n1240/first,54.54,441716736,2057203712,6.953125,0.765625,57,
scaling/n1240/first,55.548,441716736,2057203712,6.953125,0.765625,57,
scaling/n1240/first,56.56,441720832,2057203712,6.953125,0.765625,57,
scaling/n1240/first,57.571,441720832,2057203712,6.953125,0.765625,57,
scaling/n1240/first,58.582,441749504,2057228288,6.953125,0.765625,57,
scaling/n1240/first,59.594,441749504,2057228288,6.953125,0.765625,57,
scaling/n1240/first,60.617,441749504,2057228288,6.953125,0.765625,57,
scaling/n1240/first,62.455,441757696,2057228288,6.953125,0.765625,57,
scaling/n1240/first,63.468,441757696,2057228288,6.953125,0.765625,57,
scaling/n1240/first,64.477,441753600,2057469952,6.953125,0.765625,57,
scaling/n1240/first,65.489,441757696,2057469952,6.953125,0.765625,57,
scaling/n1240/first,66.5,441757696,2057469952,6.953125,0.765625,57,
scaling/n1240/first,67.513,441757696,2057469952,6.953125,0.765625,57,
scaling/n1240/first,68.523,441757696,2057469952,6.953125,0.765625,57,
scaling/n1240/first,69.532,441757696,2057469952,6.953125,0.765625,57,
scaling/n1240/first,70.543,441757696,2057469952,6.953125,0.765625,57,
scaling/n1240/first,71.557,441757696,2057469952,6.953125,0.765625,57,
scaling/n1240/first,72.568,441757696,2057469952,6.953125,0.765625,57,
scaling/n1240/first,73.581,441757696,2057469952,6.953125,0.765625,57,
scaling/n1240/first,74.603,441761792,2057469952,6.953125,0.765625,57,
scaling/n1240/first,75.623,441761792,2057469952,6.953125,0.765625,57,
scaling/n1240/first,76.639,441761792,2057469952,6.96875,0.765625,57,
scaling/n1240/first,77.65,441761792,2057469952,6.96875,0.765625,57,
scaling/n1240/first,78.662,441761792,2057469952,6.96875,0.765625,57,
scaling/n1240/first,79.681,441761792,2057469952,6.96875,0.765625,57,
scaling/n1240/first,80.704,441790464,2057498624,6.96875,0.765625,57,
scaling/n1240/first,81.72,441794560,2057498624,6.96875,0.765625,57,
scaling/n1240/first,82.742,441794560,2057498624,6.96875,0.765625,57,
scaling/n1240/first,83.759,442077184,2057777152,6.96875,0.765625,57,
scaling/n1240/first,84.781,442089472,2057781248,6.96875,0.765625,57,
scaling/n1240/first,85.795,442089472,2057781248,6.96875,0.765625,57,
scaling/n1240/first,86.808,442089472,2057781248,6.96875,0.765625,57,
scaling/n1240/first,87.819,442089472,2057781248,6.96875,0.765625,57,
scaling/n1240/first,88.846,442089472,2057781248,6.96875,0.765625,57,
scaling/n1240/first,89.87,442089472,2057781248,6.96875,0.765625,57,
scaling/n1240/first,90.884,442089472,2057781248,6.96875,0.765625,57,
scaling/n1240/first,91.893,442089472,2057781248,6.96875,0.765625,57,
scaling/n1240/first,92.904,442089472,2057781248,6.96875,0.765625,57,
scaling/n1240/first,93.919,442089472,2057781248,6.96875,0.765625,57,
scaling/n1240/first,94.932,442089472,2057781248,6.96875,0.765625,57,
scaling/n1240/first,95.943,442089472,2057781248,6.96875,0.765625,57,
scaling/n1240/first,96.964,442089472,2057781248,6.96875,0.765625,57,
scaling/n1240/first,97.977,442089472,2057781248,6.96875,0.765625,57,
scaling/n1240/first,98.986,442089472,2057781248,6.96875,0.765625,57,
scaling/n1240/first,99.999,442089472,2057781248,6.96875,0.765625,57,
scaling/n1240/first,101.011,442089472,2057781248,6.96875,0.765625,57,
scaling/n1240/first,102.021,442089472,2057781248,6.96875,0.765625,57,
scaling/n1240/first,103.043,442089472,2057781248,6.96875,0.765625,57,
scaling/n1240/first,104.057,442089472,2057781248,6.96875,0.765625,57,
scaling/n1240/first,105.07,442089472,2057781248,6.96875,0.765625,57,
scaling/n1240/first,106.079,442089472,2057781248,6.96875,0.765625,57,
scaling/n1240/first,107.092,442089472,2057781248,6.96875,0.765625,57,
scaling/n1240/first,108.104,442089472,2057781248,6.96875,0.765625,57,
scaling/n1240/first,109.113,442089472,2057781248,6.96875,0.765625,57,
scaling/n1240/first,110.121,442089472,2057781248,6.96875,0.765625,57,
scaling/n1240/first,111.149,442089472,2057781248,6.96875,0.765625,57,
scaling/n1240/first,112.166,442093568,2057781248,6.96875,0.765625,57,
scaling/n1240/first,113.18,442093568,2057781248,6.96875,0.765625,57,
scaling/n1240/first,114.201,442093568,2057781248,6.96875,0.765625,57,
scaling/n1240/first,115.222,442093568,2057781248,6.96875,0.765625,57,
scaling/n1240/first,116.242,442093568,2057781248,6.96875,0.765625,57,
scaling/n1240/first,117.261,442093568,2057781248,6.96875,0.765625,57,
scaling/n1240/first,118.282,442093568,2057781248,6.96875,0.765625,57,
scaling/n1240/first,119.29,442093568,2057781248,6.96875,0.765625,57,
scaling/n1240/first,120.303,442093568,2057781248,6.96875,0.765625,57,
scaling/n1240/first,122.448,442093568,2057781248,6.984375,0.765625,57,
scaling/n1240/first,123.464,442093568,2057781248,6.984375,0.765625,57,
scaling/n1240/first,124.472,442093568,2057781248,6.984375,0.765625,57,
scaling/n1240/first,125.489,442093568,2057781248,6.984375,0.765625,57,
scaling/n1240/first,126.508,442118144,2057981952,6.984375,0.765625,55,
scaling/n1240/first,127.542,442118144,2057981952,6.984375,0.765625,55,
scaling/n1240/first,128.561,442118144,2057981952,6.984375,0.765625,55,
scaling/n1240/first,129.577,442118144,2057981952,6.984375,0.765625,55,
scaling/n1240/first,130.6,442195968,2058059776,6.984375,0.765625,55,
scaling/n1240/first,131.612,442191872,2058059776,6.984375,0.765625,55,
scaling/n1240/first,132.62,442195968,2058059776,6.984375,0.765625,55,
scaling/n1240/first,133.643,442195968,2058059776,6.984375,0.765625,55,
scaling/n1240/first,134.654,442200064,2058059776,6.984375,0.765625,55,
scaling/n1240/first,135.671,442200064,2058059776,6.984375,0.765625,55,
scaling/n1240/first,136.694,442232832,2058088448,6.984375,0.765625,55,
scaling/n1240/first,137.705,442232832,2058088448,6.984375,0.765625,55,
scaling/n1240/first,138.716,442232832,2058088448,6.984375,0.765625,55,
scaling/n1240/first,139.727,442232832,2058088448,6.984375,0.765625,55,
scaling/n1240/first,140.735,442232832,2058088448,6.984375,0.765625,55,
scaling/n1240/first,141.748,442232832,2058088448,6.984375,0.765625,55,
scaling/n1240/first,142.758,442232832,2058088448,6.984375,0.765625,55,
scaling/n1240/first,143.772,442232832,2058088448,6.984375,0.765625,55,
scaling/n1240/first,144.794,442232832,2058088448,6.984375,0.765625,55,
scaling/n1240/first,145.818,442232832,2058088448,6.984375,0.765625,55,
scaling/n1240/first,146.843,442232832,2058088448,6.984375,0.765625,55,
scaling/n1240/first,147.862,442232832,2058088448,6.984375,0.765625,55,
scaling/n1240/first,148.878,442232832,2058088448,6.984375,0.765625,55,
scaling/n1240/first,149.891,442232832,2058088448,6.984375,0.765625,55,
scaling/n1240/first,150.922,442232832,2058088448,6.984375,0.765625,55,
scaling/n1240/first,151.935,442232832,2058088448,6.984375,0.765625,55,
scaling/n1240/first,152.949,442232832,2058088448,6.984375,0.765625,55,
scaling/n1240/first,153.965,442232832,2058088448,6.984375,0.765625,55,
scaling/n1240/first,154.981,442232832,2058088448,6.984375,0.765625,55,
scaling/n1240/first,155.994,442232832,2058088448,6.984375,0.765625,55,
scaling/n1240/first,157.004,442236928,2058088448,6.984375,0.765625,55,
scaling/n1240/first,158.019,442236928,2058088448,6.984375,0.765625,55,
scaling/n1240/first,159.048,442236928,2058088448,6.984375,0.765625,55,
scaling/n1240/first,160.07,442236928,2058088448,6.984375,0.765625,55,
scaling/n1240/first,161.097,442236928,2058088448,6.984375,0.765625,55,
scaling/n1240/first,162.109,442236928,2058088448,6.984375,0.765625,55,
scaling/n1240/first,163.125,442236928,2058088448,6.984375,0.765625,55,
scaling/n1240/first,164.137,442236928,2058088448,6.984375,0.765625,55,
scaling/n1240/first,165.149,442236928,2058088448,6.984375,0.765625,55,
scaling/n1240/first,166.173,442236928,2058088448,6.984375,0.765625,55,
scaling/n1240/first,167.2,442236928,2058088448,6.984375,0.765625,55,
scaling/n1240/first,168.213,442236928,2058088448,6.984375,0.765625,55,
scaling/n1240/first,169.226,442236928,2058088448,6.984375,0.765625,55,
scaling/n1240/first,170.241,442236928,2058088448,6.984375,0.765625,55,
scaling/n1240/first,171.254,442236928,2058088448,6.984375,0.765625,55,
scaling/n1240/first,172.262,442241024,2058088448,6.984375,0.765625,55,
scaling/n1240/first,173.272,442245120,2058088448,7.0,0.765625,55,
scaling/n1240/first,174.288,442245120,2058088448,7.0,0.765625,55,
scaling/n1240/first,175.31,442486784,2058342400,7.015625,0.765625,55,
scaling/n1240/first,176.332,442494976,2058342400,7.015625,0.765625,55,
scaling/n1240/first,177.36,442494976,2058342400,7.015625,0.765625,55,
scaling/n1240/first,178.378,442494976,2058342400,7.015625,0.765625,55,
scaling/n1240/first,179.388,442494976,2058342400,7.015625,0.765625,55,
scaling/n248/first,0.001,610516992,1946492928,7.84375,0.671875,58,
scaling/n248/first,1.017,619212800,1948426240,7.984375,0.671875,58,
scaling/n248/first,2.033,619220992,1948426240,7.984375,0.671875,58,
scaling/n248/first,3.04,619225088,1948426240,7.984375,0.671875,58,
scaling/n248/first,4.048,495448064,1823010816,7.984375,0.6875,58,
scaling/n248/first,5.056,495448064,1823010816,7.984375,0.6875,58,
scaling/n248/first,6.958,495636480,1823154176,8.0,0.6875,58,
scaling/n248/first,7.97,495636480,1823154176,8.0,0.6875,58,
scaling/n248/first,8.983,495636480,1823408128,8.0,0.6875,58,
scaling/n496/first,0.001,563372032,2171183104,7.5,0.421875,58,
scaling/n496/first,1.019,568356864,2175700992,7.78125,0.4375,58,
scaling/n496/first,2.037,568356864,2175700992,7.78125,0.4375,58,
scaling/n496/first,3.049,441221120,2055118848,7.796875,0.4375,58,
scaling/n496/first,4.063,441221120,2055118848,7.796875,0.4375,58,
scaling/n496/first,5.074,441221120,2055118848,7.796875,0.4375,58,
scaling/n496/first,7.055,441323520,2055237632,7.8125,0.4375,58,
scaling/n496/first,8.073,441323520,2055397376,7.8125,0.4375,58,
scaling/n496/first,9.087,441323520,2055397376,7.8125,0.4375,58,
scaling/n496/first,10.102,441323520,2055397376,7.8125,0.4375,58,
scaling/n496/first,11.119,441323520,2055397376,7.8125,0.4375,58,
scaling/n496/first,12.129,441323520,2055397376,7.8125,0.4375,58,
scaling/n496/first,13.14,441323520,2055397376,7.8125,0.4375,58,
scaling/n496/first,14.15,441323520,2055397376,7.8125,0.4375,58,
scaling/n496/first,15.163,441323520,2055397376,7.8125,0.4375,58,
scaling/n496/first,17.079,441356288,2055426048,7.8125,0.4375,58,
scaling/n496/first,18.088,441241600,2054664192,7.8125,0.4375,58,
scaling/n496/first,19.102,441241600,2054664192,7.8125,0.4375,58,
scaling/n496/first,20.114,441237504,2054664192,7.8125,0.4375,58,
scaling/n496/first,21.133,441241600,2054664192,7.8125,0.4375,58,
scaling/n496/first,22.142,441241600,2054664192,7.8125,0.4375,58,
scaling/n496/first,23.154,441274368,2054725632,7.8125,0.4375,60,
scaling/n496/first,24.168,441274368,2054725632,7.8125,0.4375,60,
scaling/n496/first,25.182,441274368,2054725632,7.8125,0.4375,60,
scaling/n496/first,26.194,441274368,2054725632,7.8125,0.4375,60,
scaling/n496/first,27.208,441274368,2054725632,7.8125,0.4375,60,
scaling/n496/first,28.221,441286656,2054782976,7.8125,0.4375,60,
scaling/n496/first,29.238,441286656,2054782976,7.8125,0.4375,60,
scaling/n496/first,30.261,441286656,2054782976,7.8125,0.4375,60,
scaling/n496/first,32.237,441327616,2054782976,7.8125,0.4375,60,
scaling/n496/first,33.259,441286656,2054742016,7.8125,0.4375,60,
scaling/n496/first,34.274,441290752,2054742016,7.8125,0.4375,60,
scaling/n496/first,35.287,441290752,2054742016,7.8125,0.4375,60,
scaling/n496/first,36.295,441290752,2054742016,7.8125,0.4375,60,
scaling/n496/first,37.323,474554368,2071146496,8.15625,0.46875,60,
scaling/n744/first,0.001,566980608,2194104320,5.203125,0.34375,58,
scaling/n744/first,1.015,576180224,2203398144,5.328125,0.375,58,
scaling/n744/first,2.026,576180224,2203398144,5.328125,0.375,58,
scaling/n744/first,3.035,442404864,2079539200,5.328125,0.375,58,
scaling/n744/first,4.044,442404864,2079539200,5.328125,0.375,58,
scaling/n744/first,5.056,442404864,2079539200,5.328125,0.375,58,
scaling/n744/first,6.974,442552320,2079662080,5.328125,0.375,58,
scaling/n744/first,7.988,442552320,2079784960,5.328125,0.375,58,
scaling/n744/first,8.996,442552320,2079784960,5.328125,0.375,58,
scaling/n744/first,10.006,442552320,2079784960,5.328125,0.375,58,
scaling/n744/first,11.02,442552320,2079784960,5.328125,0.375,58,
scaling/n744/first,12.028,442552320,2079784960,5.328125,0.375,58,
scaling/n744/first,13.038,442552320,2079784960,5.328125,0.375,58,
scaling/n744/first,14.054,442552320,2079784960,5.328125,0.375,58,
scaling/n744/first,15.066,442552320,2079784960,5.328125,0.375,58,
scaling/n744/first,16.907,442580992,2079809536,5.328125,0.375,58,
scaling/n744/first,17.918,442580992,2080030720,5.328125,0.375,58,
scaling/n744/first,18.927,442580992,2080030720,5.328125,0.375,58,
scaling/n744/first,19.941,442580992,2080030720,5.328125,0.375,58,
scaling/n744/first,20.957,442580992,2080030720,5.328125,0.375,58,
scaling/n744/first,21.967,442580992,2080030720,5.328125,0.375,58,
scaling/n744/first,22.993,442580992,2080030720,5.328125,0.375,58,
scaling/n744/first,24.008,442613760,2081153024,5.328125,0.375,60,
scaling/n744/first,25.027,442613760,2081153024,5.328125,0.375,60,
scaling/n744/first,26.052,442613760,2081153024,5.328125,0.375,60,
scaling/n744/first,27.062,442613760,2081153024,5.328125,0.375,60,
scaling/n744/first,28.084,442613760,2081153024,5.328125,0.375,60,
scaling/n744/first,29.1,442613760,2081153024,5.328125,0.375,60,
scaling/n744/first,30.13,442613760,2081153024,5.328125,0.375,60,
scaling/n744/first,32.057,442642432,2081181696,5.34375,0.375,60,
scaling/n744/first,33.07,442638336,2081181696,5.34375,0.375,60,
scaling/n744/first,34.082,442642432,2081181696,5.34375,0.375,60,
scaling/n744/first,35.098,442642432,2081181696,5.34375,0.375,60,
scaling/n744/first,36.109,442642432,2081181696,5.34375,0.375,60,
scaling/n744/first,37.124,442642432,2081181696,5.34375,0.375,60,
scaling/n744/first,38.148,442642432,2081181696,5.34375,0.375,60,
scaling/n744/first,39.161,442642432,2081181696,5.34375,0.375,60,
scaling/n744/first,40.172,442642432,2081210368,5.34375,0.375,60,
scaling/n744/first,41.184,442642432,2081210368,5.34375,0.375,60,
scaling/n744/first,42.21,442642432,2081210368,5.34375,0.375,60,
scaling/n744/first,43.22,442642432,2081210368,5.34375,0.375,60,
scaling/n744/first,44.232,442642432,2081210368,5.34375,0.375,60,
scaling/n744/first,45.244,442642432,2081210368,5.34375,0.375,60,
scaling/n744/first,46.259,442642432,2081210368,5.34375,0.375,60,
scaling/n744/first,47.27,442642432,2081210368,5.34375,0.375,60,
scaling/n744/first,48.281,442642432,2081210368,5.34375,0.375,60,
scaling/n744/first,49.306,442642432,2081210368,5.34375,0.375,60,
scaling/n744/first,50.318,442712064,2081296384,5.34375,0.375,60,
scaling/n744/first,51.333,442716160,2081296384,5.34375,0.375,60,
scaling/n744/first,52.343,442662912,2081202176,5.34375,0.375,57,
scaling/n744/first,53.351,442662912,2081685504,5.34375,0.375,57,
scaling/n744/first,54.362,442662912,2081685504,5.34375,0.375,57,
scaling/n744/first,55.384,442662912,2081685504,5.34375,0.375,57,
scaling/n744/first,56.398,442662912,2081685504,5.34375,0.375,57,
scaling/n744/first,57.407,442662912,2081685504,5.34375,0.375,57,
scaling/n744/first,58.427,442707968,2081714176,5.34375,0.375,57,
scaling/n744/first,59.442,442712064,2081714176,5.34375,0.375,57,
scaling/n744/first,60.466,442728448,2081714176,5.34375,0.375,57,
scaling/n744/first,62.45,442736640,2081714176,5.34375,0.375,57,
scaling/n744/first,63.461,442736640,2081714176,5.34375,0.375,57,
scaling/n744/first,64.485,442736640,2081714176,5.34375,0.375,57,
scaling/n744/first,65.506,442736640,2081714176,5.34375,0.375,57,
scaling/n744/first,66.516,442736640,2081714176,5.34375,0.375,57,
scaling/n744/first,67.54,442732544,2081714176,5.34375,0.375,57,
scaling/n744/first,68.553,442736640,2081714176,5.34375,0.375,57,
scaling/n744/first,69.565,442736640,2081714176,5.34375,0.375,57,
scaling/n744/first,70.576,442736640,2081714176,5.34375,0.375,57,
scaling/n744/first,71.6,442736640,2081714176,5.34375,0.375,57,
scaling/n744/first,72.618,442736640,2081714176,5.34375,0.375,57,
scaling/n744/first,73.637,442736640,2081714176,5.34375,0.375,57,
scaling/n744/first,74.655,457166848,2096242688,5.375,0.375,57,
scaling/n744/first,75.667,620941312,2225393664,5.8125,0.46875,57,
scaling/n992/first,0.001,570068992,2180923392,5.96875,0.453125,58,
scaling/n992/first,1.01,575307776,2184859648,6.171875,0.453125,58,
scaling/n992/first,2.036,440750080,2049507328,6.171875,0.453125,58,
scaling/n992/first,3.048,440750080,2049507328,6.171875,0.453125,58,
scaling/n992/first,4.057,440750080,2049507328,6.171875,0.453125,58,
scaling/n992/first,5.067,440750080,2049507328,6.171875,0.453125,58,
scaling/n992/first,7.046,440881152,2050187264,6.1875,0.453125,58,
scaling/n992/first,8.059,440881152,2050187264,6.1875,0.453125,58,
scaling/n992/first,9.072,440881152,2050187264,6.1875,0.453125,58,
scaling/n992/first,10.086,440881152,2050187264,6.1875,0.453125,58,
scaling/n992/first,11.099,440881152,2050187264,6.1875,0.453125,58,
scaling/n992/first,12.107,440881152,2050187264,6.1875,0.453125,58,
scaling/n992/first,13.12,440881152,2050187264,6.1875,0.453125,58,
scaling/n992/first,14.138,440881152,2050187264,6.1875,0.453125,58,
scaling/n992/first,15.147,440881152,2050187264,6.1875,0.453125,58,
scaling/n992/first,17.209,440909824,2050371584,6.1875,0.453125,58,
scaling/n992/first,18.222,440909824,2050371584,6.1875,0.453125,58,
scaling/n992/first,19.241,440909824,2050371584,6.1875,0.453125,58,
scaling/n992/first,20.26,440909824,2050371584,6.1875,0.453125,58,
scaling/n992/first,21.301,440909824,2050371584,6.1875,0.453125,58,
scaling/n992/first,22.328,440909824,2050371584,6.1875,0.453125,58,
scaling/n992/first,23.338,440942592,2051670016,6.1875,0.453125,60,
scaling/n992/first,24.349,440942592,2051670016,6.1875,0.453125,60,
scaling/n992/first,25.366,440942592,2051670016,6.1875,0.453125,60,
scaling/n992/first,26.392,440942592,2051670016,6.1875,0.453125,60,
scaling/n992/first,27.418,440942592,2051670016,6.1875,0.453125,60,
scaling/n992/first,28.441,440942592,2051670016,6.1875,0.453125,60,
scaling/n992/first,29.461,440942592,2051670016,6.1875,0.453125,60,
scaling/n992/first,30.483,440942592,2051670016,6.1875,0.453125,60,
scaling/n992/first,32.377,441004032,2051727360,6.1875,0.453125,60,
scaling/n992/first,33.4,441004032,2051727360,6.1875,0.453125,60,
scaling/n992/first,34.412,441008128,2051727360,6.1875,0.453125,60,
scaling/n992/first,35.436,441008128,2051727360,6.1875,0.453125,60,
scaling/n992/first,36.444,441008128,2051727360,6.1875,0.453125,60,
scaling/n992/first,37.455,441008128,2051727360,6.1875,0.453125,60,
scaling/n992/first,38.477,441008128,2051727360,6.1875,0.453125,60,
scaling/n992/first,39.487,441008128,2051727360,6.1875,0.453125,60,
scaling/n992/first,40.51,441008128,2051727360,6.1875,0.453125,60,
scaling/n992/first,41.531,441008128,2051727360,6.1875,0.453125,60,
scaling/n992/first,42.549,441008128,2051727360,6.1875,0.453125,60,
scaling/n992/first,43.569,441008128,2051727360,6.1875,0.453125,60,
scaling/n992/first,44.589,441008128,2051727360,6.1875,0.453125,60,
scaling/n992/first,45.604,441008128,2051727360,6.1875,0.453125,60,
scaling/n992/first,46.621,441008128,2051727360,6.1875,0.453125,60,
scaling/n992/first,47.64,441008128,2051727360,6.1875,0.453125,60,
scaling/n992/first,48.654,441008128,2051727360,6.1875,0.453125,60,
scaling/n992/first,49.669,441008128,2051727360,6.1875,0.453125,60,
scaling/n992/first,50.681,441008128,2051727360,6.1875,0.453125,60,
scaling/n992/first,51.692,440958976,2051637248,6.1875,0.453125,57,
scaling/n992/first,52.706,441057280,2052329472,6.1875,0.453125,57,
scaling/n992/first,53.718,441057280,2052329472,6.1875,0.453125,57,
scaling/n992/first,54.726,441057280,2052329472,6.1875,0.453125,57,
scaling/n992/first,55.735,441057280,2052329472,6.1875,0.453125,57,
scaling/n992/first,56.744,441061376,2052521984,6.1875,0.453125,57,
scaling/n992/first,57.766,441061376,2052521984,6.1875,0.453125,57,
scaling/n992/first,58.78,441073664,2052521984,6.1875,0.453125,57,
scaling/n992/first,59.787,441073664,2052521984,6.1875,0.453125,57,
scaling/n992/first,60.796,441073664,2052521984,6.1875,0.453125,57,
scaling/n992/first,62.768,441073664,2052521984,6.203125,0.453125,57,
scaling/n992/first,63.782,441069568,2052521984,6.203125,0.453125,57,
scaling/n992/first,64.797,441073664,2052521984,6.203125,0.453125,57,
scaling/n992/first,65.82,441073664,2052521984,6.203125,0.453125,57,
scaling/n992/first,66.831,441073664,2052521984,6.203125,0.453125,57,
scaling/n992/first,67.849,441073664,2052521984,6.203125,0.453125,57,
scaling/n992/first,68.861,441073664,2052521984,6.203125,0.453125,57,
scaling/n992/first,69.871,441073664,2052521984,6.203125,0.453125,57,
scaling/n992/first,70.882,441073664,2052521984,6.203125,0.453125,57,
scaling/n992/first,71.891,441073664,2052521984,6.203125,0.453125,57,
scaling/n992/first,72.906,441073664,2052521984,6.203125,0.453125,57,
scaling/n992/first,73.92,441073664,2052521984,6.203125,0.453125,57,
scaling/n992/first,74.935,441073664,2052521984,6.203125,0.453125,57,
scaling/n992/first,75.946,441073664,2052521984,6.203125,0.453125,57,
scaling/n992/first,76.97,441073664,2052521984,6.203125,0.453125,57,
scaling/n992/first,77.981,441073664,2052521984,6.203125,0.453125,57,
scaling/n992/first,79.003,441135104,2052579328,6.203125,0.453125,57,
scaling/n992/first,80.019,441163776,2052608000,6.203125,0.453125,57,
scaling/n992/first,81.028,441163776,2052608000,6.203125,0.453125,57,
scaling/n992/first,82.041,441163776,2052608000,6.203125,0.453125,57,
scaling/n992/first,83.053,441409536,2052861952,6.203125,0.453125,57,
scaling/n992/first,84.067,441409536,2052861952,6.203125,0.453125,57,
scaling/n992/first,85.092,441430016,2052870144,6.203125,0.453125,57,
scaling/n992/first,86.112,441430016,2052870144,6.203125,0.453125,57,
scaling/n992/first,87.121,441430016,2052870144,6.203125,0.453125,57,
scaling/n992/first,88.139,441430016,2052931584,6.203125,0.453125,57,
scaling/n992/first,89.148,441430016,2052931584,6.203125,0.453125,57,
scaling/n992/first,90.164,441430016,2052931584,6.203125,0.453125,57,
scaling/n992/first,91.179,441430016,2052931584,6.203125,0.453125,57,
scaling/n992/first,92.193,441430016,2052931584,6.203125,0.453125,57,
scaling/n992/first,93.209,441430016,2052931584,6.203125,0.453125,57,
scaling/n992/first,94.223,441430016,2052931584,6.203125,0.453125,57,
scaling/n992/first,95.234,441430016,2052931584,6.203125,0.453125,57,
scaling/n992/first,96.248,441438208,2052931584,6.203125,0.453125,57,
scaling/n992/first,97.264,441434112,2052931584,6.203125,0.453125,57,
scaling/n992/first,98.282,441438208,2052931584,6.203125,0.453125,57,
scaling/n992/first,99.293,441438208,2052931584,6.203125,0.453125,57,
scaling/n992/first,100.308,441438208,2052931584,6.203125,0.453125,57,
scaling/n992/first,101.324,441442304,2052931584,6.203125,0.453125,57,
scaling/n992/first,102.333,441442304,2052931584,6.203125,0.453125,57,
scaling/n992/first,103.345,441442304,2052931584,6.203125,0.453125,57,
scaling/n992/first,104.368,441442304,2052931584,6.203125,0.453125,57,
scaling/n992/first,105.378,441442304,2052931584,6.203125,0.453125,57,
scaling/n992/first,106.39,441442304,2052931584,6.203125,0.453125,57,
scaling/n992/first,107.407,441442304,2052931584,6.203125,0.453125,57,
scaling/n992/first,108.429,441442304,2052931584,6.203125,0.453125,57,
scaling/n992/first,109.444,441442304,2052931584,6.203125,0.453125,57,
scaling/n992/first,110.456,441442304,2052931584,6.203125,0.453125,57,
scaling/n992/first,111.465,441442304,2052931584,6.203125,0.453125,57,
scaling/n992/first,112.481,441442304,2052931584,6.203125,0.453125,57,
scaling/n992/first,113.493,441442304,2052931584,6.203125,0.453125,57,
scaling/n992/first,114.504,441442304,2052931584,6.203125,0.453125,57,
scaling/n992/first,115.521,441442304,2052931584,6.203125,0.453125,57,
scaling/n992/first,116.535,441442304,2052931584,6.203125,0.453125,57,
scaling/n992/first,117.549,441442304,2052931584,6.203125,0.453125,57,
scaling/n992/first,118.562,441442304,2052931584,6.203125,0.453125,57,
scaling/n992/first,119.58,441442304,2052931584,6.203125,0.453125,57,
scaling/n992/first,120.593,441442304,2052931584,6.203125,0.453125,57,
scaling/n992/first,122.357,441442304,2052931584,6.21875,0.453125,57,
scaling/n992/first,123.367,441442304,2052931584,6.21875,0.453125,57,
scaling/n992/first,124.378,441442304,2052931584,6.21875,0.453125,57,
scaling/n992/first,125.394,441413632,2052870144,6.21875,0.453125,55,
scaling/n992/first,126.407,441454592,2053132288,6.21875,0.453125,55,
scaling/n992/first,127.421,441454592,2053132288,6.21875,0.453125,55,
scaling/n992/first,128.434,441458688,2053132288,6.21875,0.453125,55,
scaling/n992/first,129.446,441458688,2053132288,6.21875,0.453125,55,
scaling/n992/first,130.459,441458688,2053132288,6.21875,0.453125,55,
scaling/n992/first,131.468,441458688,2053132288,6.21875,0.453125,55,
scaling/n992/first,132.48,441458688,2053132288,6.21875,0.453125,55,
scaling/n992/first,133.507,441458688,2053132288,6.21875,0.453125,55,
scaling/n992/first,134.519,441458688,2053132288,6.21875,0.453125,55,
scaling/n992/first,135.529,610926592,2162302976,6.59375,0.5625,55,
