scenario,elapsedSeconds,activeConnections,queryConnections,states,error
fresh-s2/D01-gate-first,0.001,1,0,Sleep::,
fresh-s2/D01-gate-first,1.016,1,1,"Query:executing:SELECT d.*, r.result_hash AS run_result_hash, b.output_hash AS batch_output_hash
        FROM em_prediction_display d
        LEFT JOIN em_prediction_run r ON r",
fresh-s2/D01-gate-first,2.03,1,1,"Query:executing:SELECT d.*, r.result_hash AS run_result_hash, b.output_hash AS batch_output_hash
        FROM em_prediction_display d
        LEFT JOIN em_prediction_run r ON r",
fresh-s2/D01-gate-first,3.045,1,1,"Query:executing:SELECT d.*, r.result_hash AS run_result_hash, b.output_hash AS batch_output_hash
        FROM em_prediction_display d
        LEFT JOIN em_prediction_run r ON r",
fresh-s2/D01-gate-first,4.058,1,1,"Query:executing:SELECT d.*, r.result_hash AS run_result_hash, b.output_hash AS batch_output_hash
        FROM em_prediction_display d
        LEFT JOIN em_prediction_run r ON r",
fresh-s2/D01-gate-first,5.076,1,1,"Query:executing:SELECT d.*, r.result_hash AS run_result_hash, b.output_hash AS batch_output_hash
        FROM em_prediction_display d
        LEFT JOIN em_prediction_run r ON r",
fresh-s2/D01-gate-first,7.445,1,1,"Query:executing:SELECT d.*, r.result_hash AS run_result_hash, b.output_hash AS batch_output_hash
        FROM em_prediction_display d
        LEFT JOIN em_prediction_run r ON r",
fresh-s2/D01-gate-first,8.453,1,1,"Query:executing:SELECT d.*, r.result_hash AS run_result_hash, b.output_hash AS batch_output_hash
        FROM em_prediction_display d
        LEFT JOIN em_prediction_run r ON r",
fresh-s2/D01-gate-first,9.471,1,1,"Query:executing:SELECT d.*, r.result_hash AS run_result_hash, b.output_hash AS batch_output_hash
        FROM em_prediction_display d
        LEFT JOIN em_prediction_run r ON r",
fresh-s2/D01-gate-first,10.483,1,1,"Query:executing:SELECT d.*, r.result_hash AS run_result_hash, b.output_hash AS batch_output_hash
        FROM em_prediction_display d
        LEFT JOIN em_prediction_run r ON r",
fresh-s2/D01-gate-first,11.503,1,1,"Query:executing:SELECT d.*, r.result_hash AS run_result_hash, b.output_hash AS batch_output_hash
        FROM em_prediction_display d
        LEFT JOIN em_prediction_run r ON r",
fresh-s2/D01-gate-first,12.517,1,1,"Query:executing:SELECT d.*, r.result_hash AS run_result_hash, b.output_hash AS batch_output_hash
        FROM em_prediction_display d
        LEFT JOIN em_prediction_run r ON r",
fresh-s2/D01-gate-first,13.538,1,1,"Query:executing:SELECT d.*, r.result_hash AS run_result_hash, b.output_hash AS batch_output_hash
        FROM em_prediction_display d
        LEFT JOIN em_prediction_run r ON r",
fresh-s2/D01-gate-first,14.556,1,1,"Query:executing:SELECT d.*, r.result_hash AS run_result_hash, b.output_hash AS batch_output_hash
        FROM em_prediction_display d
        LEFT JOIN em_prediction_run r ON r",
fresh-s2/D01-gate-first,15.571,1,1,"Query:executing:SELECT d.*, r.result_hash AS run_result_hash, b.output_hash AS batch_output_hash
        FROM em_prediction_display d
        LEFT JOIN em_prediction_run r ON r",
fresh-s2/D01-gate-first,17.495,1,1,"Query:executing:SELECT d.*, r.result_hash AS run_result_hash, b.output_hash AS batch_output_hash
        FROM em_prediction_display d
        LEFT JOIN em_prediction_run r ON r",
fresh-s2/D01-gate-first,18.507,1,1,"Query:executing:SELECT d.*, r.result_hash AS run_result_hash, b.output_hash AS batch_output_hash
        FROM em_prediction_display d
        LEFT JOIN em_prediction_run r ON r",
fresh-s2/D01-gate-first,19.517,1,1,"Query:executing:SELECT d.*, r.result_hash AS run_result_hash, b.output_hash AS batch_output_hash
        FROM em_prediction_display d
        LEFT JOIN em_prediction_run r ON r",
fresh-s2/D01-gate-first,20.531,1,1,"Query:executing:SELECT d.*, r.result_hash AS run_result_hash, b.output_hash AS batch_output_hash
        FROM em_prediction_display d
        LEFT JOIN em_prediction_run r ON r",
fresh-s2/D01-gate-first,21.539,1,1,"Query:executing:SELECT d.*, r.result_hash AS run_result_hash, b.output_hash AS batch_output_hash
        FROM em_prediction_display d
        LEFT JOIN em_prediction_run r ON r",
fresh-s2/D01-gate-first,22.56,1,1,"Query:executing:SELECT d.*, r.result_hash AS run_result_hash, b.output_hash AS batch_output_hash
        FROM em_prediction_display d
        LEFT JOIN em_prediction_run r ON r",
fresh-s2/D01-gate-first,23.582,1,1,"Query:executing:SELECT d.*, r.result_hash AS run_result_hash, b.output_hash AS batch_output_hash
        FROM em_prediction_display d
        LEFT JOIN em_prediction_run r ON r",
fresh-s2/D01-gate-first,24.6,1,1,"Query:executing:SELECT d.*, r.result_hash AS run_result_hash, b.output_hash AS batch_output_hash
        FROM em_prediction_display d
        LEFT JOIN em_prediction_run r ON r",
fresh-s2/D01-gate-first,25.621,1,1,"Query:executing:SELECT d.*, r.result_hash AS run_result_hash, b.output_hash AS batch_output_hash
        FROM em_prediction_display d
        LEFT JOIN em_prediction_run r ON r",
fresh-s2/D01-gate-first,26.642,1,1,"Query:executing:SELECT d.*, r.result_hash AS run_result_hash, b.output_hash AS batch_output_hash
        FROM em_prediction_display d
        LEFT JOIN em_prediction_run r ON r",
fresh-s2/D01-gate-first,27.651,1,1,"Query:executing:SELECT d.*, r.result_hash AS run_result_hash, b.output_hash AS batch_output_hash
        FROM em_prediction_display d
        LEFT JOIN em_prediction_run r ON r",
fresh-s2/D01-gate-first,28.665,1,1,"Query:executing:SELECT d.*, r.result_hash AS run_result_hash, b.output_hash AS batch_output_hash
        FROM em_prediction_display d
        LEFT JOIN em_prediction_run r ON r",
fresh-s2/D01-gate-first,29.684,1,1,"Query:executing:SELECT d.*, r.result_hash AS run_result_hash, b.output_hash AS batch_output_hash
        FROM em_prediction_display d
        LEFT JOIN em_prediction_run r ON r",
fresh-s2/D01-gate-first,30.698,1,1,"Query:executing:SELECT d.*, r.result_hash AS run_result_hash, b.output_hash AS batch_output_hash
        FROM em_prediction_display d
        LEFT JOIN em_prediction_run r ON r",
fresh-s2/D01-gate-first,32.545,1,1,"Query:executing:SELECT d.*, r.result_hash AS run_result_hash, b.output_hash AS batch_output_hash
        FROM em_prediction_display d
        LEFT JOIN em_prediction_run r ON r",
fresh-s2/D01-gate-first,33.556,1,1,"Query:executing:SELECT d.*, r.result_hash AS run_result_hash, b.output_hash AS batch_output_hash
        FROM em_prediction_display d
        LEFT JOIN em_prediction_run r ON r",
fresh-s2/D01-gate-first,34.571,1,1,"Query:executing:SELECT d.*, r.result_hash AS run_result_hash, b.output_hash AS batch_output_hash
        FROM em_prediction_display d
        LEFT JOIN em_prediction_run r ON r",
fresh-s2/D01-gate-first,35.586,1,1,"Query:executing:SELECT d.*, r.result_hash AS run_result_hash, b.output_hash AS batch_output_hash
        FROM em_prediction_display d
        LEFT JOIN em_prediction_run r ON r",
fresh-s2/D01-gate-first,36.601,1,1,"Query:executing:SELECT d.*, r.result_hash AS run_result_hash, b.output_hash AS batch_output_hash
        FROM em_prediction_display d
        LEFT JOIN em_prediction_run r ON r",
fresh-s2/D01-gate-first,37.614,1,1,"Query:executing:SELECT d.*, r.result_hash AS run_result_hash, b.output_hash AS batch_output_hash
        FROM em_prediction_display d
        LEFT JOIN em_prediction_run r ON r",
fresh-s2/D01-gate-first,38.632,1,1,"Query:executing:SELECT d.*, r.result_hash AS run_result_hash, b.output_hash AS batch_output_hash
        FROM em_prediction_display d
        LEFT JOIN em_prediction_run r ON r",
fresh-s2/D01-gate-first,39.644,1,1,"Query:executing:SELECT d.*, r.result_hash AS run_result_hash, b.output_hash AS batch_output_hash
        FROM em_prediction_display d
        LEFT JOIN em_prediction_run r ON r",
fresh-s2/D01-gate-first,40.666,1,1,"Query:executing:SELECT d.*, r.result_hash AS run_result_hash, b.output_hash AS batch_output_hash
        FROM em_prediction_display d
        LEFT JOIN em_prediction_run r ON r",
fresh-s2/D01-gate-first,41.686,1,1,"Query:executing:SELECT d.*, r.result_hash AS run_result_hash, b.output_hash AS batch_output_hash
        FROM em_prediction_display d
        LEFT JOIN em_prediction_run r ON r",
fresh-s2/D01-gate-first,42.703,1,1,"Query:executing:SELECT d.*, r.result_hash AS run_result_hash, b.output_hash AS batch_output_hash
        FROM em_prediction_display d
        LEFT JOIN em_prediction_run r ON r",
fresh-s2/D01-gate-first,43.712,1,1,"Query:executing:SELECT d.*, r.result_hash AS run_result_hash, b.output_hash AS batch_output_hash
        FROM em_prediction_display d
        LEFT JOIN em_prediction_run r ON r",
fresh-s2/D01-gate-first,44.725,1,1,"Query:executing:SELECT d.*, r.result_hash AS run_result_hash, b.output_hash AS batch_output_hash
        FROM em_prediction_display d
        LEFT JOIN em_prediction_run r ON r",
fresh-s2/D01-gate-first,45.741,1,1,"Query:executing:SELECT d.*, r.result_hash AS run_result_hash, b.output_hash AS batch_output_hash
        FROM em_prediction_display d
        LEFT JOIN em_prediction_run r ON r",
fresh-s2/D01-gate-first,46.755,1,1,"Query:executing:SELECT d.*, r.result_hash AS run_result_hash, b.output_hash AS batch_output_hash
        FROM em_prediction_display d
        LEFT JOIN em_prediction_run r ON r",
fresh-s2/D01-gate-first,47.767,1,1,"Query:executing:SELECT d.*, r.result_hash AS run_result_hash, b.output_hash AS batch_output_hash
        FROM em_prediction_display d
        LEFT JOIN em_prediction_run r ON r",
fresh-s2/D01-gate-first,48.778,1,1,"Query:executing:SELECT d.*, r.result_hash AS run_result_hash, b.output_hash AS batch_output_hash
        FROM em_prediction_display d
        LEFT JOIN em_prediction_run r ON r",
fresh-s2/D01-gate-first,49.793,1,1,"Query:executing:SELECT d.*, r.result_hash AS run_result_hash, b.output_hash AS batch_output_hash
        FROM em_prediction_display d
        LEFT JOIN em_prediction_run r ON r",
fresh-s2/D01-gate-first,50.807,1,1,"Query:executing:SELECT d.*, r.result_hash AS run_result_hash, b.output_hash AS batch_output_hash
        FROM em_prediction_display d
        LEFT JOIN em_prediction_run r ON r",
fresh-s2/D01-gate-first,51.822,1,1,"Query:executing:SELECT d.*, r.result_hash AS run_result_hash, b.output_hash AS batch_output_hash
        FROM em_prediction_display d
        LEFT JOIN em_prediction_run r ON r",
fresh-s2/D01-gate-first,52.842,1,1,"Query:executing:SELECT d.*, r.result_hash AS run_result_hash, b.output_hash AS batch_output_hash
        FROM em_prediction_display d
        LEFT JOIN em_prediction_run r ON r",
fresh-s2/D01-gate-first,53.855,1,1,"Query:executing:SELECT d.*, r.result_hash AS run_result_hash, b.output_hash AS batch_output_hash
        FROM em_prediction_display d
        LEFT JOIN em_prediction_run r ON r",
fresh-s2/D01-gate-first,54.874,1,1,"Query:executing:SELECT d.*, r.result_hash AS run_result_hash, b.output_hash AS batch_output_hash
        FROM em_prediction_display d
        LEFT JOIN em_prediction_run r ON r",
fresh-s2/D01-gate-first,55.895,1,1,"Query:executing:SELECT d.*, r.result_hash AS run_result_hash, b.output_hash AS batch_output_hash
        FROM em_prediction_display d
        LEFT JOIN em_prediction_run r ON r",
fresh-s2/D01-gate-first,56.904,1,1,"Query:executing:SELECT d.*, r.result_hash AS run_result_hash, b.output_hash AS batch_output_hash
        FROM em_prediction_display d
        LEFT JOIN em_prediction_run r ON r",
fresh-s2/D01-gate-first,57.923,1,1,"Query:executing:SELECT d.*, r.result_hash AS run_result_hash, b.output_hash AS batch_output_hash
        FROM em_prediction_display d
        LEFT JOIN em_prediction_run r ON r",
fresh-s2/D01-gate-first,58.941,1,1,"Query:executing:SELECT d.*, r.result_hash AS run_result_hash, b.output_hash AS batch_output_hash
        FROM em_prediction_display d
        LEFT JOIN em_prediction_run r ON r",
fresh-s2/D01-gate-first,59.963,1,1,"Query:executing:SELECT d.*, r.result_hash AS run_result_hash, b.output_hash AS batch_output_hash
        FROM em_prediction_display d
        LEFT JOIN em_prediction_run r ON r",
fresh-s2/D01-gate-first,60.983,1,1,"Query:executing:SELECT d.*, r.result_hash AS run_result_hash, b.output_hash AS batch_output_hash
        FROM em_prediction_display d
        LEFT JOIN em_prediction_run r ON r",
fresh-s2/D01-gate-first,63.177,1,1,"Query:executing:SELECT d.*, r.result_hash AS run_result_hash, b.output_hash AS batch_output_hash
        FROM em_prediction_display d
        LEFT JOIN em_prediction_run r ON r",
fresh-s2/D01-gate-first,64.197,1,1,"Query:executing:SELECT d.*, r.result_hash AS run_result_hash, b.output_hash AS batch_output_hash
        FROM em_prediction_display d
        LEFT JOIN em_prediction_run r ON r",
fresh-s2/D01-gate-first,65.215,1,1,"Query:executing:SELECT d.*, r.result_hash AS run_result_hash, b.output_hash AS batch_output_hash
        FROM em_prediction_display d
        LEFT JOIN em_prediction_run r ON r",
fresh-s2/D01-gate-first,66.23,1,1,"Query:executing:SELECT d.*, r.result_hash AS run_result_hash, b.output_hash AS batch_output_hash
        FROM em_prediction_display d
        LEFT JOIN em_prediction_run r ON r",
fresh-s2/D01-gate-first,67.25,1,1,"Query:executing:SELECT d.*, r.result_hash AS run_result_hash, b.output_hash AS batch_output_hash
        FROM em_prediction_display d
        LEFT JOIN em_prediction_run r ON r",
fresh-s2/D01-gate-first,68.279,1,1,"Query:executing:SELECT d.*, r.result_hash AS run_result_hash, b.output_hash AS batch_output_hash
        FROM em_prediction_display d
        LEFT JOIN em_prediction_run r ON r",
fresh-s2/D01-gate-first,69.3,1,1,"Query:executing:SELECT d.*, r.result_hash AS run_result_hash, b.output_hash AS batch_output_hash
        FROM em_prediction_display d
        LEFT JOIN em_prediction_run r ON r",
fresh-s2/D01-gate-first,70.318,1,1,"Query:executing:SELECT d.*, r.result_hash AS run_result_hash, b.output_hash AS batch_output_hash
        FROM em_prediction_display d
        LEFT JOIN em_prediction_run r ON r",
fresh-s2/D01-gate-first,71.339,1,1,"Query:executing:SELECT d.*, r.result_hash AS run_result_hash, b.output_hash AS batch_output_hash
        FROM em_prediction_display d
        LEFT JOIN em_prediction_run r ON r",
fresh-s2/D01-gate-first,72.357,1,1,"Query:executing:SELECT d.*, r.result_hash AS run_result_hash, b.output_hash AS batch_output_hash
        FROM em_prediction_display d
        LEFT JOIN em_prediction_run r ON r",
fresh-s2/D01-gate-first,73.377,1,1,"Query:executing:SELECT d.*, r.result_hash AS run_result_hash, b.output_hash AS batch_output_hash
        FROM em_prediction_display d
        LEFT JOIN em_prediction_run r ON r",
fresh-s2/D01-gate-first,74.39,1,1,"Query:executing:SELECT d.*, r.result_hash AS run_result_hash, b.output_hash AS batch_output_hash
        FROM em_prediction_display d
        LEFT JOIN em_prediction_run r ON r",
fresh-s2/D01-gate-first,75.414,1,1,"Query:executing:SELECT d.*, r.result_hash AS run_result_hash, b.output_hash AS batch_output_hash
        FROM em_prediction_display d
        LEFT JOIN em_prediction_run r ON r",
fresh-s2/D01-gate-first,76.437,1,1,"Query:executing:SELECT d.*, r.result_hash AS run_result_hash, b.output_hash AS batch_output_hash
        FROM em_prediction_display d
        LEFT JOIN em_prediction_run r ON r",
fresh-s2/D01-gate-first,77.448,1,1,"Query:executing:SELECT d.*, r.result_hash AS run_result_hash, b.output_hash AS batch_output_hash
        FROM em_prediction_display d
        LEFT JOIN em_prediction_run r ON r",
fresh-s2/D01-gate-first,78.464,1,1,"Query:executing:SELECT d.*, r.result_hash AS run_result_hash, b.output_hash AS batch_output_hash
        FROM em_prediction_display d
        LEFT JOIN em_prediction_run r ON r",
fresh-s2/D01-gate-first,79.48,1,1,"Query:executing:SELECT d.*, r.result_hash AS run_result_hash, b.output_hash AS batch_output_hash
        FROM em_prediction_display d
        LEFT JOIN em_prediction_run r ON r",
fresh-s2/D01-gate-first,80.499,1,1,"Query:executing:SELECT d.*, r.result_hash AS run_result_hash, b.output_hash AS batch_output_hash
        FROM em_prediction_display d
        LEFT JOIN em_prediction_run r ON r",
fresh-s2/D01-gate-first,81.51,1,1,"Query:executing:SELECT d.*, r.result_hash AS run_result_hash, b.output_hash AS batch_output_hash
        FROM em_prediction_display d
        LEFT JOIN em_prediction_run r ON r",
fresh-s2/D01-gate-first,82.527,1,1,"Query:executing:SELECT d.*, r.result_hash AS run_result_hash, b.output_hash AS batch_output_hash
        FROM em_prediction_display d
        LEFT JOIN em_prediction_run r ON r",
fresh-s2/D01-gate-first,83.542,1,1,"Query:executing:SELECT d.*, r.result_hash AS run_result_hash, b.output_hash AS batch_output_hash
        FROM em_prediction_display d
        LEFT JOIN em_prediction_run r ON r",
fresh-s2/D01-gate-first,84.556,1,1,"Query:executing:SELECT d.*, r.result_hash AS run_result_hash, b.output_hash AS batch_output_hash
        FROM em_prediction_display d
        LEFT JOIN em_prediction_run r ON r",
fresh-s2/D01-gate-first,85.578,1,1,"Query:executing:SELECT d.*, r.result_hash AS run_result_hash, b.output_hash AS batch_output_hash
        FROM em_prediction_display d
        LEFT JOIN em_prediction_run r ON r",
fresh-s2/D01-gate-first,86.606,1,1,"Query:executing:SELECT d.*, r.result_hash AS run_result_hash, b.output_hash AS batch_output_hash
        FROM em_prediction_display d
        LEFT JOIN em_prediction_run r ON r",
fresh-s2/D01-gate-first,87.622,1,1,"Query:executing:SELECT d.*, r.result_hash AS run_result_hash, b.output_hash AS batch_output_hash
        FROM em_prediction_display d
        LEFT JOIN em_prediction_run r ON r",
fresh-s2/D01-gate-first,88.652,1,1,"Query:executing:SELECT d.*, r.result_hash AS run_result_hash, b.output_hash AS batch_output_hash
        FROM em_prediction_display d
        LEFT JOIN em_prediction_run r ON r",
fresh-s2/D01-gate-first,89.665,1,1,"Query:executing:SELECT d.*, r.result_hash AS run_result_hash, b.output_hash AS batch_output_hash
        FROM em_prediction_display d
        LEFT JOIN em_prediction_run r ON r",
fresh-s2/D01-gate-first,90.676,1,1,"Query:executing:SELECT d.*, r.result_hash AS run_result_hash, b.output_hash AS batch_output_hash
        FROM em_prediction_display d
        LEFT JOIN em_prediction_run r ON r",
fresh-s2/D01-gate-first,91.686,1,1,"Query:executing:SELECT d.*, r.result_hash AS run_result_hash, b.output_hash AS batch_output_hash
        FROM em_prediction_display d
        LEFT JOIN em_prediction_run r ON r",
fresh-s2/D01-gate-first,92.702,1,1,"Query:executing:SELECT d.*, r.result_hash AS run_result_hash, b.output_hash AS batch_output_hash
        FROM em_prediction_display d
        LEFT JOIN em_prediction_run r ON r",
fresh-s2/D01-gate-first,93.715,1,1,"Query:executing:SELECT d.*, r.result_hash AS run_result_hash, b.output_hash AS batch_output_hash
        FROM em_prediction_display d
        LEFT JOIN em_prediction_run r ON r",
fresh-s2/D01-gate-first,94.731,1,1,"Query:executing:SELECT d.*, r.result_hash AS run_result_hash, b.output_hash AS batch_output_hash
        FROM em_prediction_display d
        LEFT JOIN em_prediction_run r ON r",
fresh-s2/D01-gate-first,95.754,1,1,"Query:executing:SELECT d.*, r.result_hash AS run_result_hash, b.output_hash AS batch_output_hash
        FROM em_prediction_display d
        LEFT JOIN em_prediction_run r ON r",
fresh-s2/D01-gate-first,96.762,1,1,"Query:executing:SELECT d.*, r.result_hash AS run_result_hash, b.output_hash AS batch_output_hash
        FROM em_prediction_display d
        LEFT JOIN em_prediction_run r ON r",
fresh-s2/D01-gate-first,97.775,1,1,"Query:executing:SELECT d.*, r.result_hash AS run_result_hash, b.output_hash AS batch_output_hash
        FROM em_prediction_display d
        LEFT JOIN em_prediction_run r ON r",
fresh-s2/D01-gate-first,98.789,1,1,"Query:executing:SELECT d.*, r.result_hash AS run_result_hash, b.output_hash AS batch_output_hash
        FROM em_prediction_display d
        LEFT JOIN em_prediction_run r ON r",
fresh-s2/D01-gate-first,99.804,1,1,"Query:executing:SELECT d.*, r.result_hash AS run_result_hash, b.output_hash AS batch_output_hash
        FROM em_prediction_display d
        LEFT JOIN em_prediction_run r ON r",
fresh-s2/D01-gate-first,100.818,1,1,"Query:executing:SELECT d.*, r.result_hash AS run_result_hash, b.output_hash AS batch_output_hash
        FROM em_prediction_display d
        LEFT JOIN em_prediction_run r ON r",
fresh-s2/D01-gate-first,101.831,1,1,"Query:executing:SELECT d.*, r.result_hash AS run_result_hash, b.output_hash AS batch_output_hash
        FROM em_prediction_display d
        LEFT JOIN em_prediction_run r ON r",
fresh-s2/D01-gate-first,102.846,1,1,"Query:executing:SELECT d.*, r.result_hash AS run_result_hash, b.output_hash AS batch_output_hash
        FROM em_prediction_display d
        LEFT JOIN em_prediction_run r ON r",
fresh-s2/D01-gate-first,103.859,1,1,"Query:executing:SELECT d.*, r.result_hash AS run_result_hash, b.output_hash AS batch_output_hash
        FROM em_prediction_display d
        LEFT JOIN em_prediction_run r ON r",
fresh-s2/D01-gate-first,104.871,1,1,"Query:executing:SELECT d.*, r.result_hash AS run_result_hash, b.output_hash AS batch_output_hash
        FROM em_prediction_display d
        LEFT JOIN em_prediction_run r ON r",
fresh-s2/D01-gate-first,105.885,1,1,"Query:executing:SELECT d.*, r.result_hash AS run_result_hash, b.output_hash AS batch_output_hash
        FROM em_prediction_display d
        LEFT JOIN em_prediction_run r ON r",
fresh-s2/D01-gate-first,106.905,1,1,"Query:executing:SELECT d.*, r.result_hash AS run_result_hash, b.output_hash AS batch_output_hash
        FROM em_prediction_display d
        LEFT JOIN em_prediction_run r ON r",
fresh-s2/D01-gate-first,107.934,1,1,"Query:executing:SELECT d.*, r.result_hash AS run_result_hash, b.output_hash AS batch_output_hash
        FROM em_prediction_display d
        LEFT JOIN em_prediction_run r ON r",
fresh-s2/D01-gate-first,108.948,1,1,"Query:executing:SELECT d.*, r.result_hash AS run_result_hash, b.output_hash AS batch_output_hash
        FROM em_prediction_display d
        LEFT JOIN em_prediction_run r ON r",
fresh-s2/D01-gate-first,109.963,1,1,"Query:executing:SELECT d.*, r.result_hash AS run_result_hash, b.output_hash AS batch_output_hash
        FROM em_prediction_display d
        LEFT JOIN em_prediction_run r ON r",
fresh-s2/D01-gate-first,110.976,1,1,"Query:executing:SELECT d.*, r.result_hash AS run_result_hash, b.output_hash AS batch_output_hash
        FROM em_prediction_display d
        LEFT JOIN em_prediction_run r ON r",
fresh-s2/D01-gate-first,111.988,1,1,"Query:executing:SELECT d.*, r.result_hash AS run_result_hash, b.output_hash AS batch_output_hash
        FROM em_prediction_display d
        LEFT JOIN em_prediction_run r ON r",
fresh-s2/D01-gate-first,113.0,1,1,"Query:executing:SELECT d.*, r.result_hash AS run_result_hash, b.output_hash AS batch_output_hash
        FROM em_prediction_display d
        LEFT JOIN em_prediction_run r ON r",
fresh-s2/D01-gate-first,114.016,1,1,"Query:executing:SELECT d.*, r.result_hash AS run_result_hash, b.output_hash AS batch_output_hash
        FROM em_prediction_display d
        LEFT JOIN em_prediction_run r ON r",
fresh-s2/D01-gate-first,115.043,1,1,"Query:executing:SELECT d.*, r.result_hash AS run_result_hash, b.output_hash AS batch_output_hash
        FROM em_prediction_display d
        LEFT JOIN em_prediction_run r ON r",
fresh-s2/D01-gate-first,116.056,1,1,"Query:executing:SELECT d.*, r.result_hash AS run_result_hash, b.output_hash AS batch_output_hash
        FROM em_prediction_display d
        LEFT JOIN em_prediction_run r ON r",
fresh-s2/D01-gate-first,117.077,1,1,"Query:executing:SELECT d.*, r.result_hash AS run_result_hash, b.output_hash AS batch_output_hash
        FROM em_prediction_display d
        LEFT JOIN em_prediction_run r ON r",
fresh-s2/D01-gate-first,118.103,1,1,"Query:executing:SELECT d.*, r.result_hash AS run_result_hash, b.output_hash AS batch_output_hash
        FROM em_prediction_display d
        LEFT JOIN em_prediction_run r ON r",
fresh-s2/D01-gate-first,119.118,1,1,"Query:executing:SELECT d.*, r.result_hash AS run_result_hash, b.output_hash AS batch_output_hash
        FROM em_prediction_display d
        LEFT JOIN em_prediction_run r ON r",
fresh-s2/D01-gate-first,120.146,1,1,"Query:executing:SELECT d.*, r.result_hash AS run_result_hash, b.output_hash AS batch_output_hash
        FROM em_prediction_display d
        LEFT JOIN em_prediction_run r ON r",
fresh-s2/D01-gate-first,122.377,1,1,"Query:executing:SELECT d.*, r.result_hash AS run_result_hash, b.output_hash AS batch_output_hash
        FROM em_prediction_display d
        LEFT JOIN em_prediction_run r ON r",
fresh-s2/D01-gate-first,123.4,1,1,"Query:executing:SELECT d.*, r.result_hash AS run_result_hash, b.output_hash AS batch_output_hash
        FROM em_prediction_display d
        LEFT JOIN em_prediction_run r ON r",
fresh-s2/D01-gate-first,124.422,1,1,"Query:executing:SELECT d.*, r.result_hash AS run_result_hash, b.output_hash AS batch_output_hash
        FROM em_prediction_display d
        LEFT JOIN em_prediction_run r ON r",
fresh-s2/D01-gate-first,125.444,1,1,"Query:executing:SELECT d.*, r.result_hash AS run_result_hash, b.output_hash AS batch_output_hash
        FROM em_prediction_display d
        LEFT JOIN em_prediction_run r ON r",
fresh-s2/D01-gate-first,126.461,1,1,"Query:executing:SELECT d.*, r.result_hash AS run_result_hash, b.output_hash AS batch_output_hash
        FROM em_prediction_display d
        LEFT JOIN em_prediction_run r ON r",
fresh-s2/D01-gate-first,127.477,1,1,"Query:executing:SELECT d.*, r.result_hash AS run_result_hash, b.output_hash AS batch_output_hash
        FROM em_prediction_display d
        LEFT JOIN em_prediction_run r ON r",
fresh-s2/D01-gate-first,128.491,1,1,"Query:executing:SELECT d.*, r.result_hash AS run_result_hash, b.output_hash AS batch_output_hash
        FROM em_prediction_display d
        LEFT JOIN em_prediction_run r ON r",
fresh-s2/D01-gate-first,129.504,1,1,"Query:executing:SELECT d.*, r.result_hash AS run_result_hash, b.output_hash AS batch_output_hash
        FROM em_prediction_display d
        LEFT JOIN em_prediction_run r ON r",
fresh-s2/D01-gate-first,130.526,1,1,"Query:executing:SELECT d.*, r.result_hash AS run_result_hash, b.output_hash AS batch_output_hash
        FROM em_prediction_display d
        LEFT JOIN em_prediction_run r ON r",
fresh-s2/D01-gate-first,131.55,1,1,"Query:executing:SELECT d.*, r.result_hash AS run_result_hash, b.output_hash AS batch_output_hash
        FROM em_prediction_display d
        LEFT JOIN em_prediction_run r ON r",
fresh-s2/D01-gate-first,132.567,1,1,"Query:executing:SELECT d.*, r.result_hash AS run_result_hash, b.output_hash AS batch_output_hash
        FROM em_prediction_display d
        LEFT JOIN em_prediction_run r ON r",
fresh-s2/D01-gate-first,133.587,1,1,"Query:executing:SELECT d.*, r.result_hash AS run_result_hash, b.output_hash AS batch_output_hash
        FROM em_prediction_display d
        LEFT JOIN em_prediction_run r ON r",
fresh-s2/D01-gate-first,134.597,1,1,"Query:executing:SELECT d.*, r.result_hash AS run_result_hash, b.output_hash AS batch_output_hash
        FROM em_prediction_display d
        LEFT JOIN em_prediction_run r ON r",
fresh-s2/D01-gate-first,135.611,1,1,"Query:executing:SELECT d.*, r.result_hash AS run_result_hash, b.output_hash AS batch_output_hash
        FROM em_prediction_display d
        LEFT JOIN em_prediction_run r ON r",
fresh-s2/D01-gate-first,136.624,1,1,"Query:executing:SELECT d.*, r.result_hash AS run_result_hash, b.output_hash AS batch_output_hash
        FROM em_prediction_display d
        LEFT JOIN em_prediction_run r ON r",
fresh-s2/D01-gate-first,137.637,1,1,"Query:executing:SELECT d.*, r.result_hash AS run_result_hash, b.output_hash AS batch_output_hash
        FROM em_prediction_display d
        LEFT JOIN em_prediction_run r ON r",
fresh-s2/D01-gate-first,138.647,1,1,"Query:executing:SELECT d.*, r.result_hash AS run_result_hash, b.output_hash AS batch_output_hash
        FROM em_prediction_display d
        LEFT JOIN em_prediction_run r ON r",
fresh-s2/D01-gate-first,139.662,1,1,"Query:executing:SELECT d.*, r.result_hash AS run_result_hash, b.output_hash AS batch_output_hash
        FROM em_prediction_display d
        LEFT JOIN em_prediction_run r ON r",
fresh-s2/D01-gate-first,140.674,1,1,"Query:executing:SELECT d.*, r.result_hash AS run_result_hash, b.output_hash AS batch_output_hash
        FROM em_prediction_display d
        LEFT JOIN em_prediction_run r ON r",
fresh-s2/D01-gate-first,141.684,1,1,"Query:executing:SELECT d.*, r.result_hash AS run_result_hash, b.output_hash AS batch_output_hash
        FROM em_prediction_display d
        LEFT JOIN em_prediction_run r ON r",
fresh-s2/D01-gate-first,142.693,1,1,"Query:executing:SELECT d.*, r.result_hash AS run_result_hash, b.output_hash AS batch_output_hash
        FROM em_prediction_display d
        LEFT JOIN em_prediction_run r ON r",
fresh-s2/D01-gate-first,143.709,1,1,"Query:executing:SELECT d.*, r.result_hash AS run_result_hash, b.output_hash AS batch_output_hash
        FROM em_prediction_display d
        LEFT JOIN em_prediction_run r ON r",
fresh-s2/D01-gate-first,144.72,1,1,"Query:executing:SELECT d.*, r.result_hash AS run_result_hash, b.output_hash AS batch_output_hash
        FROM em_prediction_display d
        LEFT JOIN em_prediction_run r ON r",
fresh-s2/D01-gate-first,145.734,1,1,"Query:executing:SELECT d.*, r.result_hash AS run_result_hash, b.output_hash AS batch_output_hash
        FROM em_prediction_display d
        LEFT JOIN em_prediction_run r ON r",
fresh-s2/D01-gate-first,146.746,1,1,"Query:executing:SELECT d.*, r.result_hash AS run_result_hash, b.output_hash AS batch_output_hash
        FROM em_prediction_display d
        LEFT JOIN em_prediction_run r ON r",
fresh-s2/D01-gate-first,147.764,1,1,"Query:executing:SELECT d.*, r.result_hash AS run_result_hash, b.output_hash AS batch_output_hash
        FROM em_prediction_display d
        LEFT JOIN em_prediction_run r ON r",
fresh-s2/D01-gate-first,148.789,1,1,"Query:executing:SELECT d.*, r.result_hash AS run_result_hash, b.output_hash AS batch_output_hash
        FROM em_prediction_display d
        LEFT JOIN em_prediction_run r ON r",
fresh-s2/D01-gate-first,149.798,1,1,"Query:executing:SELECT d.*, r.result_hash AS run_result_hash, b.output_hash AS batch_output_hash
        FROM em_prediction_display d
        LEFT JOIN em_prediction_run r ON r",
fresh-s2/D01-gate-first,150.811,1,1,"Query:executing:SELECT d.*, r.result_hash AS run_result_hash, b.output_hash AS batch_output_hash
        FROM em_prediction_display d
        LEFT JOIN em_prediction_run r ON r",
fresh-s2/D01-gate-first,151.827,1,1,"Query:executing:SELECT d.*, r.result_hash AS run_result_hash, b.output_hash AS batch_output_hash
        FROM em_prediction_display d
        LEFT JOIN em_prediction_run r ON r",
fresh-s2/D01-gate-first,152.84,1,1,"Query:executing:SELECT d.*, r.result_hash AS run_result_hash, b.output_hash AS batch_output_hash
        FROM em_prediction_display d
        LEFT JOIN em_prediction_run r ON r",
fresh-s2/D01-gate-first,153.855,1,1,"Query:executing:SELECT d.*, r.result_hash AS run_result_hash, b.output_hash AS batch_output_hash
        FROM em_prediction_display d
        LEFT JOIN em_prediction_run r ON r",
fresh-s2/D01-gate-first,154.866,1,1,"Query:executing:SELECT d.*, r.result_hash AS run_result_hash, b.output_hash AS batch_output_hash
        FROM em_prediction_display d
        LEFT JOIN em_prediction_run r ON r",
fresh-s2/D01-gate-first,155.877,1,1,"Query:executing:SELECT d.*, r.result_hash AS run_result_hash, b.output_hash AS batch_output_hash
        FROM em_prediction_display d
        LEFT JOIN em_prediction_run r ON r",
fresh-s2/D01-gate-first,156.889,1,1,"Query:executing:SELECT d.*, r.result_hash AS run_result_hash, b.output_hash AS batch_output_hash
        FROM em_prediction_display d
        LEFT JOIN em_prediction_run r ON r",
fresh-s2/D01-gate-first,157.899,1,1,"Query:executing:SELECT d.*, r.result_hash AS run_result_hash, b.output_hash AS batch_output_hash
        FROM em_prediction_display d
        LEFT JOIN em_prediction_run r ON r",
fresh-s2/D01-gate-first,158.909,1,1,"Query:executing:SELECT d.*, r.result_hash AS run_result_hash, b.output_hash AS batch_output_hash
        FROM em_prediction_display d
        LEFT JOIN em_prediction_run r ON r",
fresh-s2/D01-gate-first,159.921,1,1,"Query:executing:SELECT d.*, r.result_hash AS run_result_hash, b.output_hash AS batch_output_hash
        FROM em_prediction_display d
        LEFT JOIN em_prediction_run r ON r",
fresh-s2/D01-gate-first,160.936,1,1,"Query:executing:SELECT d.*, r.result_hash AS run_result_hash, b.output_hash AS batch_output_hash
        FROM em_prediction_display d
        LEFT JOIN em_prediction_run r ON r",
fresh-s2/D01-gate-first,161.964,1,1,"Query:executing:SELECT d.*, r.result_hash AS run_result_hash, b.output_hash AS batch_output_hash
        FROM em_prediction_display d
        LEFT JOIN em_prediction_run r ON r",
fresh-s2/D01-gate-first,162.976,1,1,"Query:executing:SELECT d.*, r.result_hash AS run_result_hash, b.output_hash AS batch_output_hash
        FROM em_prediction_display d
        LEFT JOIN em_prediction_run r ON r",
fresh-s2/D01-gate-first,163.988,1,1,"Query:executing:SELECT d.*, r.result_hash AS run_result_hash, b.output_hash AS batch_output_hash
        FROM em_prediction_display d
        LEFT JOIN em_prediction_run r ON r",
fresh-s2/D01-gate-first,164.995,1,1,"Query:executing:SELECT d.*, r.result_hash AS run_result_hash, b.output_hash AS batch_output_hash
        FROM em_prediction_display d
        LEFT JOIN em_prediction_run r ON r",
fresh-s2/D01-gate-first,166.008,1,1,"Query:executing:SELECT d.*, r.result_hash AS run_result_hash, b.output_hash AS batch_output_hash
        FROM em_prediction_display d
        LEFT JOIN em_prediction_run r ON r",
fresh-s2/D01-gate-first,167.021,1,1,"Query:executing:SELECT d.*, r.result_hash AS run_result_hash, b.output_hash AS batch_output_hash
        FROM em_prediction_display d
        LEFT JOIN em_prediction_run r ON r",
fresh-s2/D01-gate-first,168.031,1,1,"Query:executing:SELECT d.*, r.result_hash AS run_result_hash, b.output_hash AS batch_output_hash
        FROM em_prediction_display d
        LEFT JOIN em_prediction_run r ON r",
fresh-s2/D01-gate-first,169.044,1,1,"Query:executing:SELECT d.*, r.result_hash AS run_result_hash, b.output_hash AS batch_output_hash
        FROM em_prediction_display d
        LEFT JOIN em_prediction_run r ON r",
fresh-s2/D01-gate-first,170.054,1,1,"Query:executing:SELECT d.*, r.result_hash AS run_result_hash, b.output_hash AS batch_output_hash
        FROM em_prediction_display d
        LEFT JOIN em_prediction_run r ON r",
fresh-s2/D01-gate-first,171.063,1,1,"Query:executing:SELECT d.*, r.result_hash AS run_result_hash, b.output_hash AS batch_output_hash
        FROM em_prediction_display d
        LEFT JOIN em_prediction_run r ON r",
fresh-s2/D01-gate-first,172.078,1,1,"Query:executing:SELECT d.*, r.result_hash AS run_result_hash, b.output_hash AS batch_output_hash
        FROM em_prediction_display d
        LEFT JOIN em_prediction_run r ON r",
fresh-s2/D01-gate-first,173.091,1,1,"Query:executing:SELECT d.*, r.result_hash AS run_result_hash, b.output_hash AS batch_output_hash
        FROM em_prediction_display d
        LEFT JOIN em_prediction_run r ON r",
fresh-s2/D01-gate-first,174.101,1,1,"Query:executing:SELECT d.*, r.result_hash AS run_result_hash, b.output_hash AS batch_output_hash
        FROM em_prediction_display d
        LEFT JOIN em_prediction_run r ON r",
fresh-s2/D01-gate-first,175.112,1,1,"Query:executing:SELECT d.*, r.result_hash AS run_result_hash, b.output_hash AS batch_output_hash
        FROM em_prediction_display d
        LEFT JOIN em_prediction_run r ON r",
fresh-s2/D01-gate-first,176.124,1,1,"Query:executing:SELECT d.*, r.result_hash AS run_result_hash, b.output_hash AS batch_output_hash
        FROM em_prediction_display d
        LEFT JOIN em_prediction_run r ON r",
fresh-s2/D01-gate-first,177.139,1,1,"Query:executing:SELECT d.*, r.result_hash AS run_result_hash, b.output_hash AS batch_output_hash
        FROM em_prediction_display d
        LEFT JOIN em_prediction_run r ON r",
fresh-s2/D01-gate-first,178.147,1,1,"Query:executing:SELECT d.*, r.result_hash AS run_result_hash, b.output_hash AS batch_output_hash
        FROM em_prediction_display d
        LEFT JOIN em_prediction_run r ON r",
fresh-s2/D01-gate-first,179.162,1,1,"Query:executing:SELECT d.*, r.result_hash AS run_result_hash, b.output_hash AS batch_output_hash
        FROM em_prediction_display d
        LEFT JOIN em_prediction_run r ON r",
fresh-s2/D02-one-full-series-then-gate,0.001,1,0,Sleep::,
fresh-s2/D02-one-full-series-then-gate,1.018,1,1,"Query:executing:SELECT d.*, r.result_hash AS run_result_hash, b.output_hash AS batch_output_hash
        FROM em_prediction_display d
        LEFT JOIN em_prediction_run r ON r",
fresh-s2/D02-one-full-series-then-gate,2.036,1,1,"Query:executing:SELECT d.*, r.result_hash AS run_result_hash, b.output_hash AS batch_output_hash
        FROM em_prediction_display d
        LEFT JOIN em_prediction_run r ON r",
fresh-s2/D02-one-full-series-then-gate,3.059,1,1,"Query:executing:SELECT d.*, r.result_hash AS run_result_hash, b.output_hash AS batch_output_hash
        FROM em_prediction_display d
        LEFT JOIN em_prediction_run r ON r",
fresh-s2/D02-one-full-series-then-gate,4.076,1,1,"Query:executing:SELECT d.*, r.result_hash AS run_result_hash, b.output_hash AS batch_output_hash
        FROM em_prediction_display d
        LEFT JOIN em_prediction_run r ON r",
fresh-s2/D02-one-full-series-then-gate,5.096,1,1,"Query:executing:SELECT d.*, r.result_hash AS run_result_hash, b.output_hash AS batch_output_hash
        FROM em_prediction_display d
        LEFT JOIN em_prediction_run r ON r",
fresh-s2/D02-one-full-series-then-gate,7.129,1,1,"Query:executing:SELECT d.*, r.result_hash AS run_result_hash, b.output_hash AS batch_output_hash
        FROM em_prediction_display d
        LEFT JOIN em_prediction_run r ON r",
fresh-s2/D02-one-full-series-then-gate,8.141,1,1,"Query:executing:SELECT d.*, r.result_hash AS run_result_hash, b.output_hash AS batch_output_hash
        FROM em_prediction_display d
        LEFT JOIN em_prediction_run r ON r",
fresh-s2/D02-one-full-series-then-gate,9.156,1,1,"Query:executing:SELECT d.*, r.result_hash AS run_result_hash, b.output_hash AS batch_output_hash
        FROM em_prediction_display d
        LEFT JOIN em_prediction_run r ON r",
fresh-s2/D02-one-full-series-then-gate,10.172,1,1,"Query:executing:SELECT d.*, r.result_hash AS run_result_hash, b.output_hash AS batch_output_hash
        FROM em_prediction_display d
        LEFT JOIN em_prediction_run r ON r",
fresh-s2/D02-one-full-series-then-gate,11.188,1,1,"Query:executing:SELECT d.*, r.result_hash AS run_result_hash, b.output_hash AS batch_output_hash
        FROM em_prediction_display d
        LEFT JOIN em_prediction_run r ON r",
fresh-s2/D02-one-full-series-then-gate,12.198,1,1,"Query:executing:SELECT d.*, r.result_hash AS run_result_hash, b.output_hash AS batch_output_hash
        FROM em_prediction_display d
        LEFT JOIN em_prediction_run r ON r",
fresh-s2/D02-one-full-series-then-gate,13.207,1,1,"Query:executing:SELECT d.*, r.result_hash AS run_result_hash, b.output_hash AS batch_output_hash
        FROM em_prediction_display d
        LEFT JOIN em_prediction_run r ON r",
fresh-s2/D02-one-full-series-then-gate,14.218,1,1,"Query:executing:SELECT d.*, r.result_hash AS run_result_hash, b.output_hash AS batch_output_hash
        FROM em_prediction_display d
        LEFT JOIN em_prediction_run r ON r",
fresh-s2/D02-one-full-series-then-gate,15.235,1,1,"Query:executing:SELECT d.*, r.result_hash AS run_result_hash, b.output_hash AS batch_output_hash
        FROM em_prediction_display d
        LEFT JOIN em_prediction_run r ON r",
fresh-s2/D02-one-full-series-then-gate,17.48,1,1,"Query:executing:SELECT d.*, r.result_hash AS run_result_hash, b.output_hash AS batch_output_hash
        FROM em_prediction_display d
        LEFT JOIN em_prediction_run r ON r",
fresh-s2/D02-one-full-series-then-gate,18.493,1,1,"Query:executing:SELECT d.*, r.result_hash AS run_result_hash, b.output_hash AS batch_output_hash
        FROM em_prediction_display d
        LEFT JOIN em_prediction_run r ON r",
fresh-s2/D02-one-full-series-then-gate,19.514,1,1,"Query:executing:SELECT d.*, r.result_hash AS run_result_hash, b.output_hash AS batch_output_hash
        FROM em_prediction_display d
        LEFT JOIN em_prediction_run r ON r",
fresh-s2/D02-one-full-series-then-gate,20.529,1,1,"Query:executing:SELECT d.*, r.result_hash AS run_result_hash, b.output_hash AS batch_output_hash
        FROM em_prediction_display d
        LEFT JOIN em_prediction_run r ON r",
fresh-s2/D02-one-full-series-then-gate,21.553,1,1,"Query:executing:SELECT d.*, r.result_hash AS run_result_hash, b.output_hash AS batch_output_hash
        FROM em_prediction_display d
        LEFT JOIN em_prediction_run r ON r",
fresh-s2/D02-one-full-series-then-gate,22.574,1,1,"Query:executing:SELECT d.*, r.result_hash AS run_result_hash, b.output_hash AS batch_output_hash
        FROM em_prediction_display d
        LEFT JOIN em_prediction_run r ON r",
fresh-s2/D02-one-full-series-then-gate,23.589,1,1,"Query:executing:SELECT d.*, r.result_hash AS run_result_hash, b.output_hash AS batch_output_hash
        FROM em_prediction_display d
        LEFT JOIN em_prediction_run r ON r",
fresh-s2/D02-one-full-series-then-gate,24.608,1,1,"Query:executing:SELECT d.*, r.result_hash AS run_result_hash, b.output_hash AS batch_output_hash
        FROM em_prediction_display d
        LEFT JOIN em_prediction_run r ON r",
fresh-s2/D02-one-full-series-then-gate,25.619,1,1,"Query:executing:SELECT d.*, r.result_hash AS run_result_hash, b.output_hash AS batch_output_hash
        FROM em_prediction_display d
        LEFT JOIN em_prediction_run r ON r",
fresh-s2/D02-one-full-series-then-gate,26.628,1,1,"Query:executing:SELECT d.*, r.result_hash AS run_result_hash, b.output_hash AS batch_output_hash
        FROM em_prediction_display d
        LEFT JOIN em_prediction_run r ON r",
fresh-s2/D02-one-full-series-then-gate,27.644,1,1,"Query:executing:SELECT d.*, r.result_hash AS run_result_hash, b.output_hash AS batch_output_hash
        FROM em_prediction_display d
        LEFT JOIN em_prediction_run r ON r",
fresh-s2/D02-one-full-series-then-gate,28.658,1,1,"Query:executing:SELECT d.*, r.result_hash AS run_result_hash, b.output_hash AS batch_output_hash
        FROM em_prediction_display d
        LEFT JOIN em_prediction_run r ON r",
fresh-s2/D02-one-full-series-then-gate,29.672,1,1,"Query:executing:SELECT d.*, r.result_hash AS run_result_hash, b.output_hash AS batch_output_hash
        FROM em_prediction_display d
        LEFT JOIN em_prediction_run r ON r",
fresh-s2/D02-one-full-series-then-gate,30.684,1,1,"Query:executing:SELECT d.*, r.result_hash AS run_result_hash, b.output_hash AS batch_output_hash
        FROM em_prediction_display d
        LEFT JOIN em_prediction_run r ON r",
fresh-s2/D02-one-full-series-then-gate,32.629,1,1,"Query:executing:SELECT d.*, r.result_hash AS run_result_hash, b.output_hash AS batch_output_hash
        FROM em_prediction_display d
        LEFT JOIN em_prediction_run r ON r",
fresh-s2/D02-one-full-series-then-gate,33.644,1,1,"Query:executing:SELECT d.*, r.result_hash AS run_result_hash, b.output_hash AS batch_output_hash
        FROM em_prediction_display d
        LEFT JOIN em_prediction_run r ON r",
fresh-s2/D02-one-full-series-then-gate,34.669,1,1,"Query:executing:SELECT d.*, r.result_hash AS run_result_hash, b.output_hash AS batch_output_hash
        FROM em_prediction_display d
        LEFT JOIN em_prediction_run r ON r",
fresh-s2/D02-one-full-series-then-gate,35.682,1,1,"Query:executing:SELECT d.*, r.result_hash AS run_result_hash, b.output_hash AS batch_output_hash
        FROM em_prediction_display d
        LEFT JOIN em_prediction_run r ON r",
fresh-s2/D02-one-full-series-then-gate,36.693,1,1,"Query:executing:SELECT d.*, r.result_hash AS run_result_hash, b.output_hash AS batch_output_hash
        FROM em_prediction_display d
        LEFT JOIN em_prediction_run r ON r",
fresh-s2/D02-one-full-series-then-gate,37.711,1,1,"Query:executing:SELECT d.*, r.result_hash AS run_result_hash, b.output_hash AS batch_output_hash
        FROM em_prediction_display d
        LEFT JOIN em_prediction_run r ON r",
fresh-s2/D02-one-full-series-then-gate,38.723,1,1,"Query:executing:SELECT d.*, r.result_hash AS run_result_hash, b.output_hash AS batch_output_hash
        FROM em_prediction_display d
        LEFT JOIN em_prediction_run r ON r",
fresh-s2/D02-one-full-series-then-gate,39.74,1,1,"Query:executing:SELECT d.*, r.result_hash AS run_result_hash, b.output_hash AS batch_output_hash
        FROM em_prediction_display d
        LEFT JOIN em_prediction_run r ON r",
fresh-s2/D02-one-full-series-then-gate,40.753,1,1,"Query:executing:SELECT d.*, r.result_hash AS run_result_hash, b.output_hash AS batch_output_hash
        FROM em_prediction_display d
        LEFT JOIN em_prediction_run r ON r",
fresh-s2/D02-one-full-series-then-gate,41.77,1,1,"Query:executing:SELECT d.*, r.result_hash AS run_result_hash, b.output_hash AS batch_output_hash
        FROM em_prediction_display d
        LEFT JOIN em_prediction_run r ON r",
fresh-s2/D02-one-full-series-then-gate,42.783,1,1,"Query:executing:SELECT d.*, r.result_hash AS run_result_hash, b.output_hash AS batch_output_hash
        FROM em_prediction_display d
        LEFT JOIN em_prediction_run r ON r",
fresh-s2/D02-one-full-series-then-gate,43.796,1,1,"Query:executing:SELECT d.*, r.result_hash AS run_result_hash, b.output_hash AS batch_output_hash
        FROM em_prediction_display d
        LEFT JOIN em_prediction_run r ON r",
fresh-s2/D02-one-full-series-then-gate,44.813,1,1,"Query:executing:SELECT d.*, r.result_hash AS run_result_hash, b.output_hash AS batch_output_hash
        FROM em_prediction_display d
        LEFT JOIN em_prediction_run r ON r",
fresh-s2/D02-one-full-series-then-gate,45.83,1,1,"Query:executing:SELECT d.*, r.result_hash AS run_result_hash, b.output_hash AS batch_output_hash
        FROM em_prediction_display d
        LEFT JOIN em_prediction_run r ON r",
fresh-s2/D02-one-full-series-then-gate,46.844,1,1,"Query:executing:SELECT d.*, r.result_hash AS run_result_hash, b.output_hash AS batch_output_hash
        FROM em_prediction_display d
        LEFT JOIN em_prediction_run r ON r",
fresh-s2/D02-one-full-series-then-gate,47.855,1,1,"Query:executing:SELECT d.*, r.result_hash AS run_result_hash, b.output_hash AS batch_output_hash
        FROM em_prediction_display d
        LEFT JOIN em_prediction_run r ON r",
fresh-s2/D02-one-full-series-then-gate,48.866,1,1,"Query:executing:SELECT d.*, r.result_hash AS run_result_hash, b.output_hash AS batch_output_hash
        FROM em_prediction_display d
        LEFT JOIN em_prediction_run r ON r",
fresh-s2/D02-one-full-series-then-gate,49.877,1,1,"Query:executing:SELECT d.*, r.result_hash AS run_result_hash, b.output_hash AS batch_output_hash
        FROM em_prediction_display d
        LEFT JOIN em_prediction_run r ON r",
fresh-s2/D02-one-full-series-then-gate,50.894,1,1,"Query:executing:SELECT d.*, r.result_hash AS run_result_hash, b.output_hash AS batch_output_hash
        FROM em_prediction_display d
        LEFT JOIN em_prediction_run r ON r",
fresh-s2/D02-one-full-series-then-gate,51.914,1,1,"Query:executing:SELECT d.*, r.result_hash AS run_result_hash, b.output_hash AS batch_output_hash
        FROM em_prediction_display d
        LEFT JOIN em_prediction_run r ON r",
fresh-s2/D02-one-full-series-then-gate,52.927,1,1,"Query:executing:SELECT d.*, r.result_hash AS run_result_hash, b.output_hash AS batch_output_hash
        FROM em_prediction_display d
        LEFT JOIN em_prediction_run r ON r",
fresh-s2/D02-one-full-series-then-gate,53.944,1,1,"Query:executing:SELECT d.*, r.result_hash AS run_result_hash, b.output_hash AS batch_output_hash
        FROM em_prediction_display d
        LEFT JOIN em_prediction_run r ON r",
fresh-s2/D02-one-full-series-then-gate,54.965,1,1,"Query:executing:SELECT d.*, r.result_hash AS run_result_hash, b.output_hash AS batch_output_hash
        FROM em_prediction_display d
        LEFT JOIN em_prediction_run r ON r",
fresh-s2/D02-one-full-series-then-gate,55.979,1,1,"Query:executing:SELECT d.*, r.result_hash AS run_result_hash, b.output_hash AS batch_output_hash
        FROM em_prediction_display d
        LEFT JOIN em_prediction_run r ON r",
fresh-s2/D02-one-full-series-then-gate,56.991,1,1,"Query:executing:SELECT d.*, r.result_hash AS run_result_hash, b.output_hash AS batch_output_hash
        FROM em_prediction_display d
        LEFT JOIN em_prediction_run r ON r",
fresh-s2/D02-one-full-series-then-gate,58.012,1,1,"Query:executing:SELECT d.*, r.result_hash AS run_result_hash, b.output_hash AS batch_output_hash
        FROM em_prediction_display d
        LEFT JOIN em_prediction_run r ON r",
fresh-s2/D02-one-full-series-then-gate,59.031,1,1,"Query:executing:SELECT d.*, r.result_hash AS run_result_hash, b.output_hash AS batch_output_hash
        FROM em_prediction_display d
        LEFT JOIN em_prediction_run r ON r",
fresh-s2/D02-one-full-series-then-gate,60.055,1,1,"Query:executing:SELECT d.*, r.result_hash AS run_result_hash, b.output_hash AS batch_output_hash
        FROM em_prediction_display d
        LEFT JOIN em_prediction_run r ON r",
fresh-s2/D02-one-full-series-then-gate,62.206,1,1,"Query:executing:SELECT d.*, r.result_hash AS run_result_hash, b.output_hash AS batch_output_hash
        FROM em_prediction_display d
        LEFT JOIN em_prediction_run r ON r",
fresh-s2/D02-one-full-series-then-gate,63.219,1,1,"Query:executing:SELECT d.*, r.result_hash AS run_result_hash, b.output_hash AS batch_output_hash
        FROM em_prediction_display d
        LEFT JOIN em_prediction_run r ON r",
fresh-s2/D02-one-full-series-then-gate,64.242,1,1,"Query:executing:SELECT d.*, r.result_hash AS run_result_hash, b.output_hash AS batch_output_hash
        FROM em_prediction_display d
        LEFT JOIN em_prediction_run r ON r",
fresh-s2/D02-one-full-series-then-gate,65.257,1,1,"Query:executing:SELECT d.*, r.result_hash AS run_result_hash, b.output_hash AS batch_output_hash
        FROM em_prediction_display d
        LEFT JOIN em_prediction_run r ON r",
fresh-s2/D02-one-full-series-then-gate,66.271,1,1,"Query:executing:SELECT d.*, r.result_hash AS run_result_hash, b.output_hash AS batch_output_hash
        FROM em_prediction_display d
        LEFT JOIN em_prediction_run r ON r",
fresh-s2/D02-one-full-series-then-gate,67.284,1,1,"Query:executing:SELECT d.*, r.result_hash AS run_result_hash, b.output_hash AS batch_output_hash
        FROM em_prediction_display d
        LEFT JOIN em_prediction_run r ON r",
fresh-s2/D02-one-full-series-then-gate,68.301,1,1,"Query:executing:SELECT d.*, r.result_hash AS run_result_hash, b.output_hash AS batch_output_hash
        FROM em_prediction_display d
        LEFT JOIN em_prediction_run r ON r",
fresh-s2/D02-one-full-series-then-gate,69.322,1,1,"Query:executing:SELECT d.*, r.result_hash AS run_result_hash, b.output_hash AS batch_output_hash
        FROM em_prediction_display d
        LEFT JOIN em_prediction_run r ON r",
fresh-s2/D02-one-full-series-then-gate,70.345,1,1,"Query:executing:SELECT d.*, r.result_hash AS run_result_hash, b.output_hash AS batch_output_hash
        FROM em_prediction_display d
        LEFT JOIN em_prediction_run r ON r",
fresh-s2/D02-one-full-series-then-gate,71.356,1,1,"Query:executing:SELECT d.*, r.result_hash AS run_result_hash, b.output_hash AS batch_output_hash
        FROM em_prediction_display d
        LEFT JOIN em_prediction_run r ON r",
fresh-s2/D02-one-full-series-then-gate,72.367,1,1,"Query:executing:SELECT d.*, r.result_hash AS run_result_hash, b.output_hash AS batch_output_hash
        FROM em_prediction_display d
        LEFT JOIN em_prediction_run r ON r",
fresh-s2/D02-one-full-series-then-gate,73.391,1,1,"Query:executing:SELECT d.*, r.result_hash AS run_result_hash, b.output_hash AS batch_output_hash
        FROM em_prediction_display d
        LEFT JOIN em_prediction_run r ON r",
fresh-s2/D02-one-full-series-then-gate,74.419,1,1,"Query:executing:SELECT d.*, r.result_hash AS run_result_hash, b.output_hash AS batch_output_hash
        FROM em_prediction_display d
        LEFT JOIN em_prediction_run r ON r",
fresh-s2/D02-one-full-series-then-gate,75.432,1,1,"Query:executing:SELECT d.*, r.result_hash AS run_result_hash, b.output_hash AS batch_output_hash
        FROM em_prediction_display d
        LEFT JOIN em_prediction_run r ON r",
fresh-s2/D02-one-full-series-then-gate,76.443,1,1,"Query:executing:SELECT d.*, r.result_hash AS run_result_hash, b.output_hash AS batch_output_hash
        FROM em_prediction_display d
        LEFT JOIN em_prediction_run r ON r",
fresh-s2/D02-one-full-series-then-gate,77.457,1,1,"Query:executing:SELECT d.*, r.result_hash AS run_result_hash, b.output_hash AS batch_output_hash
        FROM em_prediction_display d
        LEFT JOIN em_prediction_run r ON r",
fresh-s2/D02-one-full-series-then-gate,78.47,1,1,"Query:executing:SELECT d.*, r.result_hash AS run_result_hash, b.output_hash AS batch_output_hash
        FROM em_prediction_display d
        LEFT JOIN em_prediction_run r ON r",
fresh-s2/D02-one-full-series-then-gate,79.485,1,1,"Query:executing:SELECT d.*, r.result_hash AS run_result_hash, b.output_hash AS batch_output_hash
        FROM em_prediction_display d
        LEFT JOIN em_prediction_run r ON r",
fresh-s2/D02-one-full-series-then-gate,80.493,1,1,"Query:executing:SELECT d.*, r.result_hash AS run_result_hash, b.output_hash AS batch_output_hash
        FROM em_prediction_display d
        LEFT JOIN em_prediction_run r ON r",
fresh-s2/D02-one-full-series-then-gate,81.508,1,1,"Query:executing:SELECT d.*, r.result_hash AS run_result_hash, b.output_hash AS batch_output_hash
        FROM em_prediction_display d
        LEFT JOIN em_prediction_run r ON r",
fresh-s2/D02-one-full-series-then-gate,82.521,1,1,"Query:executing:SELECT d.*, r.result_hash AS run_result_hash, b.output_hash AS batch_output_hash
        FROM em_prediction_display d
        LEFT JOIN em_prediction_run r ON r",
fresh-s2/D02-one-full-series-then-gate,83.537,1,1,"Query:executing:SELECT d.*, r.result_hash AS run_result_hash, b.output_hash AS batch_output_hash
        FROM em_prediction_display d
        LEFT JOIN em_prediction_run r ON r",
fresh-s2/D02-one-full-series-then-gate,84.552,1,1,"Query:executing:SELECT d.*, r.result_hash AS run_result_hash, b.output_hash AS batch_output_hash
        FROM em_prediction_display d
        LEFT JOIN em_prediction_run r ON r",
fresh-s2/D02-one-full-series-then-gate,85.56,1,1,"Query:executing:SELECT d.*, r.result_hash AS run_result_hash, b.output_hash AS batch_output_hash
        FROM em_prediction_display d
        LEFT JOIN em_prediction_run r ON r",
fresh-s2/D02-one-full-series-then-gate,86.583,1,1,"Query:executing:SELECT d.*, r.result_hash AS run_result_hash, b.output_hash AS batch_output_hash
        FROM em_prediction_display d
        LEFT JOIN em_prediction_run r ON r",
fresh-s2/D02-one-full-series-then-gate,87.592,1,1,"Query:executing:SELECT d.*, r.result_hash AS run_result_hash, b.output_hash AS batch_output_hash
        FROM em_prediction_display d
        LEFT JOIN em_prediction_run r ON r",
fresh-s2/D02-one-full-series-then-gate,88.599,1,1,"Query:executing:SELECT d.*, r.result_hash AS run_result_hash, b.output_hash AS batch_output_hash
        FROM em_prediction_display d
        LEFT JOIN em_prediction_run r ON r",
fresh-s2/D02-one-full-series-then-gate,89.609,1,1,"Query:executing:SELECT d.*, r.result_hash AS run_result_hash, b.output_hash AS batch_output_hash
        FROM em_prediction_display d
        LEFT JOIN em_prediction_run r ON r",
fresh-s2/D02-one-full-series-then-gate,90.621,1,1,"Query:executing:SELECT d.*, r.result_hash AS run_result_hash, b.output_hash AS batch_output_hash
        FROM em_prediction_display d
        LEFT JOIN em_prediction_run r ON r",
fresh-s2/D02-one-full-series-then-gate,91.63,1,1,"Query:executing:SELECT d.*, r.result_hash AS run_result_hash, b.output_hash AS batch_output_hash
        FROM em_prediction_display d
        LEFT JOIN em_prediction_run r ON r",
fresh-s2/D02-one-full-series-then-gate,92.652,1,1,"Query:executing:SELECT d.*, r.result_hash AS run_result_hash, b.output_hash AS batch_output_hash
        FROM em_prediction_display d
        LEFT JOIN em_prediction_run r ON r",
fresh-s2/D02-one-full-series-then-gate,93.665,1,1,"Query:executing:SELECT d.*, r.result_hash AS run_result_hash, b.output_hash AS batch_output_hash
        FROM em_prediction_display d
        LEFT JOIN em_prediction_run r ON r",
fresh-s2/D02-one-full-series-then-gate,94.677,1,1,"Query:executing:SELECT d.*, r.result_hash AS run_result_hash, b.output_hash AS batch_output_hash
        FROM em_prediction_display d
        LEFT JOIN em_prediction_run r ON r",
fresh-s2/D02-one-full-series-then-gate,95.691,1,1,"Query:executing:SELECT d.*, r.result_hash AS run_result_hash, b.output_hash AS batch_output_hash
        FROM em_prediction_display d
        LEFT JOIN em_prediction_run r ON r",
fresh-s2/D02-one-full-series-then-gate,96.706,1,1,"Query:executing:SELECT d.*, r.result_hash AS run_result_hash, b.output_hash AS batch_output_hash
        FROM em_prediction_display d
        LEFT JOIN em_prediction_run r ON r",
fresh-s2/D02-one-full-series-then-gate,97.717,1,1,"Query:executing:SELECT d.*, r.result_hash AS run_result_hash, b.output_hash AS batch_output_hash
        FROM em_prediction_display d
        LEFT JOIN em_prediction_run r ON r",
fresh-s2/D02-one-full-series-then-gate,98.727,1,1,"Query:executing:SELECT d.*, r.result_hash AS run_result_hash, b.output_hash AS batch_output_hash
        FROM em_prediction_display d
        LEFT JOIN em_prediction_run r ON r",
fresh-s2/D02-one-full-series-then-gate,99.75,1,1,"Query:executing:SELECT d.*, r.result_hash AS run_result_hash, b.output_hash AS batch_output_hash
        FROM em_prediction_display d
        LEFT JOIN em_prediction_run r ON r",
fresh-s2/D02-one-full-series-then-gate,100.792,1,1,"Query:executing:SELECT d.*, r.result_hash AS run_result_hash, b.output_hash AS batch_output_hash
        FROM em_prediction_display d
        LEFT JOIN em_prediction_run r ON r",
fresh-s2/D02-one-full-series-then-gate,101.817,1,1,"Query:executing:SELECT d.*, r.result_hash AS run_result_hash, b.output_hash AS batch_output_hash
        FROM em_prediction_display d
        LEFT JOIN em_prediction_run r ON r",
fresh-s2/D02-one-full-series-then-gate,102.845,1,1,"Query:executing:SELECT d.*, r.result_hash AS run_result_hash, b.output_hash AS batch_output_hash
        FROM em_prediction_display d
        LEFT JOIN em_prediction_run r ON r",
fresh-s2/D02-one-full-series-then-gate,103.874,1,1,"Query:executing:SELECT d.*, r.result_hash AS run_result_hash, b.output_hash AS batch_output_hash
        FROM em_prediction_display d
        LEFT JOIN em_prediction_run r ON r",
fresh-s2/D02-one-full-series-then-gate,104.897,1,1,"Query:executing:SELECT d.*, r.result_hash AS run_result_hash, b.output_hash AS batch_output_hash
        FROM em_prediction_display d
        LEFT JOIN em_prediction_run r ON r",
fresh-s2/D02-one-full-series-then-gate,105.911,1,1,"Query:executing:SELECT d.*, r.result_hash AS run_result_hash, b.output_hash AS batch_output_hash
        FROM em_prediction_display d
        LEFT JOIN em_prediction_run r ON r",
fresh-s2/D02-one-full-series-then-gate,106.923,1,1,"Query:executing:SELECT d.*, r.result_hash AS run_result_hash, b.output_hash AS batch_output_hash
        FROM em_prediction_display d
        LEFT JOIN em_prediction_run r ON r",
fresh-s2/D02-one-full-series-then-gate,107.945,1,1,"Query:executing:SELECT d.*, r.result_hash AS run_result_hash, b.output_hash AS batch_output_hash
        FROM em_prediction_display d
        LEFT JOIN em_prediction_run r ON r",
fresh-s2/D02-one-full-series-then-gate,108.957,1,1,"Query:executing:SELECT d.*, r.result_hash AS run_result_hash, b.output_hash AS batch_output_hash
        FROM em_prediction_display d
        LEFT JOIN em_prediction_run r ON r",
fresh-s2/D02-one-full-series-then-gate,109.97,1,1,"Query:executing:SELECT d.*, r.result_hash AS run_result_hash, b.output_hash AS batch_output_hash
        FROM em_prediction_display d
        LEFT JOIN em_prediction_run r ON r",
fresh-s2/D02-one-full-series-then-gate,110.994,1,1,"Query:executing:SELECT d.*, r.result_hash AS run_result_hash, b.output_hash AS batch_output_hash
        FROM em_prediction_display d
        LEFT JOIN em_prediction_run r ON r",
fresh-s2/D02-one-full-series-then-gate,112.011,1,1,"Query:executing:SELECT d.*, r.result_hash AS run_result_hash, b.output_hash AS batch_output_hash
        FROM em_prediction_display d
        LEFT JOIN em_prediction_run r ON r",
fresh-s2/D02-one-full-series-then-gate,113.023,1,1,"Query:executing:SELECT d.*, r.result_hash AS run_result_hash, b.output_hash AS batch_output_hash
        FROM em_prediction_display d
        LEFT JOIN em_prediction_run r ON r",
fresh-s2/D02-one-full-series-then-gate,114.033,1,1,"Query:executing:SELECT d.*, r.result_hash AS run_result_hash, b.output_hash AS batch_output_hash
        FROM em_prediction_display d
        LEFT JOIN em_prediction_run r ON r",
fresh-s2/D02-one-full-series-then-gate,115.059,1,1,"Query:executing:SELECT d.*, r.result_hash AS run_result_hash, b.output_hash AS batch_output_hash
        FROM em_prediction_display d
        LEFT JOIN em_prediction_run r ON r",
fresh-s2/D02-one-full-series-then-gate,116.08,1,1,"Query:executing:SELECT d.*, r.result_hash AS run_result_hash, b.output_hash AS batch_output_hash
        FROM em_prediction_display d
        LEFT JOIN em_prediction_run r ON r",
fresh-s2/D02-one-full-series-then-gate,117.105,1,1,"Query:executing:SELECT d.*, r.result_hash AS run_result_hash, b.output_hash AS batch_output_hash
        FROM em_prediction_display d
        LEFT JOIN em_prediction_run r ON r",
fresh-s2/D02-one-full-series-then-gate,118.117,1,1,"Query:executing:SELECT d.*, r.result_hash AS run_result_hash, b.output_hash AS batch_output_hash
        FROM em_prediction_display d
        LEFT JOIN em_prediction_run r ON r",
fresh-s2/D02-one-full-series-then-gate,119.127,1,1,"Query:executing:SELECT d.*, r.result_hash AS run_result_hash, b.output_hash AS batch_output_hash
        FROM em_prediction_display d
        LEFT JOIN em_prediction_run r ON r",
fresh-s2/D02-one-full-series-then-gate,120.141,1,1,"Query:executing:SELECT d.*, r.result_hash AS run_result_hash, b.output_hash AS batch_output_hash
        FROM em_prediction_display d
        LEFT JOIN em_prediction_run r ON r",
fresh-s2/D02-one-full-series-then-gate,122.404,1,1,"Query:executing:SELECT d.*, r.result_hash AS run_result_hash, b.output_hash AS batch_output_hash
        FROM em_prediction_display d
        LEFT JOIN em_prediction_run r ON r",
fresh-s2/D02-one-full-series-then-gate,123.414,1,1,"Query:executing:SELECT d.*, r.result_hash AS run_result_hash, b.output_hash AS batch_output_hash
        FROM em_prediction_display d
        LEFT JOIN em_prediction_run r ON r",
fresh-s2/D02-one-full-series-then-gate,124.425,1,1,"Query:executing:SELECT d.*, r.result_hash AS run_result_hash, b.output_hash AS batch_output_hash
        FROM em_prediction_display d
        LEFT JOIN em_prediction_run r ON r",
fresh-s2/D02-one-full-series-then-gate,125.441,1,1,"Query:executing:SELECT d.*, r.result_hash AS run_result_hash, b.output_hash AS batch_output_hash
        FROM em_prediction_display d
        LEFT JOIN em_prediction_run r ON r",
fresh-s2/D02-one-full-series-then-gate,126.45,1,1,"Query:executing:SELECT d.*, r.result_hash AS run_result_hash, b.output_hash AS batch_output_hash
        FROM em_prediction_display d
        LEFT JOIN em_prediction_run r ON r",
fresh-s2/D02-one-full-series-then-gate,127.46,1,1,"Query:executing:SELECT d.*, r.result_hash AS run_result_hash, b.output_hash AS batch_output_hash
        FROM em_prediction_display d
        LEFT JOIN em_prediction_run r ON r",
fresh-s2/D02-one-full-series-then-gate,128.482,1,1,"Query:executing:SELECT d.*, r.result_hash AS run_result_hash, b.output_hash AS batch_output_hash
        FROM em_prediction_display d
        LEFT JOIN em_prediction_run r ON r",
fresh-s2/D02-one-full-series-then-gate,129.504,1,1,"Query:executing:SELECT d.*, r.result_hash AS run_result_hash, b.output_hash AS batch_output_hash
        FROM em_prediction_display d
        LEFT JOIN em_prediction_run r ON r",
fresh-s2/D02-one-full-series-then-gate,130.519,1,1,"Query:executing:SELECT d.*, r.result_hash AS run_result_hash, b.output_hash AS batch_output_hash
        FROM em_prediction_display d
        LEFT JOIN em_prediction_run r ON r",
fresh-s2/D02-one-full-series-then-gate,131.533,1,1,"Query:executing:SELECT d.*, r.result_hash AS run_result_hash, b.output_hash AS batch_output_hash
        FROM em_prediction_display d
        LEFT JOIN em_prediction_run r ON r",
fresh-s2/D02-one-full-series-then-gate,132.543,1,1,"Query:executing:SELECT d.*, r.result_hash AS run_result_hash, b.output_hash AS batch_output_hash
        FROM em_prediction_display d
        LEFT JOIN em_prediction_run r ON r",
fresh-s2/D02-one-full-series-then-gate,133.563,1,1,"Query:executing:SELECT d.*, r.result_hash AS run_result_hash, b.output_hash AS batch_output_hash
        FROM em_prediction_display d
        LEFT JOIN em_prediction_run r ON r",
fresh-s2/D02-one-full-series-then-gate,134.58,1,1,"Query:executing:SELECT d.*, r.result_hash AS run_result_hash, b.output_hash AS batch_output_hash
        FROM em_prediction_display d
        LEFT JOIN em_prediction_run r ON r",
fresh-s2/D02-one-full-series-then-gate,135.596,1,1,"Query:executing:SELECT d.*, r.result_hash AS run_result_hash, b.output_hash AS batch_output_hash
        FROM em_prediction_display d
        LEFT JOIN em_prediction_run r ON r",
fresh-s2/D02-one-full-series-then-gate,136.621,1,1,"Query:executing:SELECT d.*, r.result_hash AS run_result_hash, b.output_hash AS batch_output_hash
        FROM em_prediction_display d
        LEFT JOIN em_prediction_run r ON r",
fresh-s2/D02-one-full-series-then-gate,137.645,1,1,"Query:executing:SELECT d.*, r.result_hash AS run_result_hash, b.output_hash AS batch_output_hash
        FROM em_prediction_display d
        LEFT JOIN em_prediction_run r ON r",
fresh-s2/D02-one-full-series-then-gate,138.655,1,1,"Query:executing:SELECT d.*, r.result_hash AS run_result_hash, b.output_hash AS batch_output_hash
        FROM em_prediction_display d
        LEFT JOIN em_prediction_run r ON r",
fresh-s2/D02-one-full-series-then-gate,139.679,1,1,"Query:executing:SELECT d.*, r.result_hash AS run_result_hash, b.output_hash AS batch_output_hash
        FROM em_prediction_display d
        LEFT JOIN em_prediction_run r ON r",
fresh-s2/D02-one-full-series-then-gate,140.703,1,1,"Query:executing:SELECT d.*, r.result_hash AS run_result_hash, b.output_hash AS batch_output_hash
        FROM em_prediction_display d
        LEFT JOIN em_prediction_run r ON r",
fresh-s2/D02-one-full-series-then-gate,141.717,1,1,"Query:executing:SELECT d.*, r.result_hash AS run_result_hash, b.output_hash AS batch_output_hash
        FROM em_prediction_display d
        LEFT JOIN em_prediction_run r ON r",
fresh-s2/D02-one-full-series-then-gate,142.73,1,1,"Query:executing:SELECT d.*, r.result_hash AS run_result_hash, b.output_hash AS batch_output_hash
        FROM em_prediction_display d
        LEFT JOIN em_prediction_run r ON r",
fresh-s2/D02-one-full-series-then-gate,143.748,1,1,"Query:executing:SELECT d.*, r.result_hash AS run_result_hash, b.output_hash AS batch_output_hash
        FROM em_prediction_display d
        LEFT JOIN em_prediction_run r ON r",
fresh-s2/D02-one-full-series-then-gate,144.762,1,1,"Query:executing:SELECT d.*, r.result_hash AS run_result_hash, b.output_hash AS batch_output_hash
        FROM em_prediction_display d
        LEFT JOIN em_prediction_run r ON r",
fresh-s2/D02-one-full-series-then-gate,145.772,1,1,"Query:executing:SELECT d.*, r.result_hash AS run_result_hash, b.output_hash AS batch_output_hash
        FROM em_prediction_display d
        LEFT JOIN em_prediction_run r ON r",
fresh-s2/D02-one-full-series-then-gate,146.792,1,1,"Query:executing:SELECT d.*, r.result_hash AS run_result_hash, b.output_hash AS batch_output_hash
        FROM em_prediction_display d
        LEFT JOIN em_prediction_run r ON r",
fresh-s2/D02-one-full-series-then-gate,147.813,1,1,"Query:executing:SELECT d.*, r.result_hash AS run_result_hash, b.output_hash AS batch_output_hash
        FROM em_prediction_display d
        LEFT JOIN em_prediction_run r ON r",
fresh-s2/D02-one-full-series-then-gate,148.825,1,1,"Query:executing:SELECT d.*, r.result_hash AS run_result_hash, b.output_hash AS batch_output_hash
        FROM em_prediction_display d
        LEFT JOIN em_prediction_run r ON r",
fresh-s2/D02-one-full-series-then-gate,149.846,1,1,"Query:executing:SELECT d.*, r.result_hash AS run_result_hash, b.output_hash AS batch_output_hash
        FROM em_prediction_display d
        LEFT JOIN em_prediction_run r ON r",
fresh-s2/D02-one-full-series-then-gate,150.862,1,1,"Query:executing:SELECT d.*, r.result_hash AS run_result_hash, b.output_hash AS batch_output_hash
        FROM em_prediction_display d
        LEFT JOIN em_prediction_run r ON r",
fresh-s2/D02-one-full-series-then-gate,151.874,1,1,"Query:executing:SELECT d.*, r.result_hash AS run_result_hash, b.output_hash AS batch_output_hash
        FROM em_prediction_display d
        LEFT JOIN em_prediction_run r ON r",
fresh-s2/D02-one-full-series-then-gate,152.892,1,1,"Query:executing:SELECT d.*, r.result_hash AS run_result_hash, b.output_hash AS batch_output_hash
        FROM em_prediction_display d
        LEFT JOIN em_prediction_run r ON r",
fresh-s2/D02-one-full-series-then-gate,153.904,1,1,"Query:executing:SELECT d.*, r.result_hash AS run_result_hash, b.output_hash AS batch_output_hash
        FROM em_prediction_display d
        LEFT JOIN em_prediction_run r ON r",
fresh-s2/D02-one-full-series-then-gate,154.92,1,1,"Query:executing:SELECT d.*, r.result_hash AS run_result_hash, b.output_hash AS batch_output_hash
        FROM em_prediction_display d
        LEFT JOIN em_prediction_run r ON r",
fresh-s2/D02-one-full-series-then-gate,155.933,1,1,"Query:executing:SELECT d.*, r.result_hash AS run_result_hash, b.output_hash AS batch_output_hash
        FROM em_prediction_display d
        LEFT JOIN em_prediction_run r ON r",
fresh-s2/D02-one-full-series-then-gate,156.945,1,1,"Query:executing:SELECT d.*, r.result_hash AS run_result_hash, b.output_hash AS batch_output_hash
        FROM em_prediction_display d
        LEFT JOIN em_prediction_run r ON r",
fresh-s2/D02-one-full-series-then-gate,157.96,1,1,"Query:executing:SELECT d.*, r.result_hash AS run_result_hash, b.output_hash AS batch_output_hash
        FROM em_prediction_display d
        LEFT JOIN em_prediction_run r ON r",
fresh-s2/D02-one-full-series-then-gate,158.983,1,1,"Query:executing:SELECT d.*, r.result_hash AS run_result_hash, b.output_hash AS batch_output_hash
        FROM em_prediction_display d
        LEFT JOIN em_prediction_run r ON r",
fresh-s2/D02-one-full-series-then-gate,160.007,1,1,"Query:executing:SELECT d.*, r.result_hash AS run_result_hash, b.output_hash AS batch_output_hash
        FROM em_prediction_display d
        LEFT JOIN em_prediction_run r ON r",
fresh-s2/D02-one-full-series-then-gate,161.026,1,1,"Query:executing:SELECT d.*, r.result_hash AS run_result_hash, b.output_hash AS batch_output_hash
        FROM em_prediction_display d
        LEFT JOIN em_prediction_run r ON r",
fresh-s2/D02-one-full-series-then-gate,162.037,1,1,"Query:executing:SELECT d.*, r.result_hash AS run_result_hash, b.output_hash AS batch_output_hash
        FROM em_prediction_display d
        LEFT JOIN em_prediction_run r ON r",
fresh-s2/D02-one-full-series-then-gate,163.053,1,1,"Query:executing:SELECT d.*, r.result_hash AS run_result_hash, b.output_hash AS batch_output_hash
        FROM em_prediction_display d
        LEFT JOIN em_prediction_run r ON r",
fresh-s2/D02-one-full-series-then-gate,164.066,1,1,"Query:executing:SELECT d.*, r.result_hash AS run_result_hash, b.output_hash AS batch_output_hash
        FROM em_prediction_display d
        LEFT JOIN em_prediction_run r ON r",
fresh-s2/D02-one-full-series-then-gate,165.08,1,1,"Query:executing:SELECT d.*, r.result_hash AS run_result_hash, b.output_hash AS batch_output_hash
        FROM em_prediction_display d
        LEFT JOIN em_prediction_run r ON r",
fresh-s2/D02-one-full-series-then-gate,166.101,1,1,"Query:executing:SELECT d.*, r.result_hash AS run_result_hash, b.output_hash AS batch_output_hash
        FROM em_prediction_display d
        LEFT JOIN em_prediction_run r ON r",
fresh-s2/D02-one-full-series-then-gate,167.119,1,1,"Query:executing:SELECT d.*, r.result_hash AS run_result_hash, b.output_hash AS batch_output_hash
        FROM em_prediction_display d
        LEFT JOIN em_prediction_run r ON r",
fresh-s2/D02-one-full-series-then-gate,168.141,1,1,"Query:executing:SELECT d.*, r.result_hash AS run_result_hash, b.output_hash AS batch_output_hash
        FROM em_prediction_display d
        LEFT JOIN em_prediction_run r ON r",
fresh-s2/D02-one-full-series-then-gate,169.161,1,1,"Query:executing:SELECT d.*, r.result_hash AS run_result_hash, b.output_hash AS batch_output_hash
        FROM em_prediction_display d
        LEFT JOIN em_prediction_run r ON r",
fresh-s2/D02-one-full-series-then-gate,170.178,1,1,"Query:executing:SELECT d.*, r.result_hash AS run_result_hash, b.output_hash AS batch_output_hash
        FROM em_prediction_display d
        LEFT JOIN em_prediction_run r ON r",
fresh-s2/D02-one-full-series-then-gate,171.199,1,1,"Query:executing:SELECT d.*, r.result_hash AS run_result_hash, b.output_hash AS batch_output_hash
        FROM em_prediction_display d
        LEFT JOIN em_prediction_run r ON r",
fresh-s2/D02-one-full-series-then-gate,172.22,1,1,"Query:executing:SELECT d.*, r.result_hash AS run_result_hash, b.output_hash AS batch_output_hash
        FROM em_prediction_display d
        LEFT JOIN em_prediction_run r ON r",
fresh-s2/D02-one-full-series-then-gate,173.229,1,1,"Query:executing:SELECT d.*, r.result_hash AS run_result_hash, b.output_hash AS batch_output_hash
        FROM em_prediction_display d
        LEFT JOIN em_prediction_run r ON r",
fresh-s2/D02-one-full-series-then-gate,174.238,1,1,"Query:executing:SELECT d.*, r.result_hash AS run_result_hash, b.output_hash AS batch_output_hash
        FROM em_prediction_display d
        LEFT JOIN em_prediction_run r ON r",
fresh-s2/D02-one-full-series-then-gate,175.257,1,1,"Query:executing:SELECT d.*, r.result_hash AS run_result_hash, b.output_hash AS batch_output_hash
        FROM em_prediction_display d
        LEFT JOIN em_prediction_run r ON r",
fresh-s2/D02-one-full-series-then-gate,176.268,1,1,"Query:executing:SELECT d.*, r.result_hash AS run_result_hash, b.output_hash AS batch_output_hash
        FROM em_prediction_display d
        LEFT JOIN em_prediction_run r ON r",
fresh-s2/D02-one-full-series-then-gate,177.278,1,1,"Query:executing:SELECT d.*, r.result_hash AS run_result_hash, b.output_hash AS batch_output_hash
        FROM em_prediction_display d
        LEFT JOIN em_prediction_run r ON r",
fresh-s2/D02-one-full-series-then-gate,178.287,1,1,"Query:executing:SELECT d.*, r.result_hash AS run_result_hash, b.output_hash AS batch_output_hash
        FROM em_prediction_display d
        LEFT JOIN em_prediction_run r ON r",
fresh-s2/D02-one-full-series-then-gate,179.299,1,1,"Query:executing:SELECT d.*, r.result_hash AS run_result_hash, b.output_hash AS batch_output_hash
        FROM em_prediction_display d
        LEFT JOIN em_prediction_run r ON r",
fresh-s2/D03-36-full-series-then-gate,0.001,1,0,Sleep::,
fresh-s2/D03-36-full-series-then-gate,1.011,1,1,"Query:executing:SELECT d.*, r.result_hash AS run_result_hash, b.output_hash AS batch_output_hash
        FROM em_prediction_display d
        LEFT JOIN em_prediction_run r ON r",
fresh-s2/D03-36-full-series-then-gate,2.021,1,1,"Query:executing:SELECT d.*, r.result_hash AS run_result_hash, b.output_hash AS batch_output_hash
        FROM em_prediction_display d
        LEFT JOIN em_prediction_run r ON r",
fresh-s2/D03-36-full-series-then-gate,3.035,1,1,"Query:executing:SELECT d.*, r.result_hash AS run_result_hash, b.output_hash AS batch_output_hash
        FROM em_prediction_display d
        LEFT JOIN em_prediction_run r ON r",
fresh-s2/D03-36-full-series-then-gate,4.056,1,1,"Query:executing:SELECT d.*, r.result_hash AS run_result_hash, b.output_hash AS batch_output_hash
        FROM em_prediction_display d
        LEFT JOIN em_prediction_run r ON r",
fresh-s2/D03-36-full-series-then-gate,5.067,1,1,"Query:executing:SELECT d.*, r.result_hash AS run_result_hash, b.output_hash AS batch_output_hash
        FROM em_prediction_display d
        LEFT JOIN em_prediction_run r ON r",
fresh-s2/D03-36-full-series-then-gate,7.228,1,1,"Query:executing:SELECT d.*, r.result_hash AS run_result_hash, b.output_hash AS batch_output_hash
        FROM em_prediction_display d
        LEFT JOIN em_prediction_run r ON r",
fresh-s2/D03-36-full-series-then-gate,8.238,1,1,"Query:executing:SELECT d.*, r.result_hash AS run_result_hash, b.output_hash AS batch_output_hash
        FROM em_prediction_display d
        LEFT JOIN em_prediction_run r ON r",
fresh-s2/D03-36-full-series-then-gate,9.254,1,1,"Query:executing:SELECT d.*, r.result_hash AS run_result_hash, b.output_hash AS batch_output_hash
        FROM em_prediction_display d
        LEFT JOIN em_prediction_run r ON r",
fresh-s2/D03-36-full-series-then-gate,10.271,1,1,"Query:executing:SELECT d.*, r.result_hash AS run_result_hash, b.output_hash AS batch_output_hash
        FROM em_prediction_display d
        LEFT JOIN em_prediction_run r ON r",
fresh-s2/D03-36-full-series-then-gate,11.278,1,1,"Query:executing:SELECT d.*, r.result_hash AS run_result_hash, b.output_hash AS batch_output_hash
        FROM em_prediction_display d
        LEFT JOIN em_prediction_run r ON r",
fresh-s2/D03-36-full-series-then-gate,12.288,1,1,"Query:executing:SELECT d.*, r.result_hash AS run_result_hash, b.output_hash AS batch_output_hash
        FROM em_prediction_display d
        LEFT JOIN em_prediction_run r ON r",
fresh-s2/D03-36-full-series-then-gate,13.309,1,1,"Query:executing:SELECT d.*, r.result_hash AS run_result_hash, b.output_hash AS batch_output_hash
        FROM em_prediction_display d
        LEFT JOIN em_prediction_run r ON r",
fresh-s2/D03-36-full-series-then-gate,14.319,1,1,"Query:executing:SELECT d.*, r.result_hash AS run_result_hash, b.output_hash AS batch_output_hash
        FROM em_prediction_display d
        LEFT JOIN em_prediction_run r ON r",
fresh-s2/D03-36-full-series-then-gate,15.331,1,1,"Query:executing:SELECT d.*, r.result_hash AS run_result_hash, b.output_hash AS batch_output_hash
        FROM em_prediction_display d
        LEFT JOIN em_prediction_run r ON r",
fresh-s2/D03-36-full-series-then-gate,17.676,1,1,"Query:executing:SELECT d.*, r.result_hash AS run_result_hash, b.output_hash AS batch_output_hash
        FROM em_prediction_display d
        LEFT JOIN em_prediction_run r ON r",
fresh-s2/D03-36-full-series-then-gate,18.698,1,1,"Query:executing:SELECT d.*, r.result_hash AS run_result_hash, b.output_hash AS batch_output_hash
        FROM em_prediction_display d
        LEFT JOIN em_prediction_run r ON r",
fresh-s2/D03-36-full-series-then-gate,19.708,1,1,"Query:executing:SELECT d.*, r.result_hash AS run_result_hash, b.output_hash AS batch_output_hash
        FROM em_prediction_display d
        LEFT JOIN em_prediction_run r ON r",
fresh-s2/D03-36-full-series-then-gate,20.718,1,1,"Query:executing:SELECT d.*, r.result_hash AS run_result_hash, b.output_hash AS batch_output_hash
        FROM em_prediction_display d
        LEFT JOIN em_prediction_run r ON r",
fresh-s2/D03-36-full-series-then-gate,21.729,1,1,"Query:executing:SELECT d.*, r.result_hash AS run_result_hash, b.output_hash AS batch_output_hash
        FROM em_prediction_display d
        LEFT JOIN em_prediction_run r ON r",
fresh-s2/D03-36-full-series-then-gate,22.738,1,1,"Query:executing:SELECT d.*, r.result_hash AS run_result_hash, b.output_hash AS batch_output_hash
        FROM em_prediction_display d
        LEFT JOIN em_prediction_run r ON r",
fresh-s2/D03-36-full-series-then-gate,23.749,1,1,"Query:executing:SELECT d.*, r.result_hash AS run_result_hash, b.output_hash AS batch_output_hash
        FROM em_prediction_display d
        LEFT JOIN em_prediction_run r ON r",
fresh-s2/D03-36-full-series-then-gate,24.77,1,1,"Query:executing:SELECT d.*, r.result_hash AS run_result_hash, b.output_hash AS batch_output_hash
        FROM em_prediction_display d
        LEFT JOIN em_prediction_run r ON r",
fresh-s2/D03-36-full-series-then-gate,25.779,1,1,"Query:executing:SELECT d.*, r.result_hash AS run_result_hash, b.output_hash AS batch_output_hash
        FROM em_prediction_display d
        LEFT JOIN em_prediction_run r ON r",
fresh-s2/D03-36-full-series-then-gate,26.789,1,1,"Query:executing:SELECT d.*, r.result_hash AS run_result_hash, b.output_hash AS batch_output_hash
        FROM em_prediction_display d
        LEFT JOIN em_prediction_run r ON r",
fresh-s2/D03-36-full-series-then-gate,27.798,1,1,"Query:executing:SELECT d.*, r.result_hash AS run_result_hash, b.output_hash AS batch_output_hash
        FROM em_prediction_display d
        LEFT JOIN em_prediction_run r ON r",
fresh-s2/D03-36-full-series-then-gate,28.806,1,1,"Query:executing:SELECT d.*, r.result_hash AS run_result_hash, b.output_hash AS batch_output_hash
        FROM em_prediction_display d
        LEFT JOIN em_prediction_run r ON r",
fresh-s2/D03-36-full-series-then-gate,29.814,1,1,"Query:executing:SELECT d.*, r.result_hash AS run_result_hash, b.output_hash AS batch_output_hash
        FROM em_prediction_display d
        LEFT JOIN em_prediction_run r ON r",
fresh-s2/D03-36-full-series-then-gate,30.834,1,1,"Query:executing:SELECT d.*, r.result_hash AS run_result_hash, b.output_hash AS batch_output_hash
        FROM em_prediction_display d
        LEFT JOIN em_prediction_run r ON r",
fresh-s2/D03-36-full-series-then-gate,33.055,1,1,"Query:executing:SELECT d.*, r.result_hash AS run_result_hash, b.output_hash AS batch_output_hash
        FROM em_prediction_display d
        LEFT JOIN em_prediction_run r ON r",
fresh-s2/D03-36-full-series-then-gate,34.071,1,1,"Query:executing:SELECT d.*, r.result_hash AS run_result_hash, b.output_hash AS batch_output_hash
        FROM em_prediction_display d
        LEFT JOIN em_prediction_run r ON r",
fresh-s2/D03-36-full-series-then-gate,35.091,1,1,"Query:executing:SELECT d.*, r.result_hash AS run_result_hash, b.output_hash AS batch_output_hash
        FROM em_prediction_display d
        LEFT JOIN em_prediction_run r ON r",
fresh-s2/D03-36-full-series-then-gate,36.099,1,1,"Query:executing:SELECT d.*, r.result_hash AS run_result_hash, b.output_hash AS batch_output_hash
        FROM em_prediction_display d
        LEFT JOIN em_prediction_run r ON r",
fresh-s2/D03-36-full-series-then-gate,37.108,1,1,"Query:executing:SELECT d.*, r.result_hash AS run_result_hash, b.output_hash AS batch_output_hash
        FROM em_prediction_display d
        LEFT JOIN em_prediction_run r ON r",
fresh-s2/D03-36-full-series-then-gate,38.126,1,1,"Query:executing:SELECT d.*, r.result_hash AS run_result_hash, b.output_hash AS batch_output_hash
        FROM em_prediction_display d
        LEFT JOIN em_prediction_run r ON r",
fresh-s2/D03-36-full-series-then-gate,39.143,1,1,"Query:executing:SELECT d.*, r.result_hash AS run_result_hash, b.output_hash AS batch_output_hash
        FROM em_prediction_display d
        LEFT JOIN em_prediction_run r ON r",
fresh-s2/D03-36-full-series-then-gate,40.158,1,1,"Query:executing:SELECT d.*, r.result_hash AS run_result_hash, b.output_hash AS batch_output_hash
        FROM em_prediction_display d
        LEFT JOIN em_prediction_run r ON r",
fresh-s2/D03-36-full-series-then-gate,41.167,1,1,"Query:executing:SELECT d.*, r.result_hash AS run_result_hash, b.output_hash AS batch_output_hash
        FROM em_prediction_display d
        LEFT JOIN em_prediction_run r ON r",
fresh-s2/D03-36-full-series-then-gate,42.181,1,1,"Query:executing:SELECT d.*, r.result_hash AS run_result_hash, b.output_hash AS batch_output_hash
        FROM em_prediction_display d
        LEFT JOIN em_prediction_run r ON r",
fresh-s2/D03-36-full-series-then-gate,43.203,1,1,"Query:executing:SELECT d.*, r.result_hash AS run_result_hash, b.output_hash AS batch_output_hash
        FROM em_prediction_display d
        LEFT JOIN em_prediction_run r ON r",
fresh-s2/D03-36-full-series-then-gate,44.213,1,1,"Query:executing:SELECT d.*, r.result_hash AS run_result_hash, b.output_hash AS batch_output_hash
        FROM em_prediction_display d
        LEFT JOIN em_prediction_run r ON r",
fresh-s2/D03-36-full-series-then-gate,45.234,1,1,"Query:executing:SELECT d.*, r.result_hash AS run_result_hash, b.output_hash AS batch_output_hash
        FROM em_prediction_display d
        LEFT JOIN em_prediction_run r ON r",
fresh-s2/D03-36-full-series-then-gate,46.255,1,1,"Query:executing:SELECT d.*, r.result_hash AS run_result_hash, b.output_hash AS batch_output_hash
        FROM em_prediction_display d
        LEFT JOIN em_prediction_run r ON r",
fresh-s2/D03-36-full-series-then-gate,47.273,1,1,"Query:executing:SELECT d.*, r.result_hash AS run_result_hash, b.output_hash AS batch_output_hash
        FROM em_prediction_display d
        LEFT JOIN em_prediction_run r ON r",
fresh-s2/D03-36-full-series-then-gate,48.294,1,1,"Query:executing:SELECT d.*, r.result_hash AS run_result_hash, b.output_hash AS batch_output_hash
        FROM em_prediction_display d
        LEFT JOIN em_prediction_run r ON r",
fresh-s2/D03-36-full-series-then-gate,49.317,1,1,"Query:executing:SELECT d.*, r.result_hash AS run_result_hash, b.output_hash AS batch_output_hash
        FROM em_prediction_display d
        LEFT JOIN em_prediction_run r ON r",
fresh-s2/D03-36-full-series-then-gate,50.339,1,1,"Query:executing:SELECT d.*, r.result_hash AS run_result_hash, b.output_hash AS batch_output_hash
        FROM em_prediction_display d
        LEFT JOIN em_prediction_run r ON r",
fresh-s2/D03-36-full-series-then-gate,51.352,1,1,"Query:executing:SELECT d.*, r.result_hash AS run_result_hash, b.output_hash AS batch_output_hash
        FROM em_prediction_display d
        LEFT JOIN em_prediction_run r ON r",
fresh-s2/D03-36-full-series-then-gate,52.359,1,1,"Query:executing:SELECT d.*, r.result_hash AS run_result_hash, b.output_hash AS batch_output_hash
        FROM em_prediction_display d
        LEFT JOIN em_prediction_run r ON r",
fresh-s2/D03-36-full-series-then-gate,53.38,1,1,"Query:executing:SELECT d.*, r.result_hash AS run_result_hash, b.output_hash AS batch_output_hash
        FROM em_prediction_display d
        LEFT JOIN em_prediction_run r ON r",
fresh-s2/D03-36-full-series-then-gate,54.401,1,1,"Query:executing:SELECT d.*, r.result_hash AS run_result_hash, b.output_hash AS batch_output_hash
        FROM em_prediction_display d
        LEFT JOIN em_prediction_run r ON r",
fresh-s2/D03-36-full-series-then-gate,55.421,1,1,"Query:executing:SELECT d.*, r.result_hash AS run_result_hash, b.output_hash AS batch_output_hash
        FROM em_prediction_display d
        LEFT JOIN em_prediction_run r ON r",
fresh-s2/D03-36-full-series-then-gate,56.444,1,1,"Query:executing:SELECT d.*, r.result_hash AS run_result_hash, b.output_hash AS batch_output_hash
        FROM em_prediction_display d
        LEFT JOIN em_prediction_run r ON r",
fresh-s2/D03-36-full-series-then-gate,57.455,1,1,"Query:executing:SELECT d.*, r.result_hash AS run_result_hash, b.output_hash AS batch_output_hash
        FROM em_prediction_display d
        LEFT JOIN em_prediction_run r ON r",
fresh-s2/D03-36-full-series-then-gate,58.468,1,1,"Query:executing:SELECT d.*, r.result_hash AS run_result_hash, b.output_hash AS batch_output_hash
        FROM em_prediction_display d
        LEFT JOIN em_prediction_run r ON r",
fresh-s2/D03-36-full-series-then-gate,59.487,1,1,"Query:executing:SELECT d.*, r.result_hash AS run_result_hash, b.output_hash AS batch_output_hash
        FROM em_prediction_display d
        LEFT JOIN em_prediction_run r ON r",
fresh-s2/D03-36-full-series-then-gate,60.504,1,1,"Query:executing:SELECT d.*, r.result_hash AS run_result_hash, b.output_hash AS batch_output_hash
        FROM em_prediction_display d
        LEFT JOIN em_prediction_run r ON r",
fresh-s2/D03-36-full-series-then-gate,62.583,1,1,"Query:executing:SELECT d.*, r.result_hash AS run_result_hash, b.output_hash AS batch_output_hash
        FROM em_prediction_display d
        LEFT JOIN em_prediction_run r ON r",
fresh-s2/D03-36-full-series-then-gate,63.602,1,1,"Query:executing:SELECT d.*, r.result_hash AS run_result_hash, b.output_hash AS batch_output_hash
        FROM em_prediction_display d
        LEFT JOIN em_prediction_run r ON r",
fresh-s2/D03-36-full-series-then-gate,64.624,1,1,"Query:executing:SELECT d.*, r.result_hash AS run_result_hash, b.output_hash AS batch_output_hash
        FROM em_prediction_display d
        LEFT JOIN em_prediction_run r ON r",
fresh-s2/D03-36-full-series-then-gate,65.647,1,1,"Query:executing:SELECT d.*, r.result_hash AS run_result_hash, b.output_hash AS batch_output_hash
        FROM em_prediction_display d
        LEFT JOIN em_prediction_run r ON r",
fresh-s2/D03-36-full-series-then-gate,66.668,1,1,"Query:executing:SELECT d.*, r.result_hash AS run_result_hash, b.output_hash AS batch_output_hash
        FROM em_prediction_display d
        LEFT JOIN em_prediction_run r ON r",
fresh-s2/D03-36-full-series-then-gate,67.689,1,1,"Query:executing:SELECT d.*, r.result_hash AS run_result_hash, b.output_hash AS batch_output_hash
        FROM em_prediction_display d
        LEFT JOIN em_prediction_run r ON r",
fresh-s2/D03-36-full-series-then-gate,68.711,1,1,"Query:executing:SELECT d.*, r.result_hash AS run_result_hash, b.output_hash AS batch_output_hash
        FROM em_prediction_display d
        LEFT JOIN em_prediction_run r ON r",
fresh-s2/D03-36-full-series-then-gate,69.731,1,1,"Query:executing:SELECT d.*, r.result_hash AS run_result_hash, b.output_hash AS batch_output_hash
        FROM em_prediction_display d
        LEFT JOIN em_prediction_run r ON r",
fresh-s2/D03-36-full-series-then-gate,70.754,1,1,"Query:executing:SELECT d.*, r.result_hash AS run_result_hash, b.output_hash AS batch_output_hash
        FROM em_prediction_display d
        LEFT JOIN em_prediction_run r ON r",
fresh-s2/D03-36-full-series-then-gate,71.761,1,1,"Query:executing:SELECT d.*, r.result_hash AS run_result_hash, b.output_hash AS batch_output_hash
        FROM em_prediction_display d
        LEFT JOIN em_prediction_run r ON r",
fresh-s2/D03-36-full-series-then-gate,72.773,1,1,"Query:executing:SELECT d.*, r.result_hash AS run_result_hash, b.output_hash AS batch_output_hash
        FROM em_prediction_display d
        LEFT JOIN em_prediction_run r ON r",
fresh-s2/D03-36-full-series-then-gate,73.788,1,1,"Query:executing:SELECT d.*, r.result_hash AS run_result_hash, b.output_hash AS batch_output_hash
        FROM em_prediction_display d
        LEFT JOIN em_prediction_run r ON r",
fresh-s2/D03-36-full-series-then-gate,74.812,1,1,"Query:executing:SELECT d.*, r.result_hash AS run_result_hash, b.output_hash AS batch_output_hash
        FROM em_prediction_display d
        LEFT JOIN em_prediction_run r ON r",
fresh-s2/D03-36-full-series-then-gate,75.832,1,1,"Query:executing:SELECT d.*, r.result_hash AS run_result_hash, b.output_hash AS batch_output_hash
        FROM em_prediction_display d
        LEFT JOIN em_prediction_run r ON r",
fresh-s2/D03-36-full-series-then-gate,76.855,1,1,"Query:executing:SELECT d.*, r.result_hash AS run_result_hash, b.output_hash AS batch_output_hash
        FROM em_prediction_display d
        LEFT JOIN em_prediction_run r ON r",
fresh-s2/D03-36-full-series-then-gate,77.866,1,1,"Query:executing:SELECT d.*, r.result_hash AS run_result_hash, b.output_hash AS batch_output_hash
        FROM em_prediction_display d
        LEFT JOIN em_prediction_run r ON r",
fresh-s2/D03-36-full-series-then-gate,78.886,1,1,"Query:executing:SELECT d.*, r.result_hash AS run_result_hash, b.output_hash AS batch_output_hash
        FROM em_prediction_display d
        LEFT JOIN em_prediction_run r ON r",
fresh-s2/D03-36-full-series-then-gate,79.898,1,1,"Query:executing:SELECT d.*, r.result_hash AS run_result_hash, b.output_hash AS batch_output_hash
        FROM em_prediction_display d
        LEFT JOIN em_prediction_run r ON r",
fresh-s2/D03-36-full-series-then-gate,80.908,1,1,"Query:executing:SELECT d.*, r.result_hash AS run_result_hash, b.output_hash AS batch_output_hash
        FROM em_prediction_display d
        LEFT JOIN em_prediction_run r ON r",
fresh-s2/D03-36-full-series-then-gate,81.931,1,1,"Query:executing:SELECT d.*, r.result_hash AS run_result_hash, b.output_hash AS batch_output_hash
        FROM em_prediction_display d
        LEFT JOIN em_prediction_run r ON r",
fresh-s2/D03-36-full-series-then-gate,82.94,1,1,"Query:executing:SELECT d.*, r.result_hash AS run_result_hash, b.output_hash AS batch_output_hash
        FROM em_prediction_display d
        LEFT JOIN em_prediction_run r ON r",
fresh-s2/D03-36-full-series-then-gate,83.956,1,1,"Query:executing:SELECT d.*, r.result_hash AS run_result_hash, b.output_hash AS batch_output_hash
        FROM em_prediction_display d
        LEFT JOIN em_prediction_run r ON r",
fresh-s2/D03-36-full-series-then-gate,84.976,1,1,"Query:executing:SELECT d.*, r.result_hash AS run_result_hash, b.output_hash AS batch_output_hash
        FROM em_prediction_display d
        LEFT JOIN em_prediction_run r ON r",
fresh-s2/D03-36-full-series-then-gate,85.997,1,1,"Query:executing:SELECT d.*, r.result_hash AS run_result_hash, b.output_hash AS batch_output_hash
        FROM em_prediction_display d
        LEFT JOIN em_prediction_run r ON r",
fresh-s2/D03-36-full-series-then-gate,87.013,1,1,"Query:executing:SELECT d.*, r.result_hash AS run_result_hash, b.output_hash AS batch_output_hash
        FROM em_prediction_display d
        LEFT JOIN em_prediction_run r ON r",
fresh-s2/D03-36-full-series-then-gate,88.03,1,1,"Query:executing:SELECT d.*, r.result_hash AS run_result_hash, b.output_hash AS batch_output_hash
        FROM em_prediction_display d
        LEFT JOIN em_prediction_run r ON r",
fresh-s2/D03-36-full-series-then-gate,89.051,1,1,"Query:executing:SELECT d.*, r.result_hash AS run_result_hash, b.output_hash AS batch_output_hash
        FROM em_prediction_display d
        LEFT JOIN em_prediction_run r ON r",
fresh-s2/D03-36-full-series-then-gate,90.07,1,1,"Query:executing:SELECT d.*, r.result_hash AS run_result_hash, b.output_hash AS batch_output_hash
        FROM em_prediction_display d
        LEFT JOIN em_prediction_run r ON r",
fresh-s2/D03-36-full-series-then-gate,91.082,1,1,"Query:executing:SELECT d.*, r.result_hash AS run_result_hash, b.output_hash AS batch_output_hash
        FROM em_prediction_display d
        LEFT JOIN em_prediction_run r ON r",
fresh-s2/D03-36-full-series-then-gate,92.097,1,1,"Query:executing:SELECT d.*, r.result_hash AS run_result_hash, b.output_hash AS batch_output_hash
        FROM em_prediction_display d
        LEFT JOIN em_prediction_run r ON r",
fresh-s2/D03-36-full-series-then-gate,93.107,1,1,"Query:executing:SELECT d.*, r.result_hash AS run_result_hash, b.output_hash AS batch_output_hash
        FROM em_prediction_display d
        LEFT JOIN em_prediction_run r ON r",
fresh-s2/D03-36-full-series-then-gate,94.126,1,1,"Query:executing:SELECT d.*, r.result_hash AS run_result_hash, b.output_hash AS batch_output_hash
        FROM em_prediction_display d
        LEFT JOIN em_prediction_run r ON r",
fresh-s2/D03-36-full-series-then-gate,95.148,1,1,"Query:executing:SELECT d.*, r.result_hash AS run_result_hash, b.output_hash AS batch_output_hash
        FROM em_prediction_display d
        LEFT JOIN em_prediction_run r ON r",
fresh-s2/D03-36-full-series-then-gate,96.16,1,1,"Query:executing:SELECT d.*, r.result_hash AS run_result_hash, b.output_hash AS batch_output_hash
        FROM em_prediction_display d
        LEFT JOIN em_prediction_run r ON r",
fresh-s2/D03-36-full-series-then-gate,97.181,1,1,"Query:executing:SELECT d.*, r.result_hash AS run_result_hash, b.output_hash AS batch_output_hash
        FROM em_prediction_display d
        LEFT JOIN em_prediction_run r ON r",
fresh-s2/D03-36-full-series-then-gate,98.19,1,1,"Query:executing:SELECT d.*, r.result_hash AS run_result_hash, b.output_hash AS batch_output_hash
        FROM em_prediction_display d
        LEFT JOIN em_prediction_run r ON r",
fresh-s2/D03-36-full-series-then-gate,99.198,1,1,"Query:executing:SELECT d.*, r.result_hash AS run_result_hash, b.output_hash AS batch_output_hash
        FROM em_prediction_display d
        LEFT JOIN em_prediction_run r ON r",
fresh-s2/D03-36-full-series-then-gate,100.21,1,1,"Query:executing:SELECT d.*, r.result_hash AS run_result_hash, b.output_hash AS batch_output_hash
        FROM em_prediction_display d
        LEFT JOIN em_prediction_run r ON r",
fresh-s2/D03-36-full-series-then-gate,101.23,1,1,"Query:executing:SELECT d.*, r.result_hash AS run_result_hash, b.output_hash AS batch_output_hash
        FROM em_prediction_display d
        LEFT JOIN em_prediction_run r ON r",
fresh-s2/D03-36-full-series-then-gate,102.238,1,1,"Query:executing:SELECT d.*, r.result_hash AS run_result_hash, b.output_hash AS batch_output_hash
        FROM em_prediction_display d
        LEFT JOIN em_prediction_run r ON r",
fresh-s2/D03-36-full-series-then-gate,103.245,1,1,"Query:executing:SELECT d.*, r.result_hash AS run_result_hash, b.output_hash AS batch_output_hash
        FROM em_prediction_display d
        LEFT JOIN em_prediction_run r ON r",
fresh-s2/D03-36-full-series-then-gate,104.252,1,1,"Query:executing:SELECT d.*, r.result_hash AS run_result_hash, b.output_hash AS batch_output_hash
        FROM em_prediction_display d
        LEFT JOIN em_prediction_run r ON r",
fresh-s2/D03-36-full-series-then-gate,105.264,1,1,"Query:executing:SELECT d.*, r.result_hash AS run_result_hash, b.output_hash AS batch_output_hash
        FROM em_prediction_display d
        LEFT JOIN em_prediction_run r ON r",
fresh-s2/D03-36-full-series-then-gate,106.273,1,1,"Query:executing:SELECT d.*, r.result_hash AS run_result_hash, b.output_hash AS batch_output_hash
        FROM em_prediction_display d
        LEFT JOIN em_prediction_run r ON r",
fresh-s2/D03-36-full-series-then-gate,107.284,1,1,"Query:executing:SELECT d.*, r.result_hash AS run_result_hash, b.output_hash AS batch_output_hash
        FROM em_prediction_display d
        LEFT JOIN em_prediction_run r ON r",
fresh-s2/D03-36-full-series-then-gate,108.293,1,1,"Query:executing:SELECT d.*, r.result_hash AS run_result_hash, b.output_hash AS batch_output_hash
        FROM em_prediction_display d
        LEFT JOIN em_prediction_run r ON r",
fresh-s2/D03-36-full-series-then-gate,109.304,1,1,"Query:executing:SELECT d.*, r.result_hash AS run_result_hash, b.output_hash AS batch_output_hash
        FROM em_prediction_display d
        LEFT JOIN em_prediction_run r ON r",
fresh-s2/D03-36-full-series-then-gate,110.327,1,1,"Query:executing:SELECT d.*, r.result_hash AS run_result_hash, b.output_hash AS batch_output_hash
        FROM em_prediction_display d
        LEFT JOIN em_prediction_run r ON r",
fresh-s2/D03-36-full-series-then-gate,111.342,1,1,"Query:executing:SELECT d.*, r.result_hash AS run_result_hash, b.output_hash AS batch_output_hash
        FROM em_prediction_display d
        LEFT JOIN em_prediction_run r ON r",
fresh-s2/D03-36-full-series-then-gate,112.352,1,1,"Query:executing:SELECT d.*, r.result_hash AS run_result_hash, b.output_hash AS batch_output_hash
        FROM em_prediction_display d
        LEFT JOIN em_prediction_run r ON r",
fresh-s2/D03-36-full-series-then-gate,113.365,1,1,"Query:executing:SELECT d.*, r.result_hash AS run_result_hash, b.output_hash AS batch_output_hash
        FROM em_prediction_display d
        LEFT JOIN em_prediction_run r ON r",
fresh-s2/D03-36-full-series-then-gate,114.378,1,1,"Query:executing:SELECT d.*, r.result_hash AS run_result_hash, b.output_hash AS batch_output_hash
        FROM em_prediction_display d
        LEFT JOIN em_prediction_run r ON r",
fresh-s2/D03-36-full-series-then-gate,115.388,1,1,"Query:executing:SELECT d.*, r.result_hash AS run_result_hash, b.output_hash AS batch_output_hash
        FROM em_prediction_display d
        LEFT JOIN em_prediction_run r ON r",
fresh-s2/D03-36-full-series-then-gate,116.4,1,1,"Query:executing:SELECT d.*, r.result_hash AS run_result_hash, b.output_hash AS batch_output_hash
        FROM em_prediction_display d
        LEFT JOIN em_prediction_run r ON r",
fresh-s2/D03-36-full-series-then-gate,117.411,1,1,"Query:executing:SELECT d.*, r.result_hash AS run_result_hash, b.output_hash AS batch_output_hash
        FROM em_prediction_display d
        LEFT JOIN em_prediction_run r ON r",
fresh-s2/D03-36-full-series-then-gate,118.423,1,1,"Query:executing:SELECT d.*, r.result_hash AS run_result_hash, b.output_hash AS batch_output_hash
        FROM em_prediction_display d
        LEFT JOIN em_prediction_run r ON r",
fresh-s2/D03-36-full-series-then-gate,119.437,1,1,"Query:executing:SELECT d.*, r.result_hash AS run_result_hash, b.output_hash AS batch_output_hash
        FROM em_prediction_display d
        LEFT JOIN em_prediction_run r ON r",
fresh-s2/D03-36-full-series-then-gate,120.454,1,1,"Query:executing:SELECT d.*, r.result_hash AS run_result_hash, b.output_hash AS batch_output_hash
        FROM em_prediction_display d
        LEFT JOIN em_prediction_run r ON r",
fresh-s2/D03-36-full-series-then-gate,122.61,1,1,"Query:executing:SELECT d.*, r.result_hash AS run_result_hash, b.output_hash AS batch_output_hash
        FROM em_prediction_display d
        LEFT JOIN em_prediction_run r ON r",
fresh-s2/D03-36-full-series-then-gate,123.622,1,1,"Query:executing:SELECT d.*, r.result_hash AS run_result_hash, b.output_hash AS batch_output_hash
        FROM em_prediction_display d
        LEFT JOIN em_prediction_run r ON r",
fresh-s2/D03-36-full-series-then-gate,124.628,1,1,"Query:executing:SELECT d.*, r.result_hash AS run_result_hash, b.output_hash AS batch_output_hash
        FROM em_prediction_display d
        LEFT JOIN em_prediction_run r ON r",
fresh-s2/D03-36-full-series-then-gate,125.639,1,1,"Query:executing:SELECT d.*, r.result_hash AS run_result_hash, b.output_hash AS batch_output_hash
        FROM em_prediction_display d
        LEFT JOIN em_prediction_run r ON r",
fresh-s2/D03-36-full-series-then-gate,126.656,1,1,"Query:executing:SELECT d.*, r.result_hash AS run_result_hash, b.output_hash AS batch_output_hash
        FROM em_prediction_display d
        LEFT JOIN em_prediction_run r ON r",
fresh-s2/D03-36-full-series-then-gate,127.668,1,1,"Query:executing:SELECT d.*, r.result_hash AS run_result_hash, b.output_hash AS batch_output_hash
        FROM em_prediction_display d
        LEFT JOIN em_prediction_run r ON r",
fresh-s2/D03-36-full-series-then-gate,128.681,1,1,"Query:executing:SELECT d.*, r.result_hash AS run_result_hash, b.output_hash AS batch_output_hash
        FROM em_prediction_display d
        LEFT JOIN em_prediction_run r ON r",
fresh-s2/D03-36-full-series-then-gate,129.692,1,1,"Query:executing:SELECT d.*, r.result_hash AS run_result_hash, b.output_hash AS batch_output_hash
        FROM em_prediction_display d
        LEFT JOIN em_prediction_run r ON r",
fresh-s2/D03-36-full-series-then-gate,130.7,1,1,"Query:executing:SELECT d.*, r.result_hash AS run_result_hash, b.output_hash AS batch_output_hash
        FROM em_prediction_display d
        LEFT JOIN em_prediction_run r ON r",
fresh-s2/D03-36-full-series-then-gate,131.712,1,1,"Query:executing:SELECT d.*, r.result_hash AS run_result_hash, b.output_hash AS batch_output_hash
        FROM em_prediction_display d
        LEFT JOIN em_prediction_run r ON r",
fresh-s2/D03-36-full-series-then-gate,132.726,1,1,"Query:executing:SELECT d.*, r.result_hash AS run_result_hash, b.output_hash AS batch_output_hash
        FROM em_prediction_display d
        LEFT JOIN em_prediction_run r ON r",
fresh-s2/D03-36-full-series-then-gate,133.735,1,1,"Query:executing:SELECT d.*, r.result_hash AS run_result_hash, b.output_hash AS batch_output_hash
        FROM em_prediction_display d
        LEFT JOIN em_prediction_run r ON r",
fresh-s2/D03-36-full-series-then-gate,134.757,1,1,"Query:executing:SELECT d.*, r.result_hash AS run_result_hash, b.output_hash AS batch_output_hash
        FROM em_prediction_display d
        LEFT JOIN em_prediction_run r ON r",
fresh-s2/D03-36-full-series-then-gate,135.77,1,1,"Query:executing:SELECT d.*, r.result_hash AS run_result_hash, b.output_hash AS batch_output_hash
        FROM em_prediction_display d
        LEFT JOIN em_prediction_run r ON r",
fresh-s2/D03-36-full-series-then-gate,136.794,1,1,"Query:executing:SELECT d.*, r.result_hash AS run_result_hash, b.output_hash AS batch_output_hash
        FROM em_prediction_display d
        LEFT JOIN em_prediction_run r ON r",
fresh-s2/D03-36-full-series-then-gate,137.813,1,1,"Query:executing:SELECT d.*, r.result_hash AS run_result_hash, b.output_hash AS batch_output_hash
        FROM em_prediction_display d
        LEFT JOIN em_prediction_run r ON r",
fresh-s2/D03-36-full-series-then-gate,138.833,1,1,"Query:executing:SELECT d.*, r.result_hash AS run_result_hash, b.output_hash AS batch_output_hash
        FROM em_prediction_display d
        LEFT JOIN em_prediction_run r ON r",
fresh-s2/D03-36-full-series-then-gate,139.847,1,1,"Query:executing:SELECT d.*, r.result_hash AS run_result_hash, b.output_hash AS batch_output_hash
        FROM em_prediction_display d
        LEFT JOIN em_prediction_run r ON r",
fresh-s2/D03-36-full-series-then-gate,140.858,1,1,"Query:executing:SELECT d.*, r.result_hash AS run_result_hash, b.output_hash AS batch_output_hash
        FROM em_prediction_display d
        LEFT JOIN em_prediction_run r ON r",
fresh-s2/D03-36-full-series-then-gate,141.871,1,1,"Query:executing:SELECT d.*, r.result_hash AS run_result_hash, b.output_hash AS batch_output_hash
        FROM em_prediction_display d
        LEFT JOIN em_prediction_run r ON r",
fresh-s2/D03-36-full-series-then-gate,142.883,1,1,"Query:executing:SELECT d.*, r.result_hash AS run_result_hash, b.output_hash AS batch_output_hash
        FROM em_prediction_display d
        LEFT JOIN em_prediction_run r ON r",
fresh-s2/D03-36-full-series-then-gate,143.897,1,1,"Query:executing:SELECT d.*, r.result_hash AS run_result_hash, b.output_hash AS batch_output_hash
        FROM em_prediction_display d
        LEFT JOIN em_prediction_run r ON r",
fresh-s2/D03-36-full-series-then-gate,144.912,1,1,"Query:executing:SELECT d.*, r.result_hash AS run_result_hash, b.output_hash AS batch_output_hash
        FROM em_prediction_display d
        LEFT JOIN em_prediction_run r ON r",
fresh-s2/D03-36-full-series-then-gate,145.931,1,1,"Query:executing:SELECT d.*, r.result_hash AS run_result_hash, b.output_hash AS batch_output_hash
        FROM em_prediction_display d
        LEFT JOIN em_prediction_run r ON r",
fresh-s2/D03-36-full-series-then-gate,146.942,1,1,"Query:executing:SELECT d.*, r.result_hash AS run_result_hash, b.output_hash AS batch_output_hash
        FROM em_prediction_display d
        LEFT JOIN em_prediction_run r ON r",
fresh-s2/D03-36-full-series-then-gate,147.956,1,1,"Query:executing:SELECT d.*, r.result_hash AS run_result_hash, b.output_hash AS batch_output_hash
        FROM em_prediction_display d
        LEFT JOIN em_prediction_run r ON r",
fresh-s2/D03-36-full-series-then-gate,148.969,1,1,"Query:executing:SELECT d.*, r.result_hash AS run_result_hash, b.output_hash AS batch_output_hash
        FROM em_prediction_display d
        LEFT JOIN em_prediction_run r ON r",
fresh-s2/D03-36-full-series-then-gate,149.978,1,1,"Query:executing:SELECT d.*, r.result_hash AS run_result_hash, b.output_hash AS batch_output_hash
        FROM em_prediction_display d
        LEFT JOIN em_prediction_run r ON r",
fresh-s2/D03-36-full-series-then-gate,150.99,1,1,"Query:executing:SELECT d.*, r.result_hash AS run_result_hash, b.output_hash AS batch_output_hash
        FROM em_prediction_display d
        LEFT JOIN em_prediction_run r ON r",
fresh-s2/D03-36-full-series-then-gate,152.006,1,1,"Query:executing:SELECT d.*, r.result_hash AS run_result_hash, b.output_hash AS batch_output_hash
        FROM em_prediction_display d
        LEFT JOIN em_prediction_run r ON r",
fresh-s2/D03-36-full-series-then-gate,153.019,1,1,"Query:executing:SELECT d.*, r.result_hash AS run_result_hash, b.output_hash AS batch_output_hash
        FROM em_prediction_display d
        LEFT JOIN em_prediction_run r ON r",
fresh-s2/D03-36-full-series-then-gate,154.037,1,1,"Query:executing:SELECT d.*, r.result_hash AS run_result_hash, b.output_hash AS batch_output_hash
        FROM em_prediction_display d
        LEFT JOIN em_prediction_run r ON r",
fresh-s2/D03-36-full-series-then-gate,155.053,1,1,"Query:executing:SELECT d.*, r.result_hash AS run_result_hash, b.output_hash AS batch_output_hash
        FROM em_prediction_display d
        LEFT JOIN em_prediction_run r ON r",
fresh-s2/D03-36-full-series-then-gate,156.063,1,1,"Query:executing:SELECT d.*, r.result_hash AS run_result_hash, b.output_hash AS batch_output_hash
        FROM em_prediction_display d
        LEFT JOIN em_prediction_run r ON r",
fresh-s2/D03-36-full-series-then-gate,157.077,1,1,"Query:executing:SELECT d.*, r.result_hash AS run_result_hash, b.output_hash AS batch_output_hash
        FROM em_prediction_display d
        LEFT JOIN em_prediction_run r ON r",
fresh-s2/D03-36-full-series-then-gate,158.101,1,1,"Query:executing:SELECT d.*, r.result_hash AS run_result_hash, b.output_hash AS batch_output_hash
        FROM em_prediction_display d
        LEFT JOIN em_prediction_run r ON r",
fresh-s2/D03-36-full-series-then-gate,159.114,1,1,"Query:executing:SELECT d.*, r.result_hash AS run_result_hash, b.output_hash AS batch_output_hash
        FROM em_prediction_display d
        LEFT JOIN em_prediction_run r ON r",
fresh-s2/D03-36-full-series-then-gate,160.122,1,1,"Query:executing:SELECT d.*, r.result_hash AS run_result_hash, b.output_hash AS batch_output_hash
        FROM em_prediction_display d
        LEFT JOIN em_prediction_run r ON r",
fresh-s2/D03-36-full-series-then-gate,161.143,1,1,"Query:executing:SELECT d.*, r.result_hash AS run_result_hash, b.output_hash AS batch_output_hash
        FROM em_prediction_display d
        LEFT JOIN em_prediction_run r ON r",
fresh-s2/D03-36-full-series-then-gate,162.162,1,1,"Query:executing:SELECT d.*, r.result_hash AS run_result_hash, b.output_hash AS batch_output_hash
        FROM em_prediction_display d
        LEFT JOIN em_prediction_run r ON r",
fresh-s2/D03-36-full-series-then-gate,163.175,1,1,"Query:executing:SELECT d.*, r.result_hash AS run_result_hash, b.output_hash AS batch_output_hash
        FROM em_prediction_display d
        LEFT JOIN em_prediction_run r ON r",
fresh-s2/D03-36-full-series-then-gate,164.196,1,1,"Query:executing:SELECT d.*, r.result_hash AS run_result_hash, b.output_hash AS batch_output_hash
        FROM em_prediction_display d
        LEFT JOIN em_prediction_run r ON r",
fresh-s2/D03-36-full-series-then-gate,165.207,1,1,"Query:executing:SELECT d.*, r.result_hash AS run_result_hash, b.output_hash AS batch_output_hash
        FROM em_prediction_display d
        LEFT JOIN em_prediction_run r ON r",
fresh-s2/D03-36-full-series-then-gate,166.225,1,1,"Query:executing:SELECT d.*, r.result_hash AS run_result_hash, b.output_hash AS batch_output_hash
        FROM em_prediction_display d
        LEFT JOIN em_prediction_run r ON r",
fresh-s2/D03-36-full-series-then-gate,167.236,1,1,"Query:executing:SELECT d.*, r.result_hash AS run_result_hash, b.output_hash AS batch_output_hash
        FROM em_prediction_display d
        LEFT JOIN em_prediction_run r ON r",
fresh-s2/D03-36-full-series-then-gate,168.259,1,1,"Query:executing:SELECT d.*, r.result_hash AS run_result_hash, b.output_hash AS batch_output_hash
        FROM em_prediction_display d
        LEFT JOIN em_prediction_run r ON r",
fresh-s2/D03-36-full-series-then-gate,169.28,1,1,"Query:executing:SELECT d.*, r.result_hash AS run_result_hash, b.output_hash AS batch_output_hash
        FROM em_prediction_display d
        LEFT JOIN em_prediction_run r ON r",
fresh-s2/D03-36-full-series-then-gate,170.293,1,1,"Query:executing:SELECT d.*, r.result_hash AS run_result_hash, b.output_hash AS batch_output_hash
        FROM em_prediction_display d
        LEFT JOIN em_prediction_run r ON r",
fresh-s2/D03-36-full-series-then-gate,171.301,1,1,"Query:executing:SELECT d.*, r.result_hash AS run_result_hash, b.output_hash AS batch_output_hash
        FROM em_prediction_display d
        LEFT JOIN em_prediction_run r ON r",
fresh-s2/D03-36-full-series-then-gate,172.316,1,1,"Query:executing:SELECT d.*, r.result_hash AS run_result_hash, b.output_hash AS batch_output_hash
        FROM em_prediction_display d
        LEFT JOIN em_prediction_run r ON r",
fresh-s2/D03-36-full-series-then-gate,173.334,1,1,"Query:executing:SELECT d.*, r.result_hash AS run_result_hash, b.output_hash AS batch_output_hash
        FROM em_prediction_display d
        LEFT JOIN em_prediction_run r ON r",
fresh-s2/D03-36-full-series-then-gate,174.347,1,1,"Query:executing:SELECT d.*, r.result_hash AS run_result_hash, b.output_hash AS batch_output_hash
        FROM em_prediction_display d
        LEFT JOIN em_prediction_run r ON r",
fresh-s2/D03-36-full-series-then-gate,175.36,1,1,"Query:executing:SELECT d.*, r.result_hash AS run_result_hash, b.output_hash AS batch_output_hash
        FROM em_prediction_display d
        LEFT JOIN em_prediction_run r ON r",
fresh-s2/D03-36-full-series-then-gate,176.369,1,1,"Query:executing:SELECT d.*, r.result_hash AS run_result_hash, b.output_hash AS batch_output_hash
        FROM em_prediction_display d
        LEFT JOIN em_prediction_run r ON r",
fresh-s2/D03-36-full-series-then-gate,177.38,1,1,"Query:executing:SELECT d.*, r.result_hash AS run_result_hash, b.output_hash AS batch_output_hash
        FROM em_prediction_display d
        LEFT JOIN em_prediction_run r ON r",
fresh-s2/D03-36-full-series-then-gate,178.392,1,1,"Query:executing:SELECT d.*, r.result_hash AS run_result_hash, b.output_hash AS batch_output_hash
        FROM em_prediction_display d
        LEFT JOIN em_prediction_run r ON r",
fresh-s2/D03-36-full-series-then-gate,179.404,1,1,"Query:executing:SELECT d.*, r.result_hash AS run_result_hash, b.output_hash AS batch_output_hash
        FROM em_prediction_display d
        LEFT JOIN em_prediction_run r ON r",
fresh-s2/D04-36-single-and-36-full-then-gate,0.001,1,0,Sleep::,
fresh-s2/D04-36-single-and-36-full-then-gate,1.026,1,1,"Query:executing:SELECT d.*, r.result_hash AS run_result_hash, b.output_hash AS batch_output_hash
        FROM em_prediction_display d
        LEFT JOIN em_prediction_run r ON r",
fresh-s2/D04-36-single-and-36-full-then-gate,2.035,1,1,"Query:executing:SELECT d.*, r.result_hash AS run_result_hash, b.output_hash AS batch_output_hash
        FROM em_prediction_display d
        LEFT JOIN em_prediction_run r ON r",
fresh-s2/D04-36-single-and-36-full-then-gate,3.056,1,1,"Query:executing:SELECT d.*, r.result_hash AS run_result_hash, b.output_hash AS batch_output_hash
        FROM em_prediction_display d
        LEFT JOIN em_prediction_run r ON r",
fresh-s2/D04-36-single-and-36-full-then-gate,4.081,1,1,"Query:executing:SELECT d.*, r.result_hash AS run_result_hash, b.output_hash AS batch_output_hash
        FROM em_prediction_display d
        LEFT JOIN em_prediction_run r ON r",
fresh-s2/D04-36-single-and-36-full-then-gate,5.091,1,1,"Query:executing:SELECT d.*, r.result_hash AS run_result_hash, b.output_hash AS batch_output_hash
        FROM em_prediction_display d
        LEFT JOIN em_prediction_run r ON r",
fresh-s2/D04-36-single-and-36-full-then-gate,7.223,1,1,"Query:executing:SELECT d.*, r.result_hash AS run_result_hash, b.output_hash AS batch_output_hash
        FROM em_prediction_display d
        LEFT JOIN em_prediction_run r ON r",
fresh-s2/D04-36-single-and-36-full-then-gate,8.233,1,1,"Query:executing:SELECT d.*, r.result_hash AS run_result_hash, b.output_hash AS batch_output_hash
        FROM em_prediction_display d
        LEFT JOIN em_prediction_run r ON r",
fresh-s2/D04-36-single-and-36-full-then-gate,9.255,1,1,"Query:executing:SELECT d.*, r.result_hash AS run_result_hash, b.output_hash AS batch_output_hash
        FROM em_prediction_display d
        LEFT JOIN em_prediction_run r ON r",
fresh-s2/D04-36-single-and-36-full-then-gate,10.269,1,1,"Query:executing:SELECT d.*, r.result_hash AS run_result_hash, b.output_hash AS batch_output_hash
        FROM em_prediction_display d
        LEFT JOIN em_prediction_run r ON r",
fresh-s2/D04-36-single-and-36-full-then-gate,11.279,1,1,"Query:executing:SELECT d.*, r.result_hash AS run_result_hash, b.output_hash AS batch_output_hash
        FROM em_prediction_display d
        LEFT JOIN em_prediction_run r ON r",
fresh-s2/D04-36-single-and-36-full-then-gate,12.295,1,1,"Query:executing:SELECT d.*, r.result_hash AS run_result_hash, b.output_hash AS batch_output_hash
        FROM em_prediction_display d
        LEFT JOIN em_prediction_run r ON r",
fresh-s2/D04-36-single-and-36-full-then-gate,13.309,1,1,"Query:executing:SELECT d.*, r.result_hash AS run_result_hash, b.output_hash AS batch_output_hash
        FROM em_prediction_display d
        LEFT JOIN em_prediction_run r ON r",
fresh-s2/D04-36-single-and-36-full-then-gate,14.323,1,1,"Query:executing:SELECT d.*, r.result_hash AS run_result_hash, b.output_hash AS batch_output_hash
        FROM em_prediction_display d
        LEFT JOIN em_prediction_run r ON r",
fresh-s2/D04-36-single-and-36-full-then-gate,15.336,1,1,"Query:executing:SELECT d.*, r.result_hash AS run_result_hash, b.output_hash AS batch_output_hash
        FROM em_prediction_display d
        LEFT JOIN em_prediction_run r ON r",
fresh-s2/D04-36-single-and-36-full-then-gate,17.222,1,1,"Query:executing:SELECT d.*, r.result_hash AS run_result_hash, b.output_hash AS batch_output_hash
        FROM em_prediction_display d
        LEFT JOIN em_prediction_run r ON r",
fresh-s2/D04-36-single-and-36-full-then-gate,18.229,1,1,"Query:executing:SELECT d.*, r.result_hash AS run_result_hash, b.output_hash AS batch_output_hash
        FROM em_prediction_display d
        LEFT JOIN em_prediction_run r ON r",
fresh-s2/D04-36-single-and-36-full-then-gate,19.242,1,1,"Query:executing:SELECT d.*, r.result_hash AS run_result_hash, b.output_hash AS batch_output_hash
        FROM em_prediction_display d
        LEFT JOIN em_prediction_run r ON r",
fresh-s2/D04-36-single-and-36-full-then-gate,20.263,1,1,"Query:executing:SELECT d.*, r.result_hash AS run_result_hash, b.output_hash AS batch_output_hash
        FROM em_prediction_display d
        LEFT JOIN em_prediction_run r ON r",
fresh-s2/D04-36-single-and-36-full-then-gate,21.275,1,1,"Query:executing:SELECT d.*, r.result_hash AS run_result_hash, b.output_hash AS batch_output_hash
        FROM em_prediction_display d
        LEFT JOIN em_prediction_run r ON r",
fresh-s2/D04-36-single-and-36-full-then-gate,22.297,1,1,"Query:executing:SELECT d.*, r.result_hash AS run_result_hash, b.output_hash AS batch_output_hash
        FROM em_prediction_display d
        LEFT JOIN em_prediction_run r ON r",
fresh-s2/D04-36-single-and-36-full-then-gate,23.318,1,1,"Query:executing:SELECT d.*, r.result_hash AS run_result_hash, b.output_hash AS batch_output_hash
        FROM em_prediction_display d
        LEFT JOIN em_prediction_run r ON r",
fresh-s2/D04-36-single-and-36-full-then-gate,24.329,1,1,"Query:executing:SELECT d.*, r.result_hash AS run_result_hash, b.output_hash AS batch_output_hash
        FROM em_prediction_display d
        LEFT JOIN em_prediction_run r ON r",
fresh-s2/D04-36-single-and-36-full-then-gate,25.353,1,1,"Query:executing:SELECT d.*, r.result_hash AS run_result_hash, b.output_hash AS batch_output_hash
        FROM em_prediction_display d
        LEFT JOIN em_prediction_run r ON r",
fresh-s2/D04-36-single-and-36-full-then-gate,26.379,1,1,"Query:executing:SELECT d.*, r.result_hash AS run_result_hash, b.output_hash AS batch_output_hash
        FROM em_prediction_display d
        LEFT JOIN em_prediction_run r ON r",
fresh-s2/D04-36-single-and-36-full-then-gate,27.386,1,1,"Query:executing:SELECT d.*, r.result_hash AS run_result_hash, b.output_hash AS batch_output_hash
        FROM em_prediction_display d
        LEFT JOIN em_prediction_run r ON r",
fresh-s2/D04-36-single-and-36-full-then-gate,28.394,1,1,"Query:executing:SELECT d.*, r.result_hash AS run_result_hash, b.output_hash AS batch_output_hash
        FROM em_prediction_display d
        LEFT JOIN em_prediction_run r ON r",
fresh-s2/D04-36-single-and-36-full-then-gate,29.409,1,1,"Query:executing:SELECT d.*, r.result_hash AS run_result_hash, b.output_hash AS batch_output_hash
        FROM em_prediction_display d
        LEFT JOIN em_prediction_run r ON r",
fresh-s2/D04-36-single-and-36-full-then-gate,30.422,1,1,"Query:executing:SELECT d.*, r.result_hash AS run_result_hash, b.output_hash AS batch_output_hash
        FROM em_prediction_display d
        LEFT JOIN em_prediction_run r ON r",
fresh-s2/D04-36-single-and-36-full-then-gate,32.433,1,1,"Query:executing:SELECT d.*, r.result_hash AS run_result_hash, b.output_hash AS batch_output_hash
        FROM em_prediction_display d
        LEFT JOIN em_prediction_run r ON r",
fresh-s2/D04-36-single-and-36-full-then-gate,33.443,1,1,"Query:executing:SELECT d.*, r.result_hash AS run_result_hash, b.output_hash AS batch_output_hash
        FROM em_prediction_display d
        LEFT JOIN em_prediction_run r ON r",
fresh-s2/D04-36-single-and-36-full-then-gate,34.467,1,1,"Query:executing:SELECT d.*, r.result_hash AS run_result_hash, b.output_hash AS batch_output_hash
        FROM em_prediction_display d
        LEFT JOIN em_prediction_run r ON r",
fresh-s2/D04-36-single-and-36-full-then-gate,35.478,1,1,"Query:executing:SELECT d.*, r.result_hash AS run_result_hash, b.output_hash AS batch_output_hash
        FROM em_prediction_display d
        LEFT JOIN em_prediction_run r ON r",
fresh-s2/D04-36-single-and-36-full-then-gate,36.501,1,1,"Query:executing:SELECT d.*, r.result_hash AS run_result_hash, b.output_hash AS batch_output_hash
        FROM em_prediction_display d
        LEFT JOIN em_prediction_run r ON r",
fresh-s2/D04-36-single-and-36-full-then-gate,37.524,1,1,"Query:executing:SELECT d.*, r.result_hash AS run_result_hash, b.output_hash AS batch_output_hash
        FROM em_prediction_display d
        LEFT JOIN em_prediction_run r ON r",
fresh-s2/D04-36-single-and-36-full-then-gate,38.539,1,1,"Query:executing:SELECT d.*, r.result_hash AS run_result_hash, b.output_hash AS batch_output_hash
        FROM em_prediction_display d
        LEFT JOIN em_prediction_run r ON r",
fresh-s2/D04-36-single-and-36-full-then-gate,39.552,1,1,"Query:executing:SELECT d.*, r.result_hash AS run_result_hash, b.output_hash AS batch_output_hash
        FROM em_prediction_display d
        LEFT JOIN em_prediction_run r ON r",
fresh-s2/D04-36-single-and-36-full-then-gate,40.561,1,1,"Query:executing:SELECT d.*, r.result_hash AS run_result_hash, b.output_hash AS batch_output_hash
        FROM em_prediction_display d
        LEFT JOIN em_prediction_run r ON r",
fresh-s2/D04-36-single-and-36-full-then-gate,41.568,1,1,"Query:executing:SELECT d.*, r.result_hash AS run_result_hash, b.output_hash AS batch_output_hash
        FROM em_prediction_display d
        LEFT JOIN em_prediction_run r ON r",
fresh-s2/D04-36-single-and-36-full-then-gate,42.587,1,1,"Query:executing:SELECT d.*, r.result_hash AS run_result_hash, b.output_hash AS batch_output_hash
        FROM em_prediction_display d
        LEFT JOIN em_prediction_run r ON r",
fresh-s2/D04-36-single-and-36-full-then-gate,43.61,1,1,"Query:executing:SELECT d.*, r.result_hash AS run_result_hash, b.output_hash AS batch_output_hash
        FROM em_prediction_display d
        LEFT JOIN em_prediction_run r ON r",
fresh-s2/D04-36-single-and-36-full-then-gate,44.625,1,1,"Query:executing:SELECT d.*, r.result_hash AS run_result_hash, b.output_hash AS batch_output_hash
        FROM em_prediction_display d
        LEFT JOIN em_prediction_run r ON r",
fresh-s2/D04-36-single-and-36-full-then-gate,45.635,1,1,"Query:executing:SELECT d.*, r.result_hash AS run_result_hash, b.output_hash AS batch_output_hash
        FROM em_prediction_display d
        LEFT JOIN em_prediction_run r ON r",
fresh-s2/D04-36-single-and-36-full-then-gate,46.648,1,1,"Query:executing:SELECT d.*, r.result_hash AS run_result_hash, b.output_hash AS batch_output_hash
        FROM em_prediction_display d
        LEFT JOIN em_prediction_run r ON r",
fresh-s2/D04-36-single-and-36-full-then-gate,47.665,1,1,"Query:executing:SELECT d.*, r.result_hash AS run_result_hash, b.output_hash AS batch_output_hash
        FROM em_prediction_display d
        LEFT JOIN em_prediction_run r ON r",
fresh-s2/D04-36-single-and-36-full-then-gate,48.686,1,1,"Query:executing:SELECT d.*, r.result_hash AS run_result_hash, b.output_hash AS batch_output_hash
        FROM em_prediction_display d
        LEFT JOIN em_prediction_run r ON r",
fresh-s2/D04-36-single-and-36-full-then-gate,49.706,1,1,"Query:executing:SELECT d.*, r.result_hash AS run_result_hash, b.output_hash AS batch_output_hash
        FROM em_prediction_display d
        LEFT JOIN em_prediction_run r ON r",
fresh-s2/D04-36-single-and-36-full-then-gate,50.726,1,1,"Query:executing:SELECT d.*, r.result_hash AS run_result_hash, b.output_hash AS batch_output_hash
        FROM em_prediction_display d
        LEFT JOIN em_prediction_run r ON r",
fresh-s2/D04-36-single-and-36-full-then-gate,51.738,1,1,"Query:executing:SELECT d.*, r.result_hash AS run_result_hash, b.output_hash AS batch_output_hash
        FROM em_prediction_display d
        LEFT JOIN em_prediction_run r ON r",
fresh-s2/D04-36-single-and-36-full-then-gate,52.748,1,1,"Query:executing:SELECT d.*, r.result_hash AS run_result_hash, b.output_hash AS batch_output_hash
        FROM em_prediction_display d
        LEFT JOIN em_prediction_run r ON r",
fresh-s2/D04-36-single-and-36-full-then-gate,53.762,1,1,"Query:executing:SELECT d.*, r.result_hash AS run_result_hash, b.output_hash AS batch_output_hash
        FROM em_prediction_display d
        LEFT JOIN em_prediction_run r ON r",
fresh-s2/D04-36-single-and-36-full-then-gate,54.777,1,1,"Query:executing:SELECT d.*, r.result_hash AS run_result_hash, b.output_hash AS batch_output_hash
        FROM em_prediction_display d
        LEFT JOIN em_prediction_run r ON r",
fresh-s2/D04-36-single-and-36-full-then-gate,55.803,1,1,"Query:executing:SELECT d.*, r.result_hash AS run_result_hash, b.output_hash AS batch_output_hash
        FROM em_prediction_display d
        LEFT JOIN em_prediction_run r ON r",
fresh-s2/D04-36-single-and-36-full-then-gate,56.824,1,1,"Query:executing:SELECT d.*, r.result_hash AS run_result_hash, b.output_hash AS batch_output_hash
        FROM em_prediction_display d
        LEFT JOIN em_prediction_run r ON r",
fresh-s2/D04-36-single-and-36-full-then-gate,57.845,1,1,"Query:executing:SELECT d.*, r.result_hash AS run_result_hash, b.output_hash AS batch_output_hash
        FROM em_prediction_display d
        LEFT JOIN em_prediction_run r ON r",
fresh-s2/D04-36-single-and-36-full-then-gate,58.869,1,1,"Query:executing:SELECT d.*, r.result_hash AS run_result_hash, b.output_hash AS batch_output_hash
        FROM em_prediction_display d
        LEFT JOIN em_prediction_run r ON r",
fresh-s2/D04-36-single-and-36-full-then-gate,59.883,1,1,"Query:executing:SELECT d.*, r.result_hash AS run_result_hash, b.output_hash AS batch_output_hash
        FROM em_prediction_display d
        LEFT JOIN em_prediction_run r ON r",
fresh-s2/D04-36-single-and-36-full-then-gate,60.913,1,1,"Query:executing:SELECT d.*, r.result_hash AS run_result_hash, b.output_hash AS batch_output_hash
        FROM em_prediction_display d
        LEFT JOIN em_prediction_run r ON r",
fresh-s2/D04-36-single-and-36-full-then-gate,62.713,1,1,"Query:executing:SELECT d.*, r.result_hash AS run_result_hash, b.output_hash AS batch_output_hash
        FROM em_prediction_display d
        LEFT JOIN em_prediction_run r ON r",
fresh-s2/D04-36-single-and-36-full-then-gate,63.728,1,1,"Query:executing:SELECT d.*, r.result_hash AS run_result_hash, b.output_hash AS batch_output_hash
        FROM em_prediction_display d
        LEFT JOIN em_prediction_run r ON r",
fresh-s2/D04-36-single-and-36-full-then-gate,64.741,1,1,"Query:executing:SELECT d.*, r.result_hash AS run_result_hash, b.output_hash AS batch_output_hash
        FROM em_prediction_display d
        LEFT JOIN em_prediction_run r ON r",
fresh-s2/D04-36-single-and-36-full-then-gate,65.752,1,1,"Query:executing:SELECT d.*, r.result_hash AS run_result_hash, b.output_hash AS batch_output_hash
        FROM em_prediction_display d
        LEFT JOIN em_prediction_run r ON r",
fresh-s2/D04-36-single-and-36-full-then-gate,66.764,1,1,"Query:executing:SELECT d.*, r.result_hash AS run_result_hash, b.output_hash AS batch_output_hash
        FROM em_prediction_display d
        LEFT JOIN em_prediction_run r ON r",
fresh-s2/D04-36-single-and-36-full-then-gate,67.778,1,1,"Query:executing:SELECT d.*, r.result_hash AS run_result_hash, b.output_hash AS batch_output_hash
        FROM em_prediction_display d
        LEFT JOIN em_prediction_run r ON r",
fresh-s2/D04-36-single-and-36-full-then-gate,68.789,1,1,"Query:executing:SELECT d.*, r.result_hash AS run_result_hash, b.output_hash AS batch_output_hash
        FROM em_prediction_display d
        LEFT JOIN em_prediction_run r ON r",
fresh-s2/D04-36-single-and-36-full-then-gate,69.804,1,1,"Query:executing:SELECT d.*, r.result_hash AS run_result_hash, b.output_hash AS batch_output_hash
        FROM em_prediction_display d
        LEFT JOIN em_prediction_run r ON r",
fresh-s2/D04-36-single-and-36-full-then-gate,70.818,1,1,"Query:executing:SELECT d.*, r.result_hash AS run_result_hash, b.output_hash AS batch_output_hash
        FROM em_prediction_display d
        LEFT JOIN em_prediction_run r ON r",
fresh-s2/D04-36-single-and-36-full-then-gate,71.829,1,1,"Query:executing:SELECT d.*, r.result_hash AS run_result_hash, b.output_hash AS batch_output_hash
        FROM em_prediction_display d
        LEFT JOIN em_prediction_run r ON r",
fresh-s2/D04-36-single-and-36-full-then-gate,72.842,1,1,"Query:executing:SELECT d.*, r.result_hash AS run_result_hash, b.output_hash AS batch_output_hash
        FROM em_prediction_display d
        LEFT JOIN em_prediction_run r ON r",
fresh-s2/D04-36-single-and-36-full-then-gate,73.854,1,1,"Query:executing:SELECT d.*, r.result_hash AS run_result_hash, b.output_hash AS batch_output_hash
        FROM em_prediction_display d
        LEFT JOIN em_prediction_run r ON r",
fresh-s2/D04-36-single-and-36-full-then-gate,74.866,1,1,"Query:executing:SELECT d.*, r.result_hash AS run_result_hash, b.output_hash AS batch_output_hash
        FROM em_prediction_display d
        LEFT JOIN em_prediction_run r ON r",
fresh-s2/D04-36-single-and-36-full-then-gate,75.878,1,1,"Query:executing:SELECT d.*, r.result_hash AS run_result_hash, b.output_hash AS batch_output_hash
        FROM em_prediction_display d
        LEFT JOIN em_prediction_run r ON r",
fresh-s2/D04-36-single-and-36-full-then-gate,76.901,1,1,"Query:executing:SELECT d.*, r.result_hash AS run_result_hash, b.output_hash AS batch_output_hash
        FROM em_prediction_display d
        LEFT JOIN em_prediction_run r ON r",
fresh-s2/D04-36-single-and-36-full-then-gate,77.911,1,1,"Query:executing:SELECT d.*, r.result_hash AS run_result_hash, b.output_hash AS batch_output_hash
        FROM em_prediction_display d
        LEFT JOIN em_prediction_run r ON r",
fresh-s2/D04-36-single-and-36-full-then-gate,78.927,1,1,"Query:executing:SELECT d.*, r.result_hash AS run_result_hash, b.output_hash AS batch_output_hash
        FROM em_prediction_display d
        LEFT JOIN em_prediction_run r ON r",
fresh-s2/D04-36-single-and-36-full-then-gate,79.936,1,1,"Query:executing:SELECT d.*, r.result_hash AS run_result_hash, b.output_hash AS batch_output_hash
        FROM em_prediction_display d
        LEFT JOIN em_prediction_run r ON r",
fresh-s2/D04-36-single-and-36-full-then-gate,80.947,1,1,"Query:executing:SELECT d.*, r.result_hash AS run_result_hash, b.output_hash AS batch_output_hash
        FROM em_prediction_display d
        LEFT JOIN em_prediction_run r ON r",
fresh-s2/D04-36-single-and-36-full-then-gate,81.961,1,1,"Query:executing:SELECT d.*, r.result_hash AS run_result_hash, b.output_hash AS batch_output_hash
        FROM em_prediction_display d
        LEFT JOIN em_prediction_run r ON r",
fresh-s2/D04-36-single-and-36-full-then-gate,82.969,1,1,"Query:executing:SELECT d.*, r.result_hash AS run_result_hash, b.output_hash AS batch_output_hash
        FROM em_prediction_display d
        LEFT JOIN em_prediction_run r ON r",
fresh-s2/D04-36-single-and-36-full-then-gate,83.979,1,1,"Query:executing:SELECT d.*, r.result_hash AS run_result_hash, b.output_hash AS batch_output_hash
        FROM em_prediction_display d
        LEFT JOIN em_prediction_run r ON r",
fresh-s2/D04-36-single-and-36-full-then-gate,84.998,1,1,"Query:executing:SELECT d.*, r.result_hash AS run_result_hash, b.output_hash AS batch_output_hash
        FROM em_prediction_display d
        LEFT JOIN em_prediction_run r ON r",
fresh-s2/D04-36-single-and-36-full-then-gate,86.011,1,1,"Query:executing:SELECT d.*, r.result_hash AS run_result_hash, b.output_hash AS batch_output_hash
        FROM em_prediction_display d
        LEFT JOIN em_prediction_run r ON r",
fresh-s2/D04-36-single-and-36-full-then-gate,87.032,1,1,"Query:executing:SELECT d.*, r.result_hash AS run_result_hash, b.output_hash AS batch_output_hash
        FROM em_prediction_display d
        LEFT JOIN em_prediction_run r ON r",
fresh-s2/D04-36-single-and-36-full-then-gate,88.042,1,1,"Query:executing:SELECT d.*, r.result_hash AS run_result_hash, b.output_hash AS batch_output_hash
        FROM em_prediction_display d
        LEFT JOIN em_prediction_run r ON r",
fresh-s2/D04-36-single-and-36-full-then-gate,89.056,1,1,"Query:executing:SELECT d.*, r.result_hash AS run_result_hash, b.output_hash AS batch_output_hash
        FROM em_prediction_display d
        LEFT JOIN em_prediction_run r ON r",
fresh-s2/D04-36-single-and-36-full-then-gate,90.075,1,1,"Query:executing:SELECT d.*, r.result_hash AS run_result_hash, b.output_hash AS batch_output_hash
        FROM em_prediction_display d
        LEFT JOIN em_prediction_run r ON r",
fresh-s2/D04-36-single-and-36-full-then-gate,91.094,1,1,"Query:executing:SELECT d.*, r.result_hash AS run_result_hash, b.output_hash AS batch_output_hash
        FROM em_prediction_display d
        LEFT JOIN em_prediction_run r ON r",
fresh-s2/D04-36-single-and-36-full-then-gate,92.106,1,1,"Query:executing:SELECT d.*, r.result_hash AS run_result_hash, b.output_hash AS batch_output_hash
        FROM em_prediction_display d
        LEFT JOIN em_prediction_run r ON r",
fresh-s2/D04-36-single-and-36-full-then-gate,93.114,1,1,"Query:executing:SELECT d.*, r.result_hash AS run_result_hash, b.output_hash AS batch_output_hash
        FROM em_prediction_display d
        LEFT JOIN em_prediction_run r ON r",
fresh-s2/D04-36-single-and-36-full-then-gate,94.134,1,1,"Query:executing:SELECT d.*, r.result_hash AS run_result_hash, b.output_hash AS batch_output_hash
        FROM em_prediction_display d
        LEFT JOIN em_prediction_run r ON r",
fresh-s2/D04-36-single-and-36-full-then-gate,95.147,1,1,"Query:executing:SELECT d.*, r.result_hash AS run_result_hash, b.output_hash AS batch_output_hash
        FROM em_prediction_display d
        LEFT JOIN em_prediction_run r ON r",
fresh-s2/D04-36-single-and-36-full-then-gate,96.164,1,1,"Query:executing:SELECT d.*, r.result_hash AS run_result_hash, b.output_hash AS batch_output_hash
        FROM em_prediction_display d
        LEFT JOIN em_prediction_run r ON r",
fresh-s2/D04-36-single-and-36-full-then-gate,97.185,1,1,"Query:executing:SELECT d.*, r.result_hash AS run_result_hash, b.output_hash AS batch_output_hash
        FROM em_prediction_display d
        LEFT JOIN em_prediction_run r ON r",
fresh-s2/D04-36-single-and-36-full-then-gate,98.194,1,1,"Query:executing:SELECT d.*, r.result_hash AS run_result_hash, b.output_hash AS batch_output_hash
        FROM em_prediction_display d
        LEFT JOIN em_prediction_run r ON r",
fresh-s2/D04-36-single-and-36-full-then-gate,99.216,1,1,"Query:executing:SELECT d.*, r.result_hash AS run_result_hash, b.output_hash AS batch_output_hash
        FROM em_prediction_display d
        LEFT JOIN em_prediction_run r ON r",
fresh-s2/D04-36-single-and-36-full-then-gate,100.223,1,1,"Query:executing:SELECT d.*, r.result_hash AS run_result_hash, b.output_hash AS batch_output_hash
        FROM em_prediction_display d
        LEFT JOIN em_prediction_run r ON r",
fresh-s2/D04-36-single-and-36-full-then-gate,101.235,1,1,"Query:executing:SELECT d.*, r.result_hash AS run_result_hash, b.output_hash AS batch_output_hash
        FROM em_prediction_display d
        LEFT JOIN em_prediction_run r ON r",
fresh-s2/D04-36-single-and-36-full-then-gate,102.247,1,1,"Query:executing:SELECT d.*, r.result_hash AS run_result_hash, b.output_hash AS batch_output_hash
        FROM em_prediction_display d
        LEFT JOIN em_prediction_run r ON r",
fresh-s2/D04-36-single-and-36-full-then-gate,103.261,1,1,"Query:executing:SELECT d.*, r.result_hash AS run_result_hash, b.output_hash AS batch_output_hash
        FROM em_prediction_display d
        LEFT JOIN em_prediction_run r ON r",
fresh-s2/D04-36-single-and-36-full-then-gate,104.273,1,1,"Query:executing:SELECT d.*, r.result_hash AS run_result_hash, b.output_hash AS batch_output_hash
        FROM em_prediction_display d
        LEFT JOIN em_prediction_run r ON r",
fresh-s2/D04-36-single-and-36-full-then-gate,105.295,1,1,"Query:executing:SELECT d.*, r.result_hash AS run_result_hash, b.output_hash AS batch_output_hash
        FROM em_prediction_display d
        LEFT JOIN em_prediction_run r ON r",
fresh-s2/D04-36-single-and-36-full-then-gate,106.312,1,1,"Query:executing:SELECT d.*, r.result_hash AS run_result_hash, b.output_hash AS batch_output_hash
        FROM em_prediction_display d
        LEFT JOIN em_prediction_run r ON r",
fresh-s2/D04-36-single-and-36-full-then-gate,107.326,1,1,"Query:executing:SELECT d.*, r.result_hash AS run_result_hash, b.output_hash AS batch_output_hash
        FROM em_prediction_display d
        LEFT JOIN em_prediction_run r ON r",
fresh-s2/D04-36-single-and-36-full-then-gate,108.337,1,1,"Query:executing:SELECT d.*, r.result_hash AS run_result_hash, b.output_hash AS batch_output_hash
        FROM em_prediction_display d
        LEFT JOIN em_prediction_run r ON r",
fresh-s2/D04-36-single-and-36-full-then-gate,109.352,1,1,"Query:executing:SELECT d.*, r.result_hash AS run_result_hash, b.output_hash AS batch_output_hash
        FROM em_prediction_display d
        LEFT JOIN em_prediction_run r ON r",
fresh-s2/D04-36-single-and-36-full-then-gate,110.376,1,1,"Query:executing:SELECT d.*, r.result_hash AS run_result_hash, b.output_hash AS batch_output_hash
        FROM em_prediction_display d
        LEFT JOIN em_prediction_run r ON r",
fresh-s2/D04-36-single-and-36-full-then-gate,111.386,1,1,"Query:executing:SELECT d.*, r.result_hash AS run_result_hash, b.output_hash AS batch_output_hash
        FROM em_prediction_display d
        LEFT JOIN em_prediction_run r ON r",
fresh-s2/D04-36-single-and-36-full-then-gate,112.406,1,1,"Query:executing:SELECT d.*, r.result_hash AS run_result_hash, b.output_hash AS batch_output_hash
        FROM em_prediction_display d
        LEFT JOIN em_prediction_run r ON r",
fresh-s2/D04-36-single-and-36-full-then-gate,113.423,1,1,"Query:executing:SELECT d.*, r.result_hash AS run_result_hash, b.output_hash AS batch_output_hash
        FROM em_prediction_display d
        LEFT JOIN em_prediction_run r ON r",
fresh-s2/D04-36-single-and-36-full-then-gate,114.438,1,1,"Query:executing:SELECT d.*, r.result_hash AS run_result_hash, b.output_hash AS batch_output_hash
        FROM em_prediction_display d
        LEFT JOIN em_prediction_run r ON r",
fresh-s2/D04-36-single-and-36-full-then-gate,115.455,1,1,"Query:executing:SELECT d.*, r.result_hash AS run_result_hash, b.output_hash AS batch_output_hash
        FROM em_prediction_display d
        LEFT JOIN em_prediction_run r ON r",
fresh-s2/D04-36-single-and-36-full-then-gate,116.47,1,1,"Query:executing:SELECT d.*, r.result_hash AS run_result_hash, b.output_hash AS batch_output_hash
        FROM em_prediction_display d
        LEFT JOIN em_prediction_run r ON r",
fresh-s2/D04-36-single-and-36-full-then-gate,117.491,1,1,"Query:executing:SELECT d.*, r.result_hash AS run_result_hash, b.output_hash AS batch_output_hash
        FROM em_prediction_display d
        LEFT JOIN em_prediction_run r ON r",
fresh-s2/D04-36-single-and-36-full-then-gate,118.501,1,1,"Query:executing:SELECT d.*, r.result_hash AS run_result_hash, b.output_hash AS batch_output_hash
        FROM em_prediction_display d
        LEFT JOIN em_prediction_run r ON r",
fresh-s2/D04-36-single-and-36-full-then-gate,119.514,1,1,"Query:executing:SELECT d.*, r.result_hash AS run_result_hash, b.output_hash AS batch_output_hash
        FROM em_prediction_display d
        LEFT JOIN em_prediction_run r ON r",
fresh-s2/D04-36-single-and-36-full-then-gate,120.527,1,1,"Query:executing:SELECT d.*, r.result_hash AS run_result_hash, b.output_hash AS batch_output_hash
        FROM em_prediction_display d
        LEFT JOIN em_prediction_run r ON r",
fresh-s2/D04-36-single-and-36-full-then-gate,122.565,1,1,"Query:executing:SELECT d.*, r.result_hash AS run_result_hash, b.output_hash AS batch_output_hash
        FROM em_prediction_display d
        LEFT JOIN em_prediction_run r ON r",
fresh-s2/D04-36-single-and-36-full-then-gate,123.574,1,1,"Query:executing:SELECT d.*, r.result_hash AS run_result_hash, b.output_hash AS batch_output_hash
        FROM em_prediction_display d
        LEFT JOIN em_prediction_run r ON r",
fresh-s2/D04-36-single-and-36-full-then-gate,124.588,1,1,"Query:executing:SELECT d.*, r.result_hash AS run_result_hash, b.output_hash AS batch_output_hash
        FROM em_prediction_display d
        LEFT JOIN em_prediction_run r ON r",
fresh-s2/D04-36-single-and-36-full-then-gate,125.598,1,1,"Query:executing:SELECT d.*, r.result_hash AS run_result_hash, b.output_hash AS batch_output_hash
        FROM em_prediction_display d
        LEFT JOIN em_prediction_run r ON r",
fresh-s2/D04-36-single-and-36-full-then-gate,126.611,1,1,"Query:executing:SELECT d.*, r.result_hash AS run_result_hash, b.output_hash AS batch_output_hash
        FROM em_prediction_display d
        LEFT JOIN em_prediction_run r ON r",
fresh-s2/D04-36-single-and-36-full-then-gate,127.623,1,1,"Query:executing:SELECT d.*, r.result_hash AS run_result_hash, b.output_hash AS batch_output_hash
        FROM em_prediction_display d
        LEFT JOIN em_prediction_run r ON r",
fresh-s2/D04-36-single-and-36-full-then-gate,128.635,1,1,"Query:executing:SELECT d.*, r.result_hash AS run_result_hash, b.output_hash AS batch_output_hash
        FROM em_prediction_display d
        LEFT JOIN em_prediction_run r ON r",
fresh-s2/D04-36-single-and-36-full-then-gate,129.656,1,1,"Query:executing:SELECT d.*, r.result_hash AS run_result_hash, b.output_hash AS batch_output_hash
        FROM em_prediction_display d
        LEFT JOIN em_prediction_run r ON r",
fresh-s2/D04-36-single-and-36-full-then-gate,130.672,1,1,"Query:executing:SELECT d.*, r.result_hash AS run_result_hash, b.output_hash AS batch_output_hash
        FROM em_prediction_display d
        LEFT JOIN em_prediction_run r ON r",
fresh-s2/D04-36-single-and-36-full-then-gate,131.682,1,1,"Query:executing:SELECT d.*, r.result_hash AS run_result_hash, b.output_hash AS batch_output_hash
        FROM em_prediction_display d
        LEFT JOIN em_prediction_run r ON r",
fresh-s2/D04-36-single-and-36-full-then-gate,132.708,1,1,"Query:executing:SELECT d.*, r.result_hash AS run_result_hash, b.output_hash AS batch_output_hash
        FROM em_prediction_display d
        LEFT JOIN em_prediction_run r ON r",
fresh-s2/D04-36-single-and-36-full-then-gate,133.72,1,1,"Query:executing:SELECT d.*, r.result_hash AS run_result_hash, b.output_hash AS batch_output_hash
        FROM em_prediction_display d
        LEFT JOIN em_prediction_run r ON r",
fresh-s2/D04-36-single-and-36-full-then-gate,134.735,1,1,"Query:executing:SELECT d.*, r.result_hash AS run_result_hash, b.output_hash AS batch_output_hash
        FROM em_prediction_display d
        LEFT JOIN em_prediction_run r ON r",
fresh-s2/D04-36-single-and-36-full-then-gate,135.745,1,1,"Query:executing:SELECT d.*, r.result_hash AS run_result_hash, b.output_hash AS batch_output_hash
        FROM em_prediction_display d
        LEFT JOIN em_prediction_run r ON r",
fresh-s2/D04-36-single-and-36-full-then-gate,136.761,1,1,"Query:executing:SELECT d.*, r.result_hash AS run_result_hash, b.output_hash AS batch_output_hash
        FROM em_prediction_display d
        LEFT JOIN em_prediction_run r ON r",
fresh-s2/D04-36-single-and-36-full-then-gate,137.778,1,1,"Query:executing:SELECT d.*, r.result_hash AS run_result_hash, b.output_hash AS batch_output_hash
        FROM em_prediction_display d
        LEFT JOIN em_prediction_run r ON r",
fresh-s2/D04-36-single-and-36-full-then-gate,138.787,1,1,"Query:executing:SELECT d.*, r.result_hash AS run_result_hash, b.output_hash AS batch_output_hash
        FROM em_prediction_display d
        LEFT JOIN em_prediction_run r ON r",
fresh-s2/D04-36-single-and-36-full-then-gate,139.798,1,1,"Query:executing:SELECT d.*, r.result_hash AS run_result_hash, b.output_hash AS batch_output_hash
        FROM em_prediction_display d
        LEFT JOIN em_prediction_run r ON r",
fresh-s2/D04-36-single-and-36-full-then-gate,140.811,1,1,"Query:executing:SELECT d.*, r.result_hash AS run_result_hash, b.output_hash AS batch_output_hash
        FROM em_prediction_display d
        LEFT JOIN em_prediction_run r ON r",
fresh-s2/D04-36-single-and-36-full-then-gate,141.828,1,1,"Query:executing:SELECT d.*, r.result_hash AS run_result_hash, b.output_hash AS batch_output_hash
        FROM em_prediction_display d
        LEFT JOIN em_prediction_run r ON r",
fresh-s2/D04-36-single-and-36-full-then-gate,142.836,1,1,"Query:executing:SELECT d.*, r.result_hash AS run_result_hash, b.output_hash AS batch_output_hash
        FROM em_prediction_display d
        LEFT JOIN em_prediction_run r ON r",
fresh-s2/D04-36-single-and-36-full-then-gate,143.862,1,1,"Query:executing:SELECT d.*, r.result_hash AS run_result_hash, b.output_hash AS batch_output_hash
        FROM em_prediction_display d
        LEFT JOIN em_prediction_run r ON r",
fresh-s2/D04-36-single-and-36-full-then-gate,144.878,1,1,"Query:executing:SELECT d.*, r.result_hash AS run_result_hash, b.output_hash AS batch_output_hash
        FROM em_prediction_display d
        LEFT JOIN em_prediction_run r ON r",
fresh-s2/D04-36-single-and-36-full-then-gate,145.889,1,1,"Query:executing:SELECT d.*, r.result_hash AS run_result_hash, b.output_hash AS batch_output_hash
        FROM em_prediction_display d
        LEFT JOIN em_prediction_run r ON r",
fresh-s2/D04-36-single-and-36-full-then-gate,146.908,1,1,"Query:executing:SELECT d.*, r.result_hash AS run_result_hash, b.output_hash AS batch_output_hash
        FROM em_prediction_display d
        LEFT JOIN em_prediction_run r ON r",
fresh-s2/D04-36-single-and-36-full-then-gate,147.919,1,1,"Query:executing:SELECT d.*, r.result_hash AS run_result_hash, b.output_hash AS batch_output_hash
        FROM em_prediction_display d
        LEFT JOIN em_prediction_run r ON r",
fresh-s2/D04-36-single-and-36-full-then-gate,148.93,1,1,"Query:executing:SELECT d.*, r.result_hash AS run_result_hash, b.output_hash AS batch_output_hash
        FROM em_prediction_display d
        LEFT JOIN em_prediction_run r ON r",
fresh-s2/D04-36-single-and-36-full-then-gate,149.951,1,1,"Query:executing:SELECT d.*, r.result_hash AS run_result_hash, b.output_hash AS batch_output_hash
        FROM em_prediction_display d
        LEFT JOIN em_prediction_run r ON r",
fresh-s2/D04-36-single-and-36-full-then-gate,150.961,1,1,"Query:executing:SELECT d.*, r.result_hash AS run_result_hash, b.output_hash AS batch_output_hash
        FROM em_prediction_display d
        LEFT JOIN em_prediction_run r ON r",
fresh-s2/D04-36-single-and-36-full-then-gate,151.97,1,1,"Query:executing:SELECT d.*, r.result_hash AS run_result_hash, b.output_hash AS batch_output_hash
        FROM em_prediction_display d
        LEFT JOIN em_prediction_run r ON r",
fresh-s2/D04-36-single-and-36-full-then-gate,152.982,1,1,"Query:executing:SELECT d.*, r.result_hash AS run_result_hash, b.output_hash AS batch_output_hash
        FROM em_prediction_display d
        LEFT JOIN em_prediction_run r ON r",
fresh-s2/D04-36-single-and-36-full-then-gate,153.996,1,1,"Query:executing:SELECT d.*, r.result_hash AS run_result_hash, b.output_hash AS batch_output_hash
        FROM em_prediction_display d
        LEFT JOIN em_prediction_run r ON r",
fresh-s2/D04-36-single-and-36-full-then-gate,155.009,1,1,"Query:executing:SELECT d.*, r.result_hash AS run_result_hash, b.output_hash AS batch_output_hash
        FROM em_prediction_display d
        LEFT JOIN em_prediction_run r ON r",
fresh-s2/D04-36-single-and-36-full-then-gate,156.043,1,1,"Query:executing:SELECT d.*, r.result_hash AS run_result_hash, b.output_hash AS batch_output_hash
        FROM em_prediction_display d
        LEFT JOIN em_prediction_run r ON r",
fresh-s2/D04-36-single-and-36-full-then-gate,157.058,1,1,"Query:executing:SELECT d.*, r.result_hash AS run_result_hash, b.output_hash AS batch_output_hash
        FROM em_prediction_display d
        LEFT JOIN em_prediction_run r ON r",
fresh-s2/D04-36-single-and-36-full-then-gate,158.071,1,1,"Query:executing:SELECT d.*, r.result_hash AS run_result_hash, b.output_hash AS batch_output_hash
        FROM em_prediction_display d
        LEFT JOIN em_prediction_run r ON r",
fresh-s2/D04-36-single-and-36-full-then-gate,159.085,1,1,"Query:executing:SELECT d.*, r.result_hash AS run_result_hash, b.output_hash AS batch_output_hash
        FROM em_prediction_display d
        LEFT JOIN em_prediction_run r ON r",
fresh-s2/D04-36-single-and-36-full-then-gate,160.094,1,1,"Query:executing:SELECT d.*, r.result_hash AS run_result_hash, b.output_hash AS batch_output_hash
        FROM em_prediction_display d
        LEFT JOIN em_prediction_run r ON r",
fresh-s2/D04-36-single-and-36-full-then-gate,161.119,1,1,"Query:executing:SELECT d.*, r.result_hash AS run_result_hash, b.output_hash AS batch_output_hash
        FROM em_prediction_display d
        LEFT JOIN em_prediction_run r ON r",
fresh-s2/D04-36-single-and-36-full-then-gate,162.131,1,1,"Query:executing:SELECT d.*, r.result_hash AS run_result_hash, b.output_hash AS batch_output_hash
        FROM em_prediction_display d
        LEFT JOIN em_prediction_run r ON r",
fresh-s2/D04-36-single-and-36-full-then-gate,163.155,1,1,"Query:executing:SELECT d.*, r.result_hash AS run_result_hash, b.output_hash AS batch_output_hash
        FROM em_prediction_display d
        LEFT JOIN em_prediction_run r ON r",
fresh-s2/D04-36-single-and-36-full-then-gate,164.175,1,1,"Query:executing:SELECT d.*, r.result_hash AS run_result_hash, b.output_hash AS batch_output_hash
        FROM em_prediction_display d
        LEFT JOIN em_prediction_run r ON r",
fresh-s2/D04-36-single-and-36-full-then-gate,165.197,1,1,"Query:executing:SELECT d.*, r.result_hash AS run_result_hash, b.output_hash AS batch_output_hash
        FROM em_prediction_display d
        LEFT JOIN em_prediction_run r ON r",
fresh-s2/D04-36-single-and-36-full-then-gate,166.212,1,1,"Query:executing:SELECT d.*, r.result_hash AS run_result_hash, b.output_hash AS batch_output_hash
        FROM em_prediction_display d
        LEFT JOIN em_prediction_run r ON r",
fresh-s2/D04-36-single-and-36-full-then-gate,167.229,1,1,"Query:executing:SELECT d.*, r.result_hash AS run_result_hash, b.output_hash AS batch_output_hash
        FROM em_prediction_display d
        LEFT JOIN em_prediction_run r ON r",
fresh-s2/D04-36-single-and-36-full-then-gate,168.243,1,1,"Query:executing:SELECT d.*, r.result_hash AS run_result_hash, b.output_hash AS batch_output_hash
        FROM em_prediction_display d
        LEFT JOIN em_prediction_run r ON r",
fresh-s2/D04-36-single-and-36-full-then-gate,169.252,1,1,"Query:executing:SELECT d.*, r.result_hash AS run_result_hash, b.output_hash AS batch_output_hash
        FROM em_prediction_display d
        LEFT JOIN em_prediction_run r ON r",
fresh-s2/D04-36-single-and-36-full-then-gate,170.267,1,1,"Query:executing:SELECT d.*, r.result_hash AS run_result_hash, b.output_hash AS batch_output_hash
        FROM em_prediction_display d
        LEFT JOIN em_prediction_run r ON r",
fresh-s2/D04-36-single-and-36-full-then-gate,171.275,1,1,"Query:executing:SELECT d.*, r.result_hash AS run_result_hash, b.output_hash AS batch_output_hash
        FROM em_prediction_display d
        LEFT JOIN em_prediction_run r ON r",
fresh-s2/D04-36-single-and-36-full-then-gate,172.297,1,1,"Query:executing:SELECT d.*, r.result_hash AS run_result_hash, b.output_hash AS batch_output_hash
        FROM em_prediction_display d
        LEFT JOIN em_prediction_run r ON r",
fresh-s2/D04-36-single-and-36-full-then-gate,173.308,1,1,"Query:executing:SELECT d.*, r.result_hash AS run_result_hash, b.output_hash AS batch_output_hash
        FROM em_prediction_display d
        LEFT JOIN em_prediction_run r ON r",
fresh-s2/D04-36-single-and-36-full-then-gate,174.327,1,1,"Query:executing:SELECT d.*, r.result_hash AS run_result_hash, b.output_hash AS batch_output_hash
        FROM em_prediction_display d
        LEFT JOIN em_prediction_run r ON r",
fresh-s2/D04-36-single-and-36-full-then-gate,175.34,1,1,"Query:executing:SELECT d.*, r.result_hash AS run_result_hash, b.output_hash AS batch_output_hash
        FROM em_prediction_display d
        LEFT JOIN em_prediction_run r ON r",
fresh-s2/D04-36-single-and-36-full-then-gate,176.361,1,1,"Query:executing:SELECT d.*, r.result_hash AS run_result_hash, b.output_hash AS batch_output_hash
        FROM em_prediction_display d
        LEFT JOIN em_prediction_run r ON r",
fresh-s2/D04-36-single-and-36-full-then-gate,177.387,1,1,"Query:executing:SELECT d.*, r.result_hash AS run_result_hash, b.output_hash AS batch_output_hash
        FROM em_prediction_display d
        LEFT JOIN em_prediction_run r ON r",
fresh-s2/D04-36-single-and-36-full-then-gate,178.397,1,1,"Query:executing:SELECT d.*, r.result_hash AS run_result_hash, b.output_hash AS batch_output_hash
        FROM em_prediction_display d
        LEFT JOIN em_prediction_run r ON r",
fresh-s2/D04-36-single-and-36-full-then-gate,179.407,1,1,"Query:executing:SELECT d.*, r.result_hash AS run_result_hash, b.output_hash AS batch_output_hash
        FROM em_prediction_display d
        LEFT JOIN em_prediction_run r ON r",
gpt-review-package/evidence/fresh-s2/D01-gate-first,0.001,1,0,Sleep::,
gpt-review-package/evidence/fresh-s2/D01-gate-first,1.016,1,1,"Query:executing:SELECT d.*, r.result_hash AS run_result_hash, b.output_hash AS batch_output_hash
        FROM em_prediction_display d
        LEFT JOIN em_prediction_run r ON r",
gpt-review-package/evidence/fresh-s2/D01-gate-first,2.03,1,1,"Query:executing:SELECT d.*, r.result_hash AS run_result_hash, b.output_hash AS batch_output_hash
        FROM em_prediction_display d
        LEFT JOIN em_prediction_run r ON r",
gpt-review-package/evidence/fresh-s2/D01-gate-first,3.045,1,1,"Query:executing:SELECT d.*, r.result_hash AS run_result_hash, b.output_hash AS batch_output_hash
        FROM em_prediction_display d
        LEFT JOIN em_prediction_run r ON r",
gpt-review-package/evidence/fresh-s2/D01-gate-first,4.058,1,1,"Query:executing:SELECT d.*, r.result_hash AS run_result_hash, b.output_hash AS batch_output_hash
        FROM em_prediction_display d
        LEFT JOIN em_prediction_run r ON r",
gpt-review-package/evidence/fresh-s2/D01-gate-first,5.076,1,1,"Query:executing:SELECT d.*, r.result_hash AS run_result_hash, b.output_hash AS batch_output_hash
        FROM em_prediction_display d
        LEFT JOIN em_prediction_run r ON r",
gpt-review-package/evidence/fresh-s2/D01-gate-first,7.445,1,1,"Query:executing:SELECT d.*, r.result_hash AS run_result_hash, b.output_hash AS batch_output_hash
        FROM em_prediction_display d
        LEFT JOIN em_prediction_run r ON r",
gpt-review-package/evidence/fresh-s2/D01-gate-first,8.453,1,1,"Query:executing:SELECT d.*, r.result_hash AS run_result_hash, b.output_hash AS batch_output_hash
        FROM em_prediction_display d
        LEFT JOIN em_prediction_run r ON r",
gpt-review-package/evidence/fresh-s2/D01-gate-first,9.471,1,1,"Query:executing:SELECT d.*, r.result_hash AS run_result_hash, b.output_hash AS batch_output_hash
        FROM em_prediction_display d
        LEFT JOIN em_prediction_run r ON r",
gpt-review-package/evidence/fresh-s2/D01-gate-first,10.483,1,1,"Query:executing:SELECT d.*, r.result_hash AS run_result_hash, b.output_hash AS batch_output_hash
        FROM em_prediction_display d
        LEFT JOIN em_prediction_run r ON r",
gpt-review-package/evidence/fresh-s2/D01-gate-first,11.503,1,1,"Query:executing:SELECT d.*, r.result_hash AS run_result_hash, b.output_hash AS batch_output_hash
        FROM em_prediction_display d
        LEFT JOIN em_prediction_run r ON r",
gpt-review-package/evidence/fresh-s2/D01-gate-first,12.517,1,1,"Query:executing:SELECT d.*, r.result_hash AS run_result_hash, b.output_hash AS batch_output_hash
        FROM em_prediction_display d
        LEFT JOIN em_prediction_run r ON r",
gpt-review-package/evidence/fresh-s2/D01-gate-first,13.538,1,1,"Query:executing:SELECT d.*, r.result_hash AS run_result_hash, b.output_hash AS batch_output_hash
        FROM em_prediction_display d
        LEFT JOIN em_prediction_run r ON r",
gpt-review-package/evidence/fresh-s2/D01-gate-first,14.556,1,1,"Query:executing:SELECT d.*, r.result_hash AS run_result_hash, b.output_hash AS batch_output_hash
        FROM em_prediction_display d
        LEFT JOIN em_prediction_run r ON r",
gpt-review-package/evidence/fresh-s2/D01-gate-first,15.571,1,1,"Query:executing:SELECT d.*, r.result_hash AS run_result_hash, b.output_hash AS batch_output_hash
        FROM em_prediction_display d
        LEFT JOIN em_prediction_run r ON r",
gpt-review-package/evidence/fresh-s2/D01-gate-first,17.495,1,1,"Query:executing:SELECT d.*, r.result_hash AS run_result_hash, b.output_hash AS batch_output_hash
        FROM em_prediction_display d
        LEFT JOIN em_prediction_run r ON r",
gpt-review-package/evidence/fresh-s2/D01-gate-first,18.507,1,1,"Query:executing:SELECT d.*, r.result_hash AS run_result_hash, b.output_hash AS batch_output_hash
        FROM em_prediction_display d
        LEFT JOIN em_prediction_run r ON r",
gpt-review-package/evidence/fresh-s2/D01-gate-first,19.517,1,1,"Query:executing:SELECT d.*, r.result_hash AS run_result_hash, b.output_hash AS batch_output_hash
        FROM em_prediction_display d
        LEFT JOIN em_prediction_run r ON r",
gpt-review-package/evidence/fresh-s2/D01-gate-first,20.531,1,1,"Query:executing:SELECT d.*, r.result_hash AS run_result_hash, b.output_hash AS batch_output_hash
        FROM em_prediction_display d
        LEFT JOIN em_prediction_run r ON r",
gpt-review-package/evidence/fresh-s2/D01-gate-first,21.539,1,1,"Query:executing:SELECT d.*, r.result_hash AS run_result_hash, b.output_hash AS batch_output_hash
        FROM em_prediction_display d
        LEFT JOIN em_prediction_run r ON r",
gpt-review-package/evidence/fresh-s2/D01-gate-first,22.56,1,1,"Query:executing:SELECT d.*, r.result_hash AS run_result_hash, b.output_hash AS batch_output_hash
        FROM em_prediction_display d
        LEFT JOIN em_prediction_run r ON r",
gpt-review-package/evidence/fresh-s2/D01-gate-first,23.582,1,1,"Query:executing:SELECT d.*, r.result_hash AS run_result_hash, b.output_hash AS batch_output_hash
        FROM em_prediction_display d
        LEFT JOIN em_prediction_run r ON r",
gpt-review-package/evidence/fresh-s2/D01-gate-first,24.6,1,1,"Query:executing:SELECT d.*, r.result_hash AS run_result_hash, b.output_hash AS batch_output_hash
        FROM em_prediction_display d
        LEFT JOIN em_prediction_run r ON r",
gpt-review-package/evidence/fresh-s2/D01-gate-first,25.621,1,1,"Query:executing:SELECT d.*, r.result_hash AS run_result_hash, b.output_hash AS batch_output_hash
        FROM em_prediction_display d
        LEFT JOIN em_prediction_run r ON r",
gpt-review-package/evidence/fresh-s2/D01-gate-first,26.642,1,1,"Query:executing:SELECT d.*, r.result_hash AS run_result_hash, b.output_hash AS batch_output_hash
        FROM em_prediction_display d
        LEFT JOIN em_prediction_run r ON r",
gpt-review-package/evidence/fresh-s2/D01-gate-first,27.651,1,1,"Query:executing:SELECT d.*, r.result_hash AS run_result_hash, b.output_hash AS batch_output_hash
        FROM em_prediction_display d
        LEFT JOIN em_prediction_run r ON r",
gpt-review-package/evidence/fresh-s2/D01-gate-first,28.665,1,1,"Query:executing:SELECT d.*, r.result_hash AS run_result_hash, b.output_hash AS batch_output_hash
        FROM em_prediction_display d
        LEFT JOIN em_prediction_run r ON r",
gpt-review-package/evidence/fresh-s2/D01-gate-first,29.684,1,1,"Query:executing:SELECT d.*, r.result_hash AS run_result_hash, b.output_hash AS batch_output_hash
        FROM em_prediction_display d
        LEFT JOIN em_prediction_run r ON r",
gpt-review-package/evidence/fresh-s2/D01-gate-first,30.698,1,1,"Query:executing:SELECT d.*, r.result_hash AS run_result_hash, b.output_hash AS batch_output_hash
        FROM em_prediction_display d
        LEFT JOIN em_prediction_run r ON r",
gpt-review-package/evidence/fresh-s2/D01-gate-first,32.545,1,1,"Query:executing:SELECT d.*, r.result_hash AS run_result_hash, b.output_hash AS batch_output_hash
        FROM em_prediction_display d
        LEFT JOIN em_prediction_run r ON r",
gpt-review-package/evidence/fresh-s2/D01-gate-first,33.556,1,1,"Query:executing:SELECT d.*, r.result_hash AS run_result_hash, b.output_hash AS batch_output_hash
        FROM em_prediction_display d
        LEFT JOIN em_prediction_run r ON r",
gpt-review-package/evidence/fresh-s2/D01-gate-first,34.571,1,1,"Query:executing:SELECT d.*, r.result_hash AS run_result_hash, b.output_hash AS batch_output_hash
        FROM em_prediction_display d
        LEFT JOIN em_prediction_run r ON r",
gpt-review-package/evidence/fresh-s2/D01-gate-first,35.586,1,1,"Query:executing:SELECT d.*, r.result_hash AS run_result_hash, b.output_hash AS batch_output_hash
        FROM em_prediction_display d
        LEFT JOIN em_prediction_run r ON r",
gpt-review-package/evidence/fresh-s2/D01-gate-first,36.601,1,1,"Query:executing:SELECT d.*, r.result_hash AS run_result_hash, b.output_hash AS batch_output_hash
        FROM em_prediction_display d
        LEFT JOIN em_prediction_run r ON r",
gpt-review-package/evidence/fresh-s2/D01-gate-first,37.614,1,1,"Query:executing:SELECT d.*, r.result_hash AS run_result_hash, b.output_hash AS batch_output_hash
        FROM em_prediction_display d
        LEFT JOIN em_prediction_run r ON r",
gpt-review-package/evidence/fresh-s2/D01-gate-first,38.632,1,1,"Query:executing:SELECT d.*, r.result_hash AS run_result_hash, b.output_hash AS batch_output_hash
        FROM em_prediction_display d
        LEFT JOIN em_prediction_run r ON r",
gpt-review-package/evidence/fresh-s2/D01-gate-first,39.644,1,1,"Query:executing:SELECT d.*, r.result_hash AS run_result_hash, b.output_hash AS batch_output_hash
        FROM em_prediction_display d
        LEFT JOIN em_prediction_run r ON r",
gpt-review-package/evidence/fresh-s2/D01-gate-first,40.666,1,1,"Query:executing:SELECT d.*, r.result_hash AS run_result_hash, b.output_hash AS batch_output_hash
        FROM em_prediction_display d
        LEFT JOIN em_prediction_run r ON r",
gpt-review-package/evidence/fresh-s2/D01-gate-first,41.686,1,1,"Query:executing:SELECT d.*, r.result_hash AS run_result_hash, b.output_hash AS batch_output_hash
        FROM em_prediction_display d
        LEFT JOIN em_prediction_run r ON r",
gpt-review-package/evidence/fresh-s2/D01-gate-first,42.703,1,1,"Query:executing:SELECT d.*, r.result_hash AS run_result_hash, b.output_hash AS batch_output_hash
        FROM em_prediction_display d
        LEFT JOIN em_prediction_run r ON r",
gpt-review-package/evidence/fresh-s2/D01-gate-first,43.712,1,1,"Query:executing:SELECT d.*, r.result_hash AS run_result_hash, b.output_hash AS batch_output_hash
        FROM em_prediction_display d
        LEFT JOIN em_prediction_run r ON r",
gpt-review-package/evidence/fresh-s2/D01-gate-first,44.725,1,1,"Query:executing:SELECT d.*, r.result_hash AS run_result_hash, b.output_hash AS batch_output_hash
        FROM em_prediction_display d
        LEFT JOIN em_prediction_run r ON r",
gpt-review-package/evidence/fresh-s2/D01-gate-first,45.741,1,1,"Query:executing:SELECT d.*, r.result_hash AS run_result_hash, b.output_hash AS batch_output_hash
        FROM em_prediction_display d
        LEFT JOIN em_prediction_run r ON r",
gpt-review-package/evidence/fresh-s2/D01-gate-first,46.755,1,1,"Query:executing:SELECT d.*, r.result_hash AS run_result_hash, b.output_hash AS batch_output_hash
        FROM em_prediction_display d
        LEFT JOIN em_prediction_run r ON r",
gpt-review-package/evidence/fresh-s2/D01-gate-first,47.767,1,1,"Query:executing:SELECT d.*, r.result_hash AS run_result_hash, b.output_hash AS batch_output_hash
        FROM em_prediction_display d
        LEFT JOIN em_prediction_run r ON r",
gpt-review-package/evidence/fresh-s2/D01-gate-first,48.778,1,1,"Query:executing:SELECT d.*, r.result_hash AS run_result_hash, b.output_hash AS batch_output_hash
        FROM em_prediction_display d
        LEFT JOIN em_prediction_run r ON r",
gpt-review-package/evidence/fresh-s2/D01-gate-first,49.793,1,1,"Query:executing:SELECT d.*, r.result_hash AS run_result_hash, b.output_hash AS batch_output_hash
        FROM em_prediction_display d
        LEFT JOIN em_prediction_run r ON r",
gpt-review-package/evidence/fresh-s2/D01-gate-first,50.807,1,1,"Query:executing:SELECT d.*, r.result_hash AS run_result_hash, b.output_hash AS batch_output_hash
        FROM em_prediction_display d
        LEFT JOIN em_prediction_run r ON r",
gpt-review-package/evidence/fresh-s2/D01-gate-first,51.822,1,1,"Query:executing:SELECT d.*, r.result_hash AS run_result_hash, b.output_hash AS batch_output_hash
        FROM em_prediction_display d
        LEFT JOIN em_prediction_run r ON r",
gpt-review-package/evidence/fresh-s2/D01-gate-first,52.842,1,1,"Query:executing:SELECT d.*, r.result_hash AS run_result_hash, b.output_hash AS batch_output_hash
        FROM em_prediction_display d
        LEFT JOIN em_prediction_run r ON r",
gpt-review-package/evidence/fresh-s2/D01-gate-first,53.855,1,1,"Query:executing:SELECT d.*, r.result_hash AS run_result_hash, b.output_hash AS batch_output_hash
        FROM em_prediction_display d
        LEFT JOIN em_prediction_run r ON r",
gpt-review-package/evidence/fresh-s2/D01-gate-first,54.874,1,1,"Query:executing:SELECT d.*, r.result_hash AS run_result_hash, b.output_hash AS batch_output_hash
        FROM em_prediction_display d
        LEFT JOIN em_prediction_run r ON r",
gpt-review-package/evidence/fresh-s2/D01-gate-first,55.895,1,1,"Query:executing:SELECT d.*, r.result_hash AS run_result_hash, b.output_hash AS batch_output_hash
        FROM em_prediction_display d
        LEFT JOIN em_prediction_run r ON r",
gpt-review-package/evidence/fresh-s2/D01-gate-first,56.904,1,1,"Query:executing:SELECT d.*, r.result_hash AS run_result_hash, b.output_hash AS batch_output_hash
        FROM em_prediction_display d
        LEFT JOIN em_prediction_run r ON r",
gpt-review-package/evidence/fresh-s2/D01-gate-first,57.923,1,1,"Query:executing:SELECT d.*, r.result_hash AS run_result_hash, b.output_hash AS batch_output_hash
        FROM em_prediction_display d
        LEFT JOIN em_prediction_run r ON r",
gpt-review-package/evidence/fresh-s2/D01-gate-first,58.941,1,1,"Query:executing:SELECT d.*, r.result_hash AS run_result_hash, b.output_hash AS batch_output_hash
        FROM em_prediction_display d
        LEFT JOIN em_prediction_run r ON r",
gpt-review-package/evidence/fresh-s2/D01-gate-first,59.963,1,1,"Query:executing:SELECT d.*, r.result_hash AS run_result_hash, b.output_hash AS batch_output_hash
        FROM em_prediction_display d
        LEFT JOIN em_prediction_run r ON r",
gpt-review-package/evidence/fresh-s2/D01-gate-first,60.983,1,1,"Query:executing:SELECT d.*, r.result_hash AS run_result_hash, b.output_hash AS batch_output_hash
        FROM em_prediction_display d
        LEFT JOIN em_prediction_run r ON r",
gpt-review-package/evidence/fresh-s2/D01-gate-first,63.177,1,1,"Query:executing:SELECT d.*, r.result_hash AS run_result_hash, b.output_hash AS batch_output_hash
        FROM em_prediction_display d
        LEFT JOIN em_prediction_run r ON r",
gpt-review-package/evidence/fresh-s2/D01-gate-first,64.197,1,1,"Query:executing:SELECT d.*, r.result_hash AS run_result_hash, b.output_hash AS batch_output_hash
        FROM em_prediction_display d
        LEFT JOIN em_prediction_run r ON r",
gpt-review-package/evidence/fresh-s2/D01-gate-first,65.215,1,1,"Query:executing:SELECT d.*, r.result_hash AS run_result_hash, b.output_hash AS batch_output_hash
        FROM em_prediction_display d
        LEFT JOIN em_prediction_run r ON r",
gpt-review-package/evidence/fresh-s2/D01-gate-first,66.23,1,1,"Query:executing:SELECT d.*, r.result_hash AS run_result_hash, b.output_hash AS batch_output_hash
        FROM em_prediction_display d
        LEFT JOIN em_prediction_run r ON r",
gpt-review-package/evidence/fresh-s2/D01-gate-first,67.25,1,1,"Query:executing:SELECT d.*, r.result_hash AS run_result_hash, b.output_hash AS batch_output_hash
        FROM em_prediction_display d
        LEFT JOIN em_prediction_run r ON r",
gpt-review-package/evidence/fresh-s2/D01-gate-first,68.279,1,1,"Query:executing:SELECT d.*, r.result_hash AS run_result_hash, b.output_hash AS batch_output_hash
        FROM em_prediction_display d
        LEFT JOIN em_prediction_run r ON r",
gpt-review-package/evidence/fresh-s2/D01-gate-first,69.3,1,1,"Query:executing:SELECT d.*, r.result_hash AS run_result_hash, b.output_hash AS batch_output_hash
        FROM em_prediction_display d
        LEFT JOIN em_prediction_run r ON r",
gpt-review-package/evidence/fresh-s2/D01-gate-first,70.318,1,1,"Query:executing:SELECT d.*, r.result_hash AS run_result_hash, b.output_hash AS batch_output_hash
        FROM em_prediction_display d
        LEFT JOIN em_prediction_run r ON r",
gpt-review-package/evidence/fresh-s2/D01-gate-first,71.339,1,1,"Query:executing:SELECT d.*, r.result_hash AS run_result_hash, b.output_hash AS batch_output_hash
        FROM em_prediction_display d
        LEFT JOIN em_prediction_run r ON r",
gpt-review-package/evidence/fresh-s2/D01-gate-first,72.357,1,1,"Query:executing:SELECT d.*, r.result_hash AS run_result_hash, b.output_hash AS batch_output_hash
        FROM em_prediction_display d
        LEFT JOIN em_prediction_run r ON r",
gpt-review-package/evidence/fresh-s2/D01-gate-first,73.377,1,1,"Query:executing:SELECT d.*, r.result_hash AS run_result_hash, b.output_hash AS batch_output_hash
        FROM em_prediction_display d
        LEFT JOIN em_prediction_run r ON r",
gpt-review-package/evidence/fresh-s2/D01-gate-first,74.39,1,1,"Query:executing:SELECT d.*, r.result_hash AS run_result_hash, b.output_hash AS batch_output_hash
        FROM em_prediction_display d
        LEFT JOIN em_prediction_run r ON r",
gpt-review-package/evidence/fresh-s2/D01-gate-first,75.414,1,1,"Query:executing:SELECT d.*, r.result_hash AS run_result_hash, b.output_hash AS batch_output_hash
        FROM em_prediction_display d
        LEFT JOIN em_prediction_run r ON r",
gpt-review-package/evidence/fresh-s2/D01-gate-first,76.437,1,1,"Query:executing:SELECT d.*, r.result_hash AS run_result_hash, b.output_hash AS batch_output_hash
        FROM em_prediction_display d
        LEFT JOIN em_prediction_run r ON r",
gpt-review-package/evidence/fresh-s2/D01-gate-first,77.448,1,1,"Query:executing:SELECT d.*, r.result_hash AS run_result_hash, b.output_hash AS batch_output_hash
        FROM em_prediction_display d
        LEFT JOIN em_prediction_run r ON r",
gpt-review-package/evidence/fresh-s2/D01-gate-first,78.464,1,1,"Query:executing:SELECT d.*, r.result_hash AS run_result_hash, b.output_hash AS batch_output_hash
        FROM em_prediction_display d
        LEFT JOIN em_prediction_run r ON r",
gpt-review-package/evidence/fresh-s2/D01-gate-first,79.48,1,1,"Query:executing:SELECT d.*, r.result_hash AS run_result_hash, b.output_hash AS batch_output_hash
        FROM em_prediction_display d
        LEFT JOIN em_prediction_run r ON r",
gpt-review-package/evidence/fresh-s2/D01-gate-first,80.499,1,1,"Query:executing:SELECT d.*, r.result_hash AS run_result_hash, b.output_hash AS batch_output_hash
        FROM em_prediction_display d
        LEFT JOIN em_prediction_run r ON r",
gpt-review-package/evidence/fresh-s2/D01-gate-first,81.51,1,1,"Query:executing:SELECT d.*, r.result_hash AS run_result_hash, b.output_hash AS batch_output_hash
        FROM em_prediction_display d
        LEFT JOIN em_prediction_run r ON r",
gpt-review-package/evidence/fresh-s2/D01-gate-first,82.527,1,1,"Query:executing:SELECT d.*, r.result_hash AS run_result_hash, b.output_hash AS batch_output_hash
        FROM em_prediction_display d
        LEFT JOIN em_prediction_run r ON r",
gpt-review-package/evidence/fresh-s2/D01-gate-first,83.542,1,1,"Query:executing:SELECT d.*, r.result_hash AS run_result_hash, b.output_hash AS batch_output_hash
        FROM em_prediction_display d
        LEFT JOIN em_prediction_run r ON r",
gpt-review-package/evidence/fresh-s2/D01-gate-first,84.556,1,1,"Query:executing:SELECT d.*, r.result_hash AS run_result_hash, b.output_hash AS batch_output_hash
        FROM em_prediction_display d
        LEFT JOIN em_prediction_run r ON r",
gpt-review-package/evidence/fresh-s2/D01-gate-first,85.578,1,1,"Query:executing:SELECT d.*, r.result_hash AS run_result_hash, b.output_hash AS batch_output_hash
        FROM em_prediction_display d
        LEFT JOIN em_prediction_run r ON r",
gpt-review-package/evidence/fresh-s2/D01-gate-first,86.606,1,1,"Query:executing:SELECT d.*, r.result_hash AS run_result_hash, b.output_hash AS batch_output_hash
        FROM em_prediction_display d
        LEFT JOIN em_prediction_run r ON r",
gpt-review-package/evidence/fresh-s2/D01-gate-first,87.622,1,1,"Query:executing:SELECT d.*, r.result_hash AS run_result_hash, b.output_hash AS batch_output_hash
        FROM em_prediction_display d
        LEFT JOIN em_prediction_run r ON r",
gpt-review-package/evidence/fresh-s2/D01-gate-first,88.652,1,1,"Query:executing:SELECT d.*, r.result_hash AS run_result_hash, b.output_hash AS batch_output_hash
        FROM em_prediction_display d
        LEFT JOIN em_prediction_run r ON r",
gpt-review-package/evidence/fresh-s2/D01-gate-first,89.665,1,1,"Query:executing:SELECT d.*, r.result_hash AS run_result_hash, b.output_hash AS batch_output_hash
        FROM em_prediction_display d
        LEFT JOIN em_prediction_run r ON r",
gpt-review-package/evidence/fresh-s2/D01-gate-first,90.676,1,1,"Query:executing:SELECT d.*, r.result_hash AS run_result_hash, b.output_hash AS batch_output_hash
        FROM em_prediction_display d
        LEFT JOIN em_prediction_run r ON r",
gpt-review-package/evidence/fresh-s2/D01-gate-first,91.686,1,1,"Query:executing:SELECT d.*, r.result_hash AS run_result_hash, b.output_hash AS batch_output_hash
        FROM em_prediction_display d
        LEFT JOIN em_prediction_run r ON r",
gpt-review-package/evidence/fresh-s2/D01-gate-first,92.702,1,1,"Query:executing:SELECT d.*, r.result_hash AS run_result_hash, b.output_hash AS batch_output_hash
        FROM em_prediction_display d
        LEFT JOIN em_prediction_run r ON r",
gpt-review-package/evidence/fresh-s2/D01-gate-first,93.715,1,1,"Query:executing:SELECT d.*, r.result_hash AS run_result_hash, b.output_hash AS batch_output_hash
        FROM em_prediction_display d
        LEFT JOIN em_prediction_run r ON r",
gpt-review-package/evidence/fresh-s2/D01-gate-first,94.731,1,1,"Query:executing:SELECT d.*, r.result_hash AS run_result_hash, b.output_hash AS batch_output_hash
        FROM em_prediction_display d
        LEFT JOIN em_prediction_run r ON r",
gpt-review-package/evidence/fresh-s2/D01-gate-first,95.754,1,1,"Query:executing:SELECT d.*, r.result_hash AS run_result_hash, b.output_hash AS batch_output_hash
        FROM em_prediction_display d
        LEFT JOIN em_prediction_run r ON r",
gpt-review-package/evidence/fresh-s2/D01-gate-first,96.762,1,1,"Query:executing:SELECT d.*, r.result_hash AS run_result_hash, b.output_hash AS batch_output_hash
        FROM em_prediction_display d
        LEFT JOIN em_prediction_run r ON r",
gpt-review-package/evidence/fresh-s2/D01-gate-first,97.775,1,1,"Query:executing:SELECT d.*, r.result_hash AS run_result_hash, b.output_hash AS batch_output_hash
        FROM em_prediction_display d
        LEFT JOIN em_prediction_run r ON r",
gpt-review-package/evidence/fresh-s2/D01-gate-first,98.789,1,1,"Query:executing:SELECT d.*, r.result_hash AS run_result_hash, b.output_hash AS batch_output_hash
        FROM em_prediction_display d
        LEFT JOIN em_prediction_run r ON r",
gpt-review-package/evidence/fresh-s2/D01-gate-first,99.804,1,1,"Query:executing:SELECT d.*, r.result_hash AS run_result_hash, b.output_hash AS batch_output_hash
        FROM em_prediction_display d
        LEFT JOIN em_prediction_run r ON r",
gpt-review-package/evidence/fresh-s2/D01-gate-first,100.818,1,1,"Query:executing:SELECT d.*, r.result_hash AS run_result_hash, b.output_hash AS batch_output_hash
        FROM em_prediction_display d
        LEFT JOIN em_prediction_run r ON r",
gpt-review-package/evidence/fresh-s2/D01-gate-first,101.831,1,1,"Query:executing:SELECT d.*, r.result_hash AS run_result_hash, b.output_hash AS batch_output_hash
        FROM em_prediction_display d
        LEFT JOIN em_prediction_run r ON r",
gpt-review-package/evidence/fresh-s2/D01-gate-first,102.846,1,1,"Query:executing:SELECT d.*, r.result_hash AS run_result_hash, b.output_hash AS batch_output_hash
        FROM em_prediction_display d
        LEFT JOIN em_prediction_run r ON r",
gpt-review-package/evidence/fresh-s2/D01-gate-first,103.859,1,1,"Query:executing:SELECT d.*, r.result_hash AS run_result_hash, b.output_hash AS batch_output_hash
        FROM em_prediction_display d
        LEFT JOIN em_prediction_run r ON r",
gpt-review-package/evidence/fresh-s2/D01-gate-first,104.871,1,1,"Query:executing:SELECT d.*, r.result_hash AS run_result_hash, b.output_hash AS batch_output_hash
        FROM em_prediction_display d
        LEFT JOIN em_prediction_run r ON r",
gpt-review-package/evidence/fresh-s2/D01-gate-first,105.885,1,1,"Query:executing:SELECT d.*, r.result_hash AS run_result_hash, b.output_hash AS batch_output_hash
        FROM em_prediction_display d
        LEFT JOIN em_prediction_run r ON r",
gpt-review-package/evidence/fresh-s2/D01-gate-first,106.905,1,1,"Query:executing:SELECT d.*, r.result_hash AS run_result_hash, b.output_hash AS batch_output_hash
        FROM em_prediction_display d
        LEFT JOIN em_prediction_run r ON r",
gpt-review-package/evidence/fresh-s2/D01-gate-first,107.934,1,1,"Query:executing:SELECT d.*, r.result_hash AS run_result_hash, b.output_hash AS batch_output_hash
        FROM em_prediction_display d
        LEFT JOIN em_prediction_run r ON r",
gpt-review-package/evidence/fresh-s2/D01-gate-first,108.948,1,1,"Query:executing:SELECT d.*, r.result_hash AS run_result_hash, b.output_hash AS batch_output_hash
        FROM em_prediction_display d
        LEFT JOIN em_prediction_run r ON r",
gpt-review-package/evidence/fresh-s2/D01-gate-first,109.963,1,1,"Query:executing:SELECT d.*, r.result_hash AS run_result_hash, b.output_hash AS batch_output_hash
        FROM em_prediction_display d
        LEFT JOIN em_prediction_run r ON r",
gpt-review-package/evidence/fresh-s2/D01-gate-first,110.976,1,1,"Query:executing:SELECT d.*, r.result_hash AS run_result_hash, b.output_hash AS batch_output_hash
        FROM em_prediction_display d
        LEFT JOIN em_prediction_run r ON r",
gpt-review-package/evidence/fresh-s2/D01-gate-first,111.988,1,1,"Query:executing:SELECT d.*, r.result_hash AS run_result_hash, b.output_hash AS batch_output_hash
        FROM em_prediction_display d
        LEFT JOIN em_prediction_run r ON r",
gpt-review-package/evidence/fresh-s2/D01-gate-first,113.0,1,1,"Query:executing:SELECT d.*, r.result_hash AS run_result_hash, b.output_hash AS batch_output_hash
        FROM em_prediction_display d
        LEFT JOIN em_prediction_run r ON r",
gpt-review-package/evidence/fresh-s2/D01-gate-first,114.016,1,1,"Query:executing:SELECT d.*, r.result_hash AS run_result_hash, b.output_hash AS batch_output_hash
        FROM em_prediction_display d
        LEFT JOIN em_prediction_run r ON r",
gpt-review-package/evidence/fresh-s2/D01-gate-first,115.043,1,1,"Query:executing:SELECT d.*, r.result_hash AS run_result_hash, b.output_hash AS batch_output_hash
        FROM em_prediction_display d
        LEFT JOIN em_prediction_run r ON r",
gpt-review-package/evidence/fresh-s2/D01-gate-first,116.056,1,1,"Query:executing:SELECT d.*, r.result_hash AS run_result_hash, b.output_hash AS batch_output_hash
        FROM em_prediction_display d
        LEFT JOIN em_prediction_run r ON r",
gpt-review-package/evidence/fresh-s2/D01-gate-first,117.077,1,1,"Query:executing:SELECT d.*, r.result_hash AS run_result_hash, b.output_hash AS batch_output_hash
        FROM em_prediction_display d
        LEFT JOIN em_prediction_run r ON r",
gpt-review-package/evidence/fresh-s2/D01-gate-first,118.103,1,1,"Query:executing:SELECT d.*, r.result_hash AS run_result_hash, b.output_hash AS batch_output_hash
        FROM em_prediction_display d
        LEFT JOIN em_prediction_run r ON r",
gpt-review-package/evidence/fresh-s2/D01-gate-first,119.118,1,1,"Query:executing:SELECT d.*, r.result_hash AS run_result_hash, b.output_hash AS batch_output_hash
        FROM em_prediction_display d
        LEFT JOIN em_prediction_run r ON r",
gpt-review-package/evidence/fresh-s2/D01-gate-first,120.146,1,1,"Query:executing:SELECT d.*, r.result_hash AS run_result_hash, b.output_hash AS batch_output_hash
        FROM em_prediction_display d
        LEFT JOIN em_prediction_run r ON r",
gpt-review-package/evidence/fresh-s2/D01-gate-first,122.377,1,1,"Query:executing:SELECT d.*, r.result_hash AS run_result_hash, b.output_hash AS batch_output_hash
        FROM em_prediction_display d
        LEFT JOIN em_prediction_run r ON r",
gpt-review-package/evidence/fresh-s2/D01-gate-first,123.4,1,1,"Query:executing:SELECT d.*, r.result_hash AS run_result_hash, b.output_hash AS batch_output_hash
        FROM em_prediction_display d
        LEFT JOIN em_prediction_run r ON r",
gpt-review-package/evidence/fresh-s2/D01-gate-first,124.422,1,1,"Query:executing:SELECT d.*, r.result_hash AS run_result_hash, b.output_hash AS batch_output_hash
        FROM em_prediction_display d
        LEFT JOIN em_prediction_run r ON r",
gpt-review-package/evidence/fresh-s2/D01-gate-first,125.444,1,1,"Query:executing:SELECT d.*, r.result_hash AS run_result_hash, b.output_hash AS batch_output_hash
        FROM em_prediction_display d
        LEFT JOIN em_prediction_run r ON r",
gpt-review-package/evidence/fresh-s2/D01-gate-first,126.461,1,1,"Query:executing:SELECT d.*, r.result_hash AS run_result_hash, b.output_hash AS batch_output_hash
        FROM em_prediction_display d
        LEFT JOIN em_prediction_run r ON r",
gpt-review-package/evidence/fresh-s2/D01-gate-first,127.477,1,1,"Query:executing:SELECT d.*, r.result_hash AS run_result_hash, b.output_hash AS batch_output_hash
        FROM em_prediction_display d
        LEFT JOIN em_prediction_run r ON r",
gpt-review-package/evidence/fresh-s2/D01-gate-first,128.491,1,1,"Query:executing:SELECT d.*, r.result_hash AS run_result_hash, b.output_hash AS batch_output_hash
        FROM em_prediction_display d
        LEFT JOIN em_prediction_run r ON r",
gpt-review-package/evidence/fresh-s2/D01-gate-first,129.504,1,1,"Query:executing:SELECT d.*, r.result_hash AS run_result_hash, b.output_hash AS batch_output_hash
        FROM em_prediction_display d
        LEFT JOIN em_prediction_run r ON r",
gpt-review-package/evidence/fresh-s2/D01-gate-first,130.526,1,1,"Query:executing:SELECT d.*, r.result_hash AS run_result_hash, b.output_hash AS batch_output_hash
        FROM em_prediction_display d
        LEFT JOIN em_prediction_run r ON r",
gpt-review-package/evidence/fresh-s2/D01-gate-first,131.55,1,1,"Query:executing:SELECT d.*, r.result_hash AS run_result_hash, b.output_hash AS batch_output_hash
        FROM em_prediction_display d
        LEFT JOIN em_prediction_run r ON r",
gpt-review-package/evidence/fresh-s2/D01-gate-first,132.567,1,1,"Query:executing:SELECT d.*, r.result_hash AS run_result_hash, b.output_hash AS batch_output_hash
        FROM em_prediction_display d
        LEFT JOIN em_prediction_run r ON r",
gpt-review-package/evidence/fresh-s2/D01-gate-first,133.587,1,1,"Query:executing:SELECT d.*, r.result_hash AS run_result_hash, b.output_hash AS batch_output_hash
        FROM em_prediction_display d
        LEFT JOIN em_prediction_run r ON r",
gpt-review-package/evidence/fresh-s2/D01-gate-first,134.597,1,1,"Query:executing:SELECT d.*, r.result_hash AS run_result_hash, b.output_hash AS batch_output_hash
        FROM em_prediction_display d
        LEFT JOIN em_prediction_run r ON r",
gpt-review-package/evidence/fresh-s2/D01-gate-first,135.611,1,1,"Query:executing:SELECT d.*, r.result_hash AS run_result_hash, b.output_hash AS batch_output_hash
        FROM em_prediction_display d
        LEFT JOIN em_prediction_run r ON r",
gpt-review-package/evidence/fresh-s2/D01-gate-first,136.624,1,1,"Query:executing:SELECT d.*, r.result_hash AS run_result_hash, b.output_hash AS batch_output_hash
        FROM em_prediction_display d
        LEFT JOIN em_prediction_run r ON r",
gpt-review-package/evidence/fresh-s2/D01-gate-first,137.637,1,1,"Query:executing:SELECT d.*, r.result_hash AS run_result_hash, b.output_hash AS batch_output_hash
        FROM em_prediction_display d
        LEFT JOIN em_prediction_run r ON r",
gpt-review-package/evidence/fresh-s2/D01-gate-first,138.647,1,1,"Query:executing:SELECT d.*, r.result_hash AS run_result_hash, b.output_hash AS batch_output_hash
        FROM em_prediction_display d
        LEFT JOIN em_prediction_run r ON r",
gpt-review-package/evidence/fresh-s2/D01-gate-first,139.662,1,1,"Query:executing:SELECT d.*, r.result_hash AS run_result_hash, b.output_hash AS batch_output_hash
        FROM em_prediction_display d
        LEFT JOIN em_prediction_run r ON r",
gpt-review-package/evidence/fresh-s2/D01-gate-first,140.674,1,1,"Query:executing:SELECT d.*, r.result_hash AS run_result_hash, b.output_hash AS batch_output_hash
        FROM em_prediction_display d
        LEFT JOIN em_prediction_run r ON r",
gpt-review-package/evidence/fresh-s2/D01-gate-first,141.684,1,1,"Query:executing:SELECT d.*, r.result_hash AS run_result_hash, b.output_hash AS batch_output_hash
        FROM em_prediction_display d
        LEFT JOIN em_prediction_run r ON r",
gpt-review-package/evidence/fresh-s2/D01-gate-first,142.693,1,1,"Query:executing:SELECT d.*, r.result_hash AS run_result_hash, b.output_hash AS batch_output_hash
        FROM em_prediction_display d
        LEFT JOIN em_prediction_run r ON r",
gpt-review-package/evidence/fresh-s2/D01-gate-first,143.709,1,1,"Query:executing:SELECT d.*, r.result_hash AS run_result_hash, b.output_hash AS batch_output_hash
        FROM em_prediction_display d
        LEFT JOIN em_prediction_run r ON r",
gpt-review-package/evidence/fresh-s2/D01-gate-first,144.72,1,1,"Query:executing:SELECT d.*, r.result_hash AS run_result_hash, b.output_hash AS batch_output_hash
        FROM em_prediction_display d
        LEFT JOIN em_prediction_run r ON r",
gpt-review-package/evidence/fresh-s2/D01-gate-first,145.734,1,1,"Query:executing:SELECT d.*, r.result_hash AS run_result_hash, b.output_hash AS batch_output_hash
        FROM em_prediction_display d
        LEFT JOIN em_prediction_run r ON r",
gpt-review-package/evidence/fresh-s2/D01-gate-first,146.746,1,1,"Query:executing:SELECT d.*, r.result_hash AS run_result_hash, b.output_hash AS batch_output_hash
        FROM em_prediction_display d
        LEFT JOIN em_prediction_run r ON r",
gpt-review-package/evidence/fresh-s2/D01-gate-first,147.764,1,1,"Query:executing:SELECT d.*, r.result_hash AS run_result_hash, b.output_hash AS batch_output_hash
        FROM em_prediction_display d
        LEFT JOIN em_prediction_run r ON r",
gpt-review-package/evidence/fresh-s2/D01-gate-first,148.789,1,1,"Query:executing:SELECT d.*, r.result_hash AS run_result_hash, b.output_hash AS batch_output_hash
        FROM em_prediction_display d
        LEFT JOIN em_prediction_run r ON r",
gpt-review-package/evidence/fresh-s2/D01-gate-first,149.798,1,1,"Query:executing:SELECT d.*, r.result_hash AS run_result_hash, b.output_hash AS batch_output_hash
        FROM em_prediction_display d
        LEFT JOIN em_prediction_run r ON r",
gpt-review-package/evidence/fresh-s2/D01-gate-first,150.811,1,1,"Query:executing:SELECT d.*, r.result_hash AS run_result_hash, b.output_hash AS batch_output_hash
        FROM em_prediction_display d
        LEFT JOIN em_prediction_run r ON r",
gpt-review-package/evidence/fresh-s2/D01-gate-first,151.827,1,1,"Query:executing:SELECT d.*, r.result_hash AS run_result_hash, b.output_hash AS batch_output_hash
        FROM em_prediction_display d
        LEFT JOIN em_prediction_run r ON r",
gpt-review-package/evidence/fresh-s2/D01-gate-first,152.84,1,1,"Query:executing:SELECT d.*, r.result_hash AS run_result_hash, b.output_hash AS batch_output_hash
        FROM em_prediction_display d
        LEFT JOIN em_prediction_run r ON r",
gpt-review-package/evidence/fresh-s2/D01-gate-first,153.855,1,1,"Query:executing:SELECT d.*, r.result_hash AS run_result_hash, b.output_hash AS batch_output_hash
        FROM em_prediction_display d
        LEFT JOIN em_prediction_run r ON r",
gpt-review-package/evidence/fresh-s2/D01-gate-first,154.866,1,1,"Query:executing:SELECT d.*, r.result_hash AS run_result_hash, b.output_hash AS batch_output_hash
        FROM em_prediction_display d
        LEFT JOIN em_prediction_run r ON r",
gpt-review-package/evidence/fresh-s2/D01-gate-first,155.877,1,1,"Query:executing:SELECT d.*, r.result_hash AS run_result_hash, b.output_hash AS batch_output_hash
        FROM em_prediction_display d
        LEFT JOIN em_prediction_run r ON r",
gpt-review-package/evidence/fresh-s2/D01-gate-first,156.889,1,1,"Query:executing:SELECT d.*, r.result_hash AS run_result_hash, b.output_hash AS batch_output_hash
        FROM em_prediction_display d
        LEFT JOIN em_prediction_run r ON r",
gpt-review-package/evidence/fresh-s2/D01-gate-first,157.899,1,1,"Query:executing:SELECT d.*, r.result_hash AS run_result_hash, b.output_hash AS batch_output_hash
        FROM em_prediction_display d
        LEFT JOIN em_prediction_run r ON r",
gpt-review-package/evidence/fresh-s2/D01-gate-first,158.909,1,1,"Query:executing:SELECT d.*, r.result_hash AS run_result_hash, b.output_hash AS batch_output_hash
        FROM em_prediction_display d
        LEFT JOIN em_prediction_run r ON r",
gpt-review-package/evidence/fresh-s2/D01-gate-first,159.921,1,1,"Query:executing:SELECT d.*, r.result_hash AS run_result_hash, b.output_hash AS batch_output_hash
        FROM em_prediction_display d
        LEFT JOIN em_prediction_run r ON r",
gpt-review-package/evidence/fresh-s2/D01-gate-first,160.936,1,1,"Query:executing:SELECT d.*, r.result_hash AS run_result_hash, b.output_hash AS batch_output_hash
        FROM em_prediction_display d
        LEFT JOIN em_prediction_run r ON r",
gpt-review-package/evidence/fresh-s2/D01-gate-first,161.964,1,1,"Query:executing:SELECT d.*, r.result_hash AS run_result_hash, b.output_hash AS batch_output_hash
        FROM em_prediction_display d
        LEFT JOIN em_prediction_run r ON r",
gpt-review-package/evidence/fresh-s2/D01-gate-first,162.976,1,1,"Query:executing:SELECT d.*, r.result_hash AS run_result_hash, b.output_hash AS batch_output_hash
        FROM em_prediction_display d
        LEFT JOIN em_prediction_run r ON r",
gpt-review-package/evidence/fresh-s2/D01-gate-first,163.988,1,1,"Query:executing:SELECT d.*, r.result_hash AS run_result_hash, b.output_hash AS batch_output_hash
        FROM em_prediction_display d
        LEFT JOIN em_prediction_run r ON r",
gpt-review-package/evidence/fresh-s2/D01-gate-first,164.995,1,1,"Query:executing:SELECT d.*, r.result_hash AS run_result_hash, b.output_hash AS batch_output_hash
        FROM em_prediction_display d
        LEFT JOIN em_prediction_run r ON r",
gpt-review-package/evidence/fresh-s2/D01-gate-first,166.008,1,1,"Query:executing:SELECT d.*, r.result_hash AS run_result_hash, b.output_hash AS batch_output_hash
        FROM em_prediction_display d
        LEFT JOIN em_prediction_run r ON r",
gpt-review-package/evidence/fresh-s2/D01-gate-first,167.021,1,1,"Query:executing:SELECT d.*, r.result_hash AS run_result_hash, b.output_hash AS batch_output_hash
        FROM em_prediction_display d
        LEFT JOIN em_prediction_run r ON r",
gpt-review-package/evidence/fresh-s2/D01-gate-first,168.031,1,1,"Query:executing:SELECT d.*, r.result_hash AS run_result_hash, b.output_hash AS batch_output_hash
        FROM em_prediction_display d
        LEFT JOIN em_prediction_run r ON r",
gpt-review-package/evidence/fresh-s2/D01-gate-first,169.044,1,1,"Query:executing:SELECT d.*, r.result_hash AS run_result_hash, b.output_hash AS batch_output_hash
        FROM em_prediction_display d
        LEFT JOIN em_prediction_run r ON r",
gpt-review-package/evidence/fresh-s2/D01-gate-first,170.054,1,1,"Query:executing:SELECT d.*, r.result_hash AS run_result_hash, b.output_hash AS batch_output_hash
        FROM em_prediction_display d
        LEFT JOIN em_prediction_run r ON r",
gpt-review-package/evidence/fresh-s2/D01-gate-first,171.063,1,1,"Query:executing:SELECT d.*, r.result_hash AS run_result_hash, b.output_hash AS batch_output_hash
        FROM em_prediction_display d
        LEFT JOIN em_prediction_run r ON r",
gpt-review-package/evidence/fresh-s2/D01-gate-first,172.078,1,1,"Query:executing:SELECT d.*, r.result_hash AS run_result_hash, b.output_hash AS batch_output_hash
        FROM em_prediction_display d
        LEFT JOIN em_prediction_run r ON r",
gpt-review-package/evidence/fresh-s2/D01-gate-first,173.091,1,1,"Query:executing:SELECT d.*, r.result_hash AS run_result_hash, b.output_hash AS batch_output_hash
        FROM em_prediction_display d
        LEFT JOIN em_prediction_run r ON r",
gpt-review-package/evidence/fresh-s2/D01-gate-first,174.101,1,1,"Query:executing:SELECT d.*, r.result_hash AS run_result_hash, b.output_hash AS batch_output_hash
        FROM em_prediction_display d
        LEFT JOIN em_prediction_run r ON r",
gpt-review-package/evidence/fresh-s2/D01-gate-first,175.112,1,1,"Query:executing:SELECT d.*, r.result_hash AS run_result_hash, b.output_hash AS batch_output_hash
        FROM em_prediction_display d
        LEFT JOIN em_prediction_run r ON r",
gpt-review-package/evidence/fresh-s2/D01-gate-first,176.124,1,1,"Query:executing:SELECT d.*, r.result_hash AS run_result_hash, b.output_hash AS batch_output_hash
        FROM em_prediction_display d
        LEFT JOIN em_prediction_run r ON r",
gpt-review-package/evidence/fresh-s2/D01-gate-first,177.139,1,1,"Query:executing:SELECT d.*, r.result_hash AS run_result_hash, b.output_hash AS batch_output_hash
        FROM em_prediction_display d
        LEFT JOIN em_prediction_run r ON r",
gpt-review-package/evidence/fresh-s2/D01-gate-first,178.147,1,1,"Query:executing:SELECT d.*, r.result_hash AS run_result_hash, b.output_hash AS batch_output_hash
        FROM em_prediction_display d
        LEFT JOIN em_prediction_run r ON r",
gpt-review-package/evidence/fresh-s2/D01-gate-first,179.162,1,1,"Query:executing:SELECT d.*, r.result_hash AS run_result_hash, b.output_hash AS batch_output_hash
        FROM em_prediction_display d
        LEFT JOIN em_prediction_run r ON r",
gpt-review-package/evidence/fresh-s2/D02-one-full-series-then-gate,0.001,1,0,Sleep::,
gpt-review-package/evidence/fresh-s2/D02-one-full-series-then-gate,1.018,1,1,"Query:executing:SELECT d.*, r.result_hash AS run_result_hash, b.output_hash AS batch_output_hash
        FROM em_prediction_display d
        LEFT JOIN em_prediction_run r ON r",
gpt-review-package/evidence/fresh-s2/D02-one-full-series-then-gate,2.036,1,1,"Query:executing:SELECT d.*, r.result_hash AS run_result_hash, b.output_hash AS batch_output_hash
        FROM em_prediction_display d
        LEFT JOIN em_prediction_run r ON r",
gpt-review-package/evidence/fresh-s2/D02-one-full-series-then-gate,3.059,1,1,"Query:executing:SELECT d.*, r.result_hash AS run_result_hash, b.output_hash AS batch_output_hash
        FROM em_prediction_display d
        LEFT JOIN em_prediction_run r ON r",
gpt-review-package/evidence/fresh-s2/D02-one-full-series-then-gate,4.076,1,1,"Query:executing:SELECT d.*, r.result_hash AS run_result_hash, b.output_hash AS batch_output_hash
        FROM em_prediction_display d
        LEFT JOIN em_prediction_run r ON r",
gpt-review-package/evidence/fresh-s2/D02-one-full-series-then-gate,5.096,1,1,"Query:executing:SELECT d.*, r.result_hash AS run_result_hash, b.output_hash AS batch_output_hash
        FROM em_prediction_display d
        LEFT JOIN em_prediction_run r ON r",
gpt-review-package/evidence/fresh-s2/D02-one-full-series-then-gate,7.129,1,1,"Query:executing:SELECT d.*, r.result_hash AS run_result_hash, b.output_hash AS batch_output_hash
        FROM em_prediction_display d
        LEFT JOIN em_prediction_run r ON r",
gpt-review-package/evidence/fresh-s2/D02-one-full-series-then-gate,8.141,1,1,"Query:executing:SELECT d.*, r.result_hash AS run_result_hash, b.output_hash AS batch_output_hash
        FROM em_prediction_display d
        LEFT JOIN em_prediction_run r ON r",
gpt-review-package/evidence/fresh-s2/D02-one-full-series-then-gate,9.156,1,1,"Query:executing:SELECT d.*, r.result_hash AS run_result_hash, b.output_hash AS batch_output_hash
        FROM em_prediction_display d
        LEFT JOIN em_prediction_run r ON r",
gpt-review-package/evidence/fresh-s2/D02-one-full-series-then-gate,10.172,1,1,"Query:executing:SELECT d.*, r.result_hash AS run_result_hash, b.output_hash AS batch_output_hash
        FROM em_prediction_display d
        LEFT JOIN em_prediction_run r ON r",
gpt-review-package/evidence/fresh-s2/D02-one-full-series-then-gate,11.188,1,1,"Query:executing:SELECT d.*, r.result_hash AS run_result_hash, b.output_hash AS batch_output_hash
        FROM em_prediction_display d
        LEFT JOIN em_prediction_run r ON r",
gpt-review-package/evidence/fresh-s2/D02-one-full-series-then-gate,12.198,1,1,"Query:executing:SELECT d.*, r.result_hash AS run_result_hash, b.output_hash AS batch_output_hash
        FROM em_prediction_display d
        LEFT JOIN em_prediction_run r ON r",
gpt-review-package/evidence/fresh-s2/D02-one-full-series-then-gate,13.207,1,1,"Query:executing:SELECT d.*, r.result_hash AS run_result_hash, b.output_hash AS batch_output_hash
        FROM em_prediction_display d
        LEFT JOIN em_prediction_run r ON r",
gpt-review-package/evidence/fresh-s2/D02-one-full-series-then-gate,14.218,1,1,"Query:executing:SELECT d.*, r.result_hash AS run_result_hash, b.output_hash AS batch_output_hash
        FROM em_prediction_display d
        LEFT JOIN em_prediction_run r ON r",
gpt-review-package/evidence/fresh-s2/D02-one-full-series-then-gate,15.235,1,1,"Query:executing:SELECT d.*, r.result_hash AS run_result_hash, b.output_hash AS batch_output_hash
        FROM em_prediction_display d
        LEFT JOIN em_prediction_run r ON r",
gpt-review-package/evidence/fresh-s2/D02-one-full-series-then-gate,17.48,1,1,"Query:executing:SELECT d.*, r.result_hash AS run_result_hash, b.output_hash AS batch_output_hash
        FROM em_prediction_display d
        LEFT JOIN em_prediction_run r ON r",
gpt-review-package/evidence/fresh-s2/D02-one-full-series-then-gate,18.493,1,1,"Query:executing:SELECT d.*, r.result_hash AS run_result_hash, b.output_hash AS batch_output_hash
        FROM em_prediction_display d
        LEFT JOIN em_prediction_run r ON r",
gpt-review-package/evidence/fresh-s2/D02-one-full-series-then-gate,19.514,1,1,"Query:executing:SELECT d.*, r.result_hash AS run_result_hash, b.output_hash AS batch_output_hash
        FROM em_prediction_display d
        LEFT JOIN em_prediction_run r ON r",
gpt-review-package/evidence/fresh-s2/D02-one-full-series-then-gate,20.529,1,1,"Query:executing:SELECT d.*, r.result_hash AS run_result_hash, b.output_hash AS batch_output_hash
        FROM em_prediction_display d
        LEFT JOIN em_prediction_run r ON r",
gpt-review-package/evidence/fresh-s2/D02-one-full-series-then-gate,21.553,1,1,"Query:executing:SELECT d.*, r.result_hash AS run_result_hash, b.output_hash AS batch_output_hash
        FROM em_prediction_display d
        LEFT JOIN em_prediction_run r ON r",
gpt-review-package/evidence/fresh-s2/D02-one-full-series-then-gate,22.574,1,1,"Query:executing:SELECT d.*, r.result_hash AS run_result_hash, b.output_hash AS batch_output_hash
        FROM em_prediction_display d
        LEFT JOIN em_prediction_run r ON r",
gpt-review-package/evidence/fresh-s2/D02-one-full-series-then-gate,23.589,1,1,"Query:executing:SELECT d.*, r.result_hash AS run_result_hash, b.output_hash AS batch_output_hash
        FROM em_prediction_display d
        LEFT JOIN em_prediction_run r ON r",
gpt-review-package/evidence/fresh-s2/D02-one-full-series-then-gate,24.608,1,1,"Query:executing:SELECT d.*, r.result_hash AS run_result_hash, b.output_hash AS batch_output_hash
        FROM em_prediction_display d
        LEFT JOIN em_prediction_run r ON r",
gpt-review-package/evidence/fresh-s2/D02-one-full-series-then-gate,25.619,1,1,"Query:executing:SELECT d.*, r.result_hash AS run_result_hash, b.output_hash AS batch_output_hash
        FROM em_prediction_display d
        LEFT JOIN em_prediction_run r ON r",
gpt-review-package/evidence/fresh-s2/D02-one-full-series-then-gate,26.628,1,1,"Query:executing:SELECT d.*, r.result_hash AS run_result_hash, b.output_hash AS batch_output_hash
        FROM em_prediction_display d
        LEFT JOIN em_prediction_run r ON r",
gpt-review-package/evidence/fresh-s2/D02-one-full-series-then-gate,27.644,1,1,"Query:executing:SELECT d.*, r.result_hash AS run_result_hash, b.output_hash AS batch_output_hash
        FROM em_prediction_display d
        LEFT JOIN em_prediction_run r ON r",
gpt-review-package/evidence/fresh-s2/D02-one-full-series-then-gate,28.658,1,1,"Query:executing:SELECT d.*, r.result_hash AS run_result_hash, b.output_hash AS batch_output_hash
        FROM em_prediction_display d
        LEFT JOIN em_prediction_run r ON r",
gpt-review-package/evidence/fresh-s2/D02-one-full-series-then-gate,29.672,1,1,"Query:executing:SELECT d.*, r.result_hash AS run_result_hash, b.output_hash AS batch_output_hash
        FROM em_prediction_display d
        LEFT JOIN em_prediction_run r ON r",
gpt-review-package/evidence/fresh-s2/D02-one-full-series-then-gate,30.684,1,1,"Query:executing:SELECT d.*, r.result_hash AS run_result_hash, b.output_hash AS batch_output_hash
        FROM em_prediction_display d
        LEFT JOIN em_prediction_run r ON r",
gpt-review-package/evidence/fresh-s2/D02-one-full-series-then-gate,32.629,1,1,"Query:executing:SELECT d.*, r.result_hash AS run_result_hash, b.output_hash AS batch_output_hash
        FROM em_prediction_display d
        LEFT JOIN em_prediction_run r ON r",
gpt-review-package/evidence/fresh-s2/D02-one-full-series-then-gate,33.644,1,1,"Query:executing:SELECT d.*, r.result_hash AS run_result_hash, b.output_hash AS batch_output_hash
        FROM em_prediction_display d
        LEFT JOIN em_prediction_run r ON r",
gpt-review-package/evidence/fresh-s2/D02-one-full-series-then-gate,34.669,1,1,"Query:executing:SELECT d.*, r.result_hash AS run_result_hash, b.output_hash AS batch_output_hash
        FROM em_prediction_display d
        LEFT JOIN em_prediction_run r ON r",
gpt-review-package/evidence/fresh-s2/D02-one-full-series-then-gate,35.682,1,1,"Query:executing:SELECT d.*, r.result_hash AS run_result_hash, b.output_hash AS batch_output_hash
        FROM em_prediction_display d
        LEFT JOIN em_prediction_run r ON r",
gpt-review-package/evidence/fresh-s2/D02-one-full-series-then-gate,36.693,1,1,"Query:executing:SELECT d.*, r.result_hash AS run_result_hash, b.output_hash AS batch_output_hash
        FROM em_prediction_display d
        LEFT JOIN em_prediction_run r ON r",
gpt-review-package/evidence/fresh-s2/D02-one-full-series-then-gate,37.711,1,1,"Query:executing:SELECT d.*, r.result_hash AS run_result_hash, b.output_hash AS batch_output_hash
        FROM em_prediction_display d
        LEFT JOIN em_prediction_run r ON r",
gpt-review-package/evidence/fresh-s2/D02-one-full-series-then-gate,38.723,1,1,"Query:executing:SELECT d.*, r.result_hash AS run_result_hash, b.output_hash AS batch_output_hash
        FROM em_prediction_display d
        LEFT JOIN em_prediction_run r ON r",
gpt-review-package/evidence/fresh-s2/D02-one-full-series-then-gate,39.74,1,1,"Query:executing:SELECT d.*, r.result_hash AS run_result_hash, b.output_hash AS batch_output_hash
        FROM em_prediction_display d
        LEFT JOIN em_prediction_run r ON r",
gpt-review-package/evidence/fresh-s2/D02-one-full-series-then-gate,40.753,1,1,"Query:executing:SELECT d.*, r.result_hash AS run_result_hash, b.output_hash AS batch_output_hash
        FROM em_prediction_display d
        LEFT JOIN em_prediction_run r ON r",
gpt-review-package/evidence/fresh-s2/D02-one-full-series-then-gate,41.77,1,1,"Query:executing:SELECT d.*, r.result_hash AS run_result_hash, b.output_hash AS batch_output_hash
        FROM em_prediction_display d
        LEFT JOIN em_prediction_run r ON r",
gpt-review-package/evidence/fresh-s2/D02-one-full-series-then-gate,42.783,1,1,"Query:executing:SELECT d.*, r.result_hash AS run_result_hash, b.output_hash AS batch_output_hash
        FROM em_prediction_display d
        LEFT JOIN em_prediction_run r ON r",
gpt-review-package/evidence/fresh-s2/D02-one-full-series-then-gate,43.796,1,1,"Query:executing:SELECT d.*, r.result_hash AS run_result_hash, b.output_hash AS batch_output_hash
        FROM em_prediction_display d
        LEFT JOIN em_prediction_run r ON r",
gpt-review-package/evidence/fresh-s2/D02-one-full-series-then-gate,44.813,1,1,"Query:executing:SELECT d.*, r.result_hash AS run_result_hash, b.output_hash AS batch_output_hash
        FROM em_prediction_display d
        LEFT JOIN em_prediction_run r ON r",
gpt-review-package/evidence/fresh-s2/D02-one-full-series-then-gate,45.83,1,1,"Query:executing:SELECT d.*, r.result_hash AS run_result_hash, b.output_hash AS batch_output_hash
        FROM em_prediction_display d
        LEFT JOIN em_prediction_run r ON r",
gpt-review-package/evidence/fresh-s2/D02-one-full-series-then-gate,46.844,1,1,"Query:executing:SELECT d.*, r.result_hash AS run_result_hash, b.output_hash AS batch_output_hash
        FROM em_prediction_display d
        LEFT JOIN em_prediction_run r ON r",
gpt-review-package/evidence/fresh-s2/D02-one-full-series-then-gate,47.855,1,1,"Query:executing:SELECT d.*, r.result_hash AS run_result_hash, b.output_hash AS batch_output_hash
        FROM em_prediction_display d
        LEFT JOIN em_prediction_run r ON r",
gpt-review-package/evidence/fresh-s2/D02-one-full-series-then-gate,48.866,1,1,"Query:executing:SELECT d.*, r.result_hash AS run_result_hash, b.output_hash AS batch_output_hash
        FROM em_prediction_display d
        LEFT JOIN em_prediction_run r ON r",
gpt-review-package/evidence/fresh-s2/D02-one-full-series-then-gate,49.877,1,1,"Query:executing:SELECT d.*, r.result_hash AS run_result_hash, b.output_hash AS batch_output_hash
        FROM em_prediction_display d
        LEFT JOIN em_prediction_run r ON r",
gpt-review-package/evidence/fresh-s2/D02-one-full-series-then-gate,50.894,1,1,"Query:executing:SELECT d.*, r.result_hash AS run_result_hash, b.output_hash AS batch_output_hash
        FROM em_prediction_display d
        LEFT JOIN em_prediction_run r ON r",
gpt-review-package/evidence/fresh-s2/D02-one-full-series-then-gate,51.914,1,1,"Query:executing:SELECT d.*, r.result_hash AS run_result_hash, b.output_hash AS batch_output_hash
        FROM em_prediction_display d
        LEFT JOIN em_prediction_run r ON r",
gpt-review-package/evidence/fresh-s2/D02-one-full-series-then-gate,52.927,1,1,"Query:executing:SELECT d.*, r.result_hash AS run_result_hash, b.output_hash AS batch_output_hash
        FROM em_prediction_display d
        LEFT JOIN em_prediction_run r ON r",
gpt-review-package/evidence/fresh-s2/D02-one-full-series-then-gate,53.944,1,1,"Query:executing:SELECT d.*, r.result_hash AS run_result_hash, b.output_hash AS batch_output_hash
        FROM em_prediction_display d
        LEFT JOIN em_prediction_run r ON r",
gpt-review-package/evidence/fresh-s2/D02-one-full-series-then-gate,54.965,1,1,"Query:executing:SELECT d.*, r.result_hash AS run_result_hash, b.output_hash AS batch_output_hash
        FROM em_prediction_display d
        LEFT JOIN em_prediction_run r ON r",
gpt-review-package/evidence/fresh-s2/D02-one-full-series-then-gate,55.979,1,1,"Query:executing:SELECT d.*, r.result_hash AS run_result_hash, b.output_hash AS batch_output_hash
        FROM em_prediction_display d
        LEFT JOIN em_prediction_run r ON r",
gpt-review-package/evidence/fresh-s2/D02-one-full-series-then-gate,56.991,1,1,"Query:executing:SELECT d.*, r.result_hash AS run_result_hash, b.output_hash AS batch_output_hash
        FROM em_prediction_display d
        LEFT JOIN em_prediction_run r ON r",
gpt-review-package/evidence/fresh-s2/D02-one-full-series-then-gate,58.012,1,1,"Query:executing:SELECT d.*, r.result_hash AS run_result_hash, b.output_hash AS batch_output_hash
        FROM em_prediction_display d
        LEFT JOIN em_prediction_run r ON r",
gpt-review-package/evidence/fresh-s2/D02-one-full-series-then-gate,59.031,1,1,"Query:executing:SELECT d.*, r.result_hash AS run_result_hash, b.output_hash AS batch_output_hash
        FROM em_prediction_display d
        LEFT JOIN em_prediction_run r ON r",
gpt-review-package/evidence/fresh-s2/D02-one-full-series-then-gate,60.055,1,1,"Query:executing:SELECT d.*, r.result_hash AS run_result_hash, b.output_hash AS batch_output_hash
        FROM em_prediction_display d
        LEFT JOIN em_prediction_run r ON r",
gpt-review-package/evidence/fresh-s2/D02-one-full-series-then-gate,62.206,1,1,"Query:executing:SELECT d.*, r.result_hash AS run_result_hash, b.output_hash AS batch_output_hash
        FROM em_prediction_display d
        LEFT JOIN em_prediction_run r ON r",
gpt-review-package/evidence/fresh-s2/D02-one-full-series-then-gate,63.219,1,1,"Query:executing:SELECT d.*, r.result_hash AS run_result_hash, b.output_hash AS batch_output_hash
        FROM em_prediction_display d
        LEFT JOIN em_prediction_run r ON r",
gpt-review-package/evidence/fresh-s2/D02-one-full-series-then-gate,64.242,1,1,"Query:executing:SELECT d.*, r.result_hash AS run_result_hash, b.output_hash AS batch_output_hash
        FROM em_prediction_display d
        LEFT JOIN em_prediction_run r ON r",
gpt-review-package/evidence/fresh-s2/D02-one-full-series-then-gate,65.257,1,1,"Query:executing:SELECT d.*, r.result_hash AS run_result_hash, b.output_hash AS batch_output_hash
        FROM em_prediction_display d
        LEFT JOIN em_prediction_run r ON r",
gpt-review-package/evidence/fresh-s2/D02-one-full-series-then-gate,66.271,1,1,"Query:executing:SELECT d.*, r.result_hash AS run_result_hash, b.output_hash AS batch_output_hash
        FROM em_prediction_display d
        LEFT JOIN em_prediction_run r ON r",
gpt-review-package/evidence/fresh-s2/D02-one-full-series-then-gate,67.284,1,1,"Query:executing:SELECT d.*, r.result_hash AS run_result_hash, b.output_hash AS batch_output_hash
        FROM em_prediction_display d
        LEFT JOIN em_prediction_run r ON r",
gpt-review-package/evidence/fresh-s2/D02-one-full-series-then-gate,68.301,1,1,"Query:executing:SELECT d.*, r.result_hash AS run_result_hash, b.output_hash AS batch_output_hash
        FROM em_prediction_display d
        LEFT JOIN em_prediction_run r ON r",
gpt-review-package/evidence/fresh-s2/D02-one-full-series-then-gate,69.322,1,1,"Query:executing:SELECT d.*, r.result_hash AS run_result_hash, b.output_hash AS batch_output_hash
        FROM em_prediction_display d
        LEFT JOIN em_prediction_run r ON r",
gpt-review-package/evidence/fresh-s2/D02-one-full-series-then-gate,70.345,1,1,"Query:executing:SELECT d.*, r.result_hash AS run_result_hash, b.output_hash AS batch_output_hash
        FROM em_prediction_display d
        LEFT JOIN em_prediction_run r ON r",
gpt-review-package/evidence/fresh-s2/D02-one-full-series-then-gate,71.356,1,1,"Query:executing:SELECT d.*, r.result_hash AS run_result_hash, b.output_hash AS batch_output_hash
        FROM em_prediction_display d
        LEFT JOIN em_prediction_run r ON r",
gpt-review-package/evidence/fresh-s2/D02-one-full-series-then-gate,72.367,1,1,"Query:executing:SELECT d.*, r.result_hash AS run_result_hash, b.output_hash AS batch_output_hash
        FROM em_prediction_display d
        LEFT JOIN em_prediction_run r ON r",
gpt-review-package/evidence/fresh-s2/D02-one-full-series-then-gate,73.391,1,1,"Query:executing:SELECT d.*, r.result_hash AS run_result_hash, b.output_hash AS batch_output_hash
        FROM em_prediction_display d
        LEFT JOIN em_prediction_run r ON r",
gpt-review-package/evidence/fresh-s2/D02-one-full-series-then-gate,74.419,1,1,"Query:executing:SELECT d.*, r.result_hash AS run_result_hash, b.output_hash AS batch_output_hash
        FROM em_prediction_display d
        LEFT JOIN em_prediction_run r ON r",
gpt-review-package/evidence/fresh-s2/D02-one-full-series-then-gate,75.432,1,1,"Query:executing:SELECT d.*, r.result_hash AS run_result_hash, b.output_hash AS batch_output_hash
        FROM em_prediction_display d
        LEFT JOIN em_prediction_run r ON r",
gpt-review-package/evidence/fresh-s2/D02-one-full-series-then-gate,76.443,1,1,"Query:executing:SELECT d.*, r.result_hash AS run_result_hash, b.output_hash AS batch_output_hash
        FROM em_prediction_display d
        LEFT JOIN em_prediction_run r ON r",
gpt-review-package/evidence/fresh-s2/D02-one-full-series-then-gate,77.457,1,1,"Query:executing:SELECT d.*, r.result_hash AS run_result_hash, b.output_hash AS batch_output_hash
        FROM em_prediction_display d
        LEFT JOIN em_prediction_run r ON r",
gpt-review-package/evidence/fresh-s2/D02-one-full-series-then-gate,78.47,1,1,"Query:executing:SELECT d.*, r.result_hash AS run_result_hash, b.output_hash AS batch_output_hash
        FROM em_prediction_display d
        LEFT JOIN em_prediction_run r ON r",
gpt-review-package/evidence/fresh-s2/D02-one-full-series-then-gate,79.485,1,1,"Query:executing:SELECT d.*, r.result_hash AS run_result_hash, b.output_hash AS batch_output_hash
        FROM em_prediction_display d
        LEFT JOIN em_prediction_run r ON r",
gpt-review-package/evidence/fresh-s2/D02-one-full-series-then-gate,80.493,1,1,"Query:executing:SELECT d.*, r.result_hash AS run_result_hash, b.output_hash AS batch_output_hash
        FROM em_prediction_display d
        LEFT JOIN em_prediction_run r ON r",
gpt-review-package/evidence/fresh-s2/D02-one-full-series-then-gate,81.508,1,1,"Query:executing:SELECT d.*, r.result_hash AS run_result_hash, b.output_hash AS batch_output_hash
        FROM em_prediction_display d
        LEFT JOIN em_prediction_run r ON r",
gpt-review-package/evidence/fresh-s2/D02-one-full-series-then-gate,82.521,1,1,"Query:executing:SELECT d.*, r.result_hash AS run_result_hash, b.output_hash AS batch_output_hash
        FROM em_prediction_display d
        LEFT JOIN em_prediction_run r ON r",
gpt-review-package/evidence/fresh-s2/D02-one-full-series-then-gate,83.537,1,1,"Query:executing:SELECT d.*, r.result_hash AS run_result_hash, b.output_hash AS batch_output_hash
        FROM em_prediction_display d
        LEFT JOIN em_prediction_run r ON r",
gpt-review-package/evidence/fresh-s2/D02-one-full-series-then-gate,84.552,1,1,"Query:executing:SELECT d.*, r.result_hash AS run_result_hash, b.output_hash AS batch_output_hash
        FROM em_prediction_display d
        LEFT JOIN em_prediction_run r ON r",
gpt-review-package/evidence/fresh-s2/D02-one-full-series-then-gate,85.56,1,1,"Query:executing:SELECT d.*, r.result_hash AS run_result_hash, b.output_hash AS batch_output_hash
        FROM em_prediction_display d
        LEFT JOIN em_prediction_run r ON r",
gpt-review-package/evidence/fresh-s2/D02-one-full-series-then-gate,86.583,1,1,"Query:executing:SELECT d.*, r.result_hash AS run_result_hash, b.output_hash AS batch_output_hash
        FROM em_prediction_display d
        LEFT JOIN em_prediction_run r ON r",
gpt-review-package/evidence/fresh-s2/D02-one-full-series-then-gate,87.592,1,1,"Query:executing:SELECT d.*, r.result_hash AS run_result_hash, b.output_hash AS batch_output_hash
        FROM em_prediction_display d
        LEFT JOIN em_prediction_run r ON r",
gpt-review-package/evidence/fresh-s2/D02-one-full-series-then-gate,88.599,1,1,"Query:executing:SELECT d.*, r.result_hash AS run_result_hash, b.output_hash AS batch_output_hash
        FROM em_prediction_display d
        LEFT JOIN em_prediction_run r ON r",
gpt-review-package/evidence/fresh-s2/D02-one-full-series-then-gate,89.609,1,1,"Query:executing:SELECT d.*, r.result_hash AS run_result_hash, b.output_hash AS batch_output_hash
        FROM em_prediction_display d
        LEFT JOIN em_prediction_run r ON r",
gpt-review-package/evidence/fresh-s2/D02-one-full-series-then-gate,90.621,1,1,"Query:executing:SELECT d.*, r.result_hash AS run_result_hash, b.output_hash AS batch_output_hash
        FROM em_prediction_display d
        LEFT JOIN em_prediction_run r ON r",
gpt-review-package/evidence/fresh-s2/D02-one-full-series-then-gate,91.63,1,1,"Query:executing:SELECT d.*, r.result_hash AS run_result_hash, b.output_hash AS batch_output_hash
        FROM em_prediction_display d
        LEFT JOIN em_prediction_run r ON r",
gpt-review-package/evidence/fresh-s2/D02-one-full-series-then-gate,92.652,1,1,"Query:executing:SELECT d.*, r.result_hash AS run_result_hash, b.output_hash AS batch_output_hash
        FROM em_prediction_display d
        LEFT JOIN em_prediction_run r ON r",
gpt-review-package/evidence/fresh-s2/D02-one-full-series-then-gate,93.665,1,1,"Query:executing:SELECT d.*, r.result_hash AS run_result_hash, b.output_hash AS batch_output_hash
        FROM em_prediction_display d
        LEFT JOIN em_prediction_run r ON r",
gpt-review-package/evidence/fresh-s2/D02-one-full-series-then-gate,94.677,1,1,"Query:executing:SELECT d.*, r.result_hash AS run_result_hash, b.output_hash AS batch_output_hash
        FROM em_prediction_display d
        LEFT JOIN em_prediction_run r ON r",
gpt-review-package/evidence/fresh-s2/D02-one-full-series-then-gate,95.691,1,1,"Query:executing:SELECT d.*, r.result_hash AS run_result_hash, b.output_hash AS batch_output_hash
        FROM em_prediction_display d
        LEFT JOIN em_prediction_run r ON r",
gpt-review-package/evidence/fresh-s2/D02-one-full-series-then-gate,96.706,1,1,"Query:executing:SELECT d.*, r.result_hash AS run_result_hash, b.output_hash AS batch_output_hash
        FROM em_prediction_display d
        LEFT JOIN em_prediction_run r ON r",
gpt-review-package/evidence/fresh-s2/D02-one-full-series-then-gate,97.717,1,1,"Query:executing:SELECT d.*, r.result_hash AS run_result_hash, b.output_hash AS batch_output_hash
        FROM em_prediction_display d
        LEFT JOIN em_prediction_run r ON r",
gpt-review-package/evidence/fresh-s2/D02-one-full-series-then-gate,98.727,1,1,"Query:executing:SELECT d.*, r.result_hash AS run_result_hash, b.output_hash AS batch_output_hash
        FROM em_prediction_display d
        LEFT JOIN em_prediction_run r ON r",
gpt-review-package/evidence/fresh-s2/D02-one-full-series-then-gate,99.75,1,1,"Query:executing:SELECT d.*, r.result_hash AS run_result_hash, b.output_hash AS batch_output_hash
        FROM em_prediction_display d
        LEFT JOIN em_prediction_run r ON r",
gpt-review-package/evidence/fresh-s2/D02-one-full-series-then-gate,100.792,1,1,"Query:executing:SELECT d.*, r.result_hash AS run_result_hash, b.output_hash AS batch_output_hash
        FROM em_prediction_display d
        LEFT JOIN em_prediction_run r ON r",
gpt-review-package/evidence/fresh-s2/D02-one-full-series-then-gate,101.817,1,1,"Query:executing:SELECT d.*, r.result_hash AS run_result_hash, b.output_hash AS batch_output_hash
        FROM em_prediction_display d
        LEFT JOIN em_prediction_run r ON r",
gpt-review-package/evidence/fresh-s2/D02-one-full-series-then-gate,102.845,1,1,"Query:executing:SELECT d.*, r.result_hash AS run_result_hash, b.output_hash AS batch_output_hash
        FROM em_prediction_display d
        LEFT JOIN em_prediction_run r ON r",
gpt-review-package/evidence/fresh-s2/D02-one-full-series-then-gate,103.874,1,1,"Query:executing:SELECT d.*, r.result_hash AS run_result_hash, b.output_hash AS batch_output_hash
        FROM em_prediction_display d
        LEFT JOIN em_prediction_run r ON r",
gpt-review-package/evidence/fresh-s2/D02-one-full-series-then-gate,104.897,1,1,"Query:executing:SELECT d.*, r.result_hash AS run_result_hash, b.output_hash AS batch_output_hash
        FROM em_prediction_display d
        LEFT JOIN em_prediction_run r ON r",
gpt-review-package/evidence/fresh-s2/D02-one-full-series-then-gate,105.911,1,1,"Query:executing:SELECT d.*, r.result_hash AS run_result_hash, b.output_hash AS batch_output_hash
        FROM em_prediction_display d
        LEFT JOIN em_prediction_run r ON r",
gpt-review-package/evidence/fresh-s2/D02-one-full-series-then-gate,106.923,1,1,"Query:executing:SELECT d.*, r.result_hash AS run_result_hash, b.output_hash AS batch_output_hash
        FROM em_prediction_display d
        LEFT JOIN em_prediction_run r ON r",
gpt-review-package/evidence/fresh-s2/D02-one-full-series-then-gate,107.945,1,1,"Query:executing:SELECT d.*, r.result_hash AS run_result_hash, b.output_hash AS batch_output_hash
        FROM em_prediction_display d
        LEFT JOIN em_prediction_run r ON r",
gpt-review-package/evidence/fresh-s2/D02-one-full-series-then-gate,108.957,1,1,"Query:executing:SELECT d.*, r.result_hash AS run_result_hash, b.output_hash AS batch_output_hash
        FROM em_prediction_display d
        LEFT JOIN em_prediction_run r ON r",
gpt-review-package/evidence/fresh-s2/D02-one-full-series-then-gate,109.97,1,1,"Query:executing:SELECT d.*, r.result_hash AS run_result_hash, b.output_hash AS batch_output_hash
        FROM em_prediction_display d
        LEFT JOIN em_prediction_run r ON r",
gpt-review-package/evidence/fresh-s2/D02-one-full-series-then-gate,110.994,1,1,"Query:executing:SELECT d.*, r.result_hash AS run_result_hash, b.output_hash AS batch_output_hash
        FROM em_prediction_display d
        LEFT JOIN em_prediction_run r ON r",
gpt-review-package/evidence/fresh-s2/D02-one-full-series-then-gate,112.011,1,1,"Query:executing:SELECT d.*, r.result_hash AS run_result_hash, b.output_hash AS batch_output_hash
        FROM em_prediction_display d
        LEFT JOIN em_prediction_run r ON r",
gpt-review-package/evidence/fresh-s2/D02-one-full-series-then-gate,113.023,1,1,"Query:executing:SELECT d.*, r.result_hash AS run_result_hash, b.output_hash AS batch_output_hash
        FROM em_prediction_display d
        LEFT JOIN em_prediction_run r ON r",
gpt-review-package/evidence/fresh-s2/D02-one-full-series-then-gate,114.033,1,1,"Query:executing:SELECT d.*, r.result_hash AS run_result_hash, b.output_hash AS batch_output_hash
        FROM em_prediction_display d
        LEFT JOIN em_prediction_run r ON r",
gpt-review-package/evidence/fresh-s2/D02-one-full-series-then-gate,115.059,1,1,"Query:executing:SELECT d.*, r.result_hash AS run_result_hash, b.output_hash AS batch_output_hash
        FROM em_prediction_display d
        LEFT JOIN em_prediction_run r ON r",
gpt-review-package/evidence/fresh-s2/D02-one-full-series-then-gate,116.08,1,1,"Query:executing:SELECT d.*, r.result_hash AS run_result_hash, b.output_hash AS batch_output_hash
        FROM em_prediction_display d
        LEFT JOIN em_prediction_run r ON r",
gpt-review-package/evidence/fresh-s2/D02-one-full-series-then-gate,117.105,1,1,"Query:executing:SELECT d.*, r.result_hash AS run_result_hash, b.output_hash AS batch_output_hash
        FROM em_prediction_display d
        LEFT JOIN em_prediction_run r ON r",
gpt-review-package/evidence/fresh-s2/D02-one-full-series-then-gate,118.117,1,1,"Query:executing:SELECT d.*, r.result_hash AS run_result_hash, b.output_hash AS batch_output_hash
        FROM em_prediction_display d
        LEFT JOIN em_prediction_run r ON r",
gpt-review-package/evidence/fresh-s2/D02-one-full-series-then-gate,119.127,1,1,"Query:executing:SELECT d.*, r.result_hash AS run_result_hash, b.output_hash AS batch_output_hash
        FROM em_prediction_display d
        LEFT JOIN em_prediction_run r ON r",
gpt-review-package/evidence/fresh-s2/D02-one-full-series-then-gate,120.141,1,1,"Query:executing:SELECT d.*, r.result_hash AS run_result_hash, b.output_hash AS batch_output_hash
        FROM em_prediction_display d
        LEFT JOIN em_prediction_run r ON r",
gpt-review-package/evidence/fresh-s2/D02-one-full-series-then-gate,122.404,1,1,"Query:executing:SELECT d.*, r.result_hash AS run_result_hash, b.output_hash AS batch_output_hash
        FROM em_prediction_display d
        LEFT JOIN em_prediction_run r ON r",
gpt-review-package/evidence/fresh-s2/D02-one-full-series-then-gate,123.414,1,1,"Query:executing:SELECT d.*, r.result_hash AS run_result_hash, b.output_hash AS batch_output_hash
        FROM em_prediction_display d
        LEFT JOIN em_prediction_run r ON r",
gpt-review-package/evidence/fresh-s2/D02-one-full-series-then-gate,124.425,1,1,"Query:executing:SELECT d.*, r.result_hash AS run_result_hash, b.output_hash AS batch_output_hash
        FROM em_prediction_display d
        LEFT JOIN em_prediction_run r ON r",
gpt-review-package/evidence/fresh-s2/D02-one-full-series-then-gate,125.441,1,1,"Query:executing:SELECT d.*, r.result_hash AS run_result_hash, b.output_hash AS batch_output_hash
        FROM em_prediction_display d
        LEFT JOIN em_prediction_run r ON r",
gpt-review-package/evidence/fresh-s2/D02-one-full-series-then-gate,126.45,1,1,"Query:executing:SELECT d.*, r.result_hash AS run_result_hash, b.output_hash AS batch_output_hash
        FROM em_prediction_display d
        LEFT JOIN em_prediction_run r ON r",
gpt-review-package/evidence/fresh-s2/D02-one-full-series-then-gate,127.46,1,1,"Query:executing:SELECT d.*, r.result_hash AS run_result_hash, b.output_hash AS batch_output_hash
        FROM em_prediction_display d
        LEFT JOIN em_prediction_run r ON r",
gpt-review-package/evidence/fresh-s2/D02-one-full-series-then-gate,128.482,1,1,"Query:executing:SELECT d.*, r.result_hash AS run_result_hash, b.output_hash AS batch_output_hash
        FROM em_prediction_display d
        LEFT JOIN em_prediction_run r ON r",
gpt-review-package/evidence/fresh-s2/D02-one-full-series-then-gate,129.504,1,1,"Query:executing:SELECT d.*, r.result_hash AS run_result_hash, b.output_hash AS batch_output_hash
        FROM em_prediction_display d
        LEFT JOIN em_prediction_run r ON r",
gpt-review-package/evidence/fresh-s2/D02-one-full-series-then-gate,130.519,1,1,"Query:executing:SELECT d.*, r.result_hash AS run_result_hash, b.output_hash AS batch_output_hash
        FROM em_prediction_display d
        LEFT JOIN em_prediction_run r ON r",
gpt-review-package/evidence/fresh-s2/D02-one-full-series-then-gate,131.533,1,1,"Query:executing:SELECT d.*, r.result_hash AS run_result_hash, b.output_hash AS batch_output_hash
        FROM em_prediction_display d
        LEFT JOIN em_prediction_run r ON r",
gpt-review-package/evidence/fresh-s2/D02-one-full-series-then-gate,132.543,1,1,"Query:executing:SELECT d.*, r.result_hash AS run_result_hash, b.output_hash AS batch_output_hash
        FROM em_prediction_display d
        LEFT JOIN em_prediction_run r ON r",
gpt-review-package/evidence/fresh-s2/D02-one-full-series-then-gate,133.563,1,1,"Query:executing:SELECT d.*, r.result_hash AS run_result_hash, b.output_hash AS batch_output_hash
        FROM em_prediction_display d
        LEFT JOIN em_prediction_run r ON r",
gpt-review-package/evidence/fresh-s2/D02-one-full-series-then-gate,134.58,1,1,"Query:executing:SELECT d.*, r.result_hash AS run_result_hash, b.output_hash AS batch_output_hash
        FROM em_prediction_display d
        LEFT JOIN em_prediction_run r ON r",
gpt-review-package/evidence/fresh-s2/D02-one-full-series-then-gate,135.596,1,1,"Query:executing:SELECT d.*, r.result_hash AS run_result_hash, b.output_hash AS batch_output_hash
        FROM em_prediction_display d
        LEFT JOIN em_prediction_run r ON r",
gpt-review-package/evidence/fresh-s2/D02-one-full-series-then-gate,136.621,1,1,"Query:executing:SELECT d.*, r.result_hash AS run_result_hash, b.output_hash AS batch_output_hash
        FROM em_prediction_display d
        LEFT JOIN em_prediction_run r ON r",
gpt-review-package/evidence/fresh-s2/D02-one-full-series-then-gate,137.645,1,1,"Query:executing:SELECT d.*, r.result_hash AS run_result_hash, b.output_hash AS batch_output_hash
        FROM em_prediction_display d
        LEFT JOIN em_prediction_run r ON r",
gpt-review-package/evidence/fresh-s2/D02-one-full-series-then-gate,138.655,1,1,"Query:executing:SELECT d.*, r.result_hash AS run_result_hash, b.output_hash AS batch_output_hash
        FROM em_prediction_display d
        LEFT JOIN em_prediction_run r ON r",
gpt-review-package/evidence/fresh-s2/D02-one-full-series-then-gate,139.679,1,1,"Query:executing:SELECT d.*, r.result_hash AS run_result_hash, b.output_hash AS batch_output_hash
        FROM em_prediction_display d
        LEFT JOIN em_prediction_run r ON r",
gpt-review-package/evidence/fresh-s2/D02-one-full-series-then-gate,140.703,1,1,"Query:executing:SELECT d.*, r.result_hash AS run_result_hash, b.output_hash AS batch_output_hash
        FROM em_prediction_display d
        LEFT JOIN em_prediction_run r ON r",
gpt-review-package/evidence/fresh-s2/D02-one-full-series-then-gate,141.717,1,1,"Query:executing:SELECT d.*, r.result_hash AS run_result_hash, b.output_hash AS batch_output_hash
        FROM em_prediction_display d
        LEFT JOIN em_prediction_run r ON r",
gpt-review-package/evidence/fresh-s2/D02-one-full-series-then-gate,142.73,1,1,"Query:executing:SELECT d.*, r.result_hash AS run_result_hash, b.output_hash AS batch_output_hash
        FROM em_prediction_display d
        LEFT JOIN em_prediction_run r ON r",
gpt-review-package/evidence/fresh-s2/D02-one-full-series-then-gate,143.748,1,1,"Query:executing:SELECT d.*, r.result_hash AS run_result_hash, b.output_hash AS batch_output_hash
        FROM em_prediction_display d
        LEFT JOIN em_prediction_run r ON r",
gpt-review-package/evidence/fresh-s2/D02-one-full-series-then-gate,144.762,1,1,"Query:executing:SELECT d.*, r.result_hash AS run_result_hash, b.output_hash AS batch_output_hash
        FROM em_prediction_display d
        LEFT JOIN em_prediction_run r ON r",
gpt-review-package/evidence/fresh-s2/D02-one-full-series-then-gate,145.772,1,1,"Query:executing:SELECT d.*, r.result_hash AS run_result_hash, b.output_hash AS batch_output_hash
        FROM em_prediction_display d
        LEFT JOIN em_prediction_run r ON r",
gpt-review-package/evidence/fresh-s2/D02-one-full-series-then-gate,146.792,1,1,"Query:executing:SELECT d.*, r.result_hash AS run_result_hash, b.output_hash AS batch_output_hash
        FROM em_prediction_display d
        LEFT JOIN em_prediction_run r ON r",
gpt-review-package/evidence/fresh-s2/D02-one-full-series-then-gate,147.813,1,1,"Query:executing:SELECT d.*, r.result_hash AS run_result_hash, b.output_hash AS batch_output_hash
        FROM em_prediction_display d
        LEFT JOIN em_prediction_run r ON r",
gpt-review-package/evidence/fresh-s2/D02-one-full-series-then-gate,148.825,1,1,"Query:executing:SELECT d.*, r.result_hash AS run_result_hash, b.output_hash AS batch_output_hash
        FROM em_prediction_display d
        LEFT JOIN em_prediction_run r ON r",
gpt-review-package/evidence/fresh-s2/D02-one-full-series-then-gate,149.846,1,1,"Query:executing:SELECT d.*, r.result_hash AS run_result_hash, b.output_hash AS batch_output_hash
        FROM em_prediction_display d
        LEFT JOIN em_prediction_run r ON r",
gpt-review-package/evidence/fresh-s2/D02-one-full-series-then-gate,150.862,1,1,"Query:executing:SELECT d.*, r.result_hash AS run_result_hash, b.output_hash AS batch_output_hash
        FROM em_prediction_display d
        LEFT JOIN em_prediction_run r ON r",
gpt-review-package/evidence/fresh-s2/D02-one-full-series-then-gate,151.874,1,1,"Query:executing:SELECT d.*, r.result_hash AS run_result_hash, b.output_hash AS batch_output_hash
        FROM em_prediction_display d
        LEFT JOIN em_prediction_run r ON r",
gpt-review-package/evidence/fresh-s2/D02-one-full-series-then-gate,152.892,1,1,"Query:executing:SELECT d.*, r.result_hash AS run_result_hash, b.output_hash AS batch_output_hash
        FROM em_prediction_display d
        LEFT JOIN em_prediction_run r ON r",
gpt-review-package/evidence/fresh-s2/D02-one-full-series-then-gate,153.904,1,1,"Query:executing:SELECT d.*, r.result_hash AS run_result_hash, b.output_hash AS batch_output_hash
        FROM em_prediction_display d
        LEFT JOIN em_prediction_run r ON r",
gpt-review-package/evidence/fresh-s2/D02-one-full-series-then-gate,154.92,1,1,"Query:executing:SELECT d.*, r.result_hash AS run_result_hash, b.output_hash AS batch_output_hash
        FROM em_prediction_display d
        LEFT JOIN em_prediction_run r ON r",
gpt-review-package/evidence/fresh-s2/D02-one-full-series-then-gate,155.933,1,1,"Query:executing:SELECT d.*, r.result_hash AS run_result_hash, b.output_hash AS batch_output_hash
        FROM em_prediction_display d
        LEFT JOIN em_prediction_run r ON r",
gpt-review-package/evidence/fresh-s2/D02-one-full-series-then-gate,156.945,1,1,"Query:executing:SELECT d.*, r.result_hash AS run_result_hash, b.output_hash AS batch_output_hash
        FROM em_prediction_display d
        LEFT JOIN em_prediction_run r ON r",
gpt-review-package/evidence/fresh-s2/D02-one-full-series-then-gate,157.96,1,1,"Query:executing:SELECT d.*, r.result_hash AS run_result_hash, b.output_hash AS batch_output_hash
        FROM em_prediction_display d
        LEFT JOIN em_prediction_run r ON r",
gpt-review-package/evidence/fresh-s2/D02-one-full-series-then-gate,158.983,1,1,"Query:executing:SELECT d.*, r.result_hash AS run_result_hash, b.output_hash AS batch_output_hash
        FROM em_prediction_display d
        LEFT JOIN em_prediction_run r ON r",
gpt-review-package/evidence/fresh-s2/D02-one-full-series-then-gate,160.007,1,1,"Query:executing:SELECT d.*, r.result_hash AS run_result_hash, b.output_hash AS batch_output_hash
        FROM em_prediction_display d
        LEFT JOIN em_prediction_run r ON r",
gpt-review-package/evidence/fresh-s2/D02-one-full-series-then-gate,161.026,1,1,"Query:executing:SELECT d.*, r.result_hash AS run_result_hash, b.output_hash AS batch_output_hash
        FROM em_prediction_display d
        LEFT JOIN em_prediction_run r ON r",
gpt-review-package/evidence/fresh-s2/D02-one-full-series-then-gate,162.037,1,1,"Query:executing:SELECT d.*, r.result_hash AS run_result_hash, b.output_hash AS batch_output_hash
        FROM em_prediction_display d
        LEFT JOIN em_prediction_run r ON r",
gpt-review-package/evidence/fresh-s2/D02-one-full-series-then-gate,163.053,1,1,"Query:executing:SELECT d.*, r.result_hash AS run_result_hash, b.output_hash AS batch_output_hash
        FROM em_prediction_display d
        LEFT JOIN em_prediction_run r ON r",
gpt-review-package/evidence/fresh-s2/D02-one-full-series-then-gate,164.066,1,1,"Query:executing:SELECT d.*, r.result_hash AS run_result_hash, b.output_hash AS batch_output_hash
        FROM em_prediction_display d
        LEFT JOIN em_prediction_run r ON r",
gpt-review-package/evidence/fresh-s2/D02-one-full-series-then-gate,165.08,1,1,"Query:executing:SELECT d.*, r.result_hash AS run_result_hash, b.output_hash AS batch_output_hash
        FROM em_prediction_display d
        LEFT JOIN em_prediction_run r ON r",
gpt-review-package/evidence/fresh-s2/D02-one-full-series-then-gate,166.101,1,1,"Query:executing:SELECT d.*, r.result_hash AS run_result_hash, b.output_hash AS batch_output_hash
        FROM em_prediction_display d
        LEFT JOIN em_prediction_run r ON r",
gpt-review-package/evidence/fresh-s2/D02-one-full-series-then-gate,167.119,1,1,"Query:executing:SELECT d.*, r.result_hash AS run_result_hash, b.output_hash AS batch_output_hash
        FROM em_prediction_display d
        LEFT JOIN em_prediction_run r ON r",
gpt-review-package/evidence/fresh-s2/D02-one-full-series-then-gate,168.141,1,1,"Query:executing:SELECT d.*, r.result_hash AS run_result_hash, b.output_hash AS batch_output_hash
        FROM em_prediction_display d
        LEFT JOIN em_prediction_run r ON r",
gpt-review-package/evidence/fresh-s2/D02-one-full-series-then-gate,169.161,1,1,"Query:executing:SELECT d.*, r.result_hash AS run_result_hash, b.output_hash AS batch_output_hash
        FROM em_prediction_display d
        LEFT JOIN em_prediction_run r ON r",
gpt-review-package/evidence/fresh-s2/D02-one-full-series-then-gate,170.178,1,1,"Query:executing:SELECT d.*, r.result_hash AS run_result_hash, b.output_hash AS batch_output_hash
        FROM em_prediction_display d
        LEFT JOIN em_prediction_run r ON r",
gpt-review-package/evidence/fresh-s2/D02-one-full-series-then-gate,171.199,1,1,"Query:executing:SELECT d.*, r.result_hash AS run_result_hash, b.output_hash AS batch_output_hash
        FROM em_prediction_display d
        LEFT JOIN em_prediction_run r ON r",
gpt-review-package/evidence/fresh-s2/D02-one-full-series-then-gate,172.22,1,1,"Query:executing:SELECT d.*, r.result_hash AS run_result_hash, b.output_hash AS batch_output_hash
        FROM em_prediction_display d
        LEFT JOIN em_prediction_run r ON r",
gpt-review-package/evidence/fresh-s2/D02-one-full-series-then-gate,173.229,1,1,"Query:executing:SELECT d.*, r.result_hash AS run_result_hash, b.output_hash AS batch_output_hash
        FROM em_prediction_display d
        LEFT JOIN em_prediction_run r ON r",
gpt-review-package/evidence/fresh-s2/D02-one-full-series-then-gate,174.238,1,1,"Query:executing:SELECT d.*, r.result_hash AS run_result_hash, b.output_hash AS batch_output_hash
        FROM em_prediction_display d
        LEFT JOIN em_prediction_run r ON r",
gpt-review-package/evidence/fresh-s2/D02-one-full-series-then-gate,175.257,1,1,"Query:executing:SELECT d.*, r.result_hash AS run_result_hash, b.output_hash AS batch_output_hash
        FROM em_prediction_display d
        LEFT JOIN em_prediction_run r ON r",
gpt-review-package/evidence/fresh-s2/D02-one-full-series-then-gate,176.268,1,1,"Query:executing:SELECT d.*, r.result_hash AS run_result_hash, b.output_hash AS batch_output_hash
        FROM em_prediction_display d
        LEFT JOIN em_prediction_run r ON r",
gpt-review-package/evidence/fresh-s2/D02-one-full-series-then-gate,177.278,1,1,"Query:executing:SELECT d.*, r.result_hash AS run_result_hash, b.output_hash AS batch_output_hash
        FROM em_prediction_display d
        LEFT JOIN em_prediction_run r ON r",
gpt-review-package/evidence/fresh-s2/D02-one-full-series-then-gate,178.287,1,1,"Query:executing:SELECT d.*, r.result_hash AS run_result_hash, b.output_hash AS batch_output_hash
        FROM em_prediction_display d
        LEFT JOIN em_prediction_run r ON r",
gpt-review-package/evidence/fresh-s2/D02-one-full-series-then-gate,179.299,1,1,"Query:executing:SELECT d.*, r.result_hash AS run_result_hash, b.output_hash AS batch_output_hash
        FROM em_prediction_display d
        LEFT JOIN em_prediction_run r ON r",
gpt-review-package/evidence/fresh-s2/D03-36-full-series-then-gate,0.001,1,0,Sleep::,
gpt-review-package/evidence/fresh-s2/D03-36-full-series-then-gate,1.011,1,1,"Query:executing:SELECT d.*, r.result_hash AS run_result_hash, b.output_hash AS batch_output_hash
        FROM em_prediction_display d
        LEFT JOIN em_prediction_run r ON r",
gpt-review-package/evidence/fresh-s2/D03-36-full-series-then-gate,2.021,1,1,"Query:executing:SELECT d.*, r.result_hash AS run_result_hash, b.output_hash AS batch_output_hash
        FROM em_prediction_display d
        LEFT JOIN em_prediction_run r ON r",
gpt-review-package/evidence/fresh-s2/D03-36-full-series-then-gate,3.035,1,1,"Query:executing:SELECT d.*, r.result_hash AS run_result_hash, b.output_hash AS batch_output_hash
        FROM em_prediction_display d
        LEFT JOIN em_prediction_run r ON r",
gpt-review-package/evidence/fresh-s2/D03-36-full-series-then-gate,4.056,1,1,"Query:executing:SELECT d.*, r.result_hash AS run_result_hash, b.output_hash AS batch_output_hash
        FROM em_prediction_display d
        LEFT JOIN em_prediction_run r ON r",
gpt-review-package/evidence/fresh-s2/D03-36-full-series-then-gate,5.067,1,1,"Query:executing:SELECT d.*, r.result_hash AS run_result_hash, b.output_hash AS batch_output_hash
        FROM em_prediction_display d
        LEFT JOIN em_prediction_run r ON r",
gpt-review-package/evidence/fresh-s2/D03-36-full-series-then-gate,7.228,1,1,"Query:executing:SELECT d.*, r.result_hash AS run_result_hash, b.output_hash AS batch_output_hash
        FROM em_prediction_display d
        LEFT JOIN em_prediction_run r ON r",
gpt-review-package/evidence/fresh-s2/D03-36-full-series-then-gate,8.238,1,1,"Query:executing:SELECT d.*, r.result_hash AS run_result_hash, b.output_hash AS batch_output_hash
        FROM em_prediction_display d
        LEFT JOIN em_prediction_run r ON r",
gpt-review-package/evidence/fresh-s2/D03-36-full-series-then-gate,9.254,1,1,"Query:executing:SELECT d.*, r.result_hash AS run_result_hash, b.output_hash AS batch_output_hash
        FROM em_prediction_display d
        LEFT JOIN em_prediction_run r ON r",
gpt-review-package/evidence/fresh-s2/D03-36-full-series-then-gate,10.271,1,1,"Query:executing:SELECT d.*, r.result_hash AS run_result_hash, b.output_hash AS batch_output_hash
        FROM em_prediction_display d
        LEFT JOIN em_prediction_run r ON r",
gpt-review-package/evidence/fresh-s2/D03-36-full-series-then-gate,11.278,1,1,"Query:executing:SELECT d.*, r.result_hash AS run_result_hash, b.output_hash AS batch_output_hash
        FROM em_prediction_display d
        LEFT JOIN em_prediction_run r ON r",
gpt-review-package/evidence/fresh-s2/D03-36-full-series-then-gate,12.288,1,1,"Query:executing:SELECT d.*, r.result_hash AS run_result_hash, b.output_hash AS batch_output_hash
        FROM em_prediction_display d
        LEFT JOIN em_prediction_run r ON r",
gpt-review-package/evidence/fresh-s2/D03-36-full-series-then-gate,13.309,1,1,"Query:executing:SELECT d.*, r.result_hash AS run_result_hash, b.output_hash AS batch_output_hash
        FROM em_prediction_display d
        LEFT JOIN em_prediction_run r ON r",
gpt-review-package/evidence/fresh-s2/D03-36-full-series-then-gate,14.319,1,1,"Query:executing:SELECT d.*, r.result_hash AS run_result_hash, b.output_hash AS batch_output_hash
        FROM em_prediction_display d
        LEFT JOIN em_prediction_run r ON r",
gpt-review-package/evidence/fresh-s2/D03-36-full-series-then-gate,15.331,1,1,"Query:executing:SELECT d.*, r.result_hash AS run_result_hash, b.output_hash AS batch_output_hash
        FROM em_prediction_display d
        LEFT JOIN em_prediction_run r ON r",
gpt-review-package/evidence/fresh-s2/D03-36-full-series-then-gate,17.676,1,1,"Query:executing:SELECT d.*, r.result_hash AS run_result_hash, b.output_hash AS batch_output_hash
        FROM em_prediction_display d
        LEFT JOIN em_prediction_run r ON r",
gpt-review-package/evidence/fresh-s2/D03-36-full-series-then-gate,18.698,1,1,"Query:executing:SELECT d.*, r.result_hash AS run_result_hash, b.output_hash AS batch_output_hash
        FROM em_prediction_display d
        LEFT JOIN em_prediction_run r ON r",
gpt-review-package/evidence/fresh-s2/D03-36-full-series-then-gate,19.708,1,1,"Query:executing:SELECT d.*, r.result_hash AS run_result_hash, b.output_hash AS batch_output_hash
        FROM em_prediction_display d
        LEFT JOIN em_prediction_run r ON r",
gpt-review-package/evidence/fresh-s2/D03-36-full-series-then-gate,20.718,1,1,"Query:executing:SELECT d.*, r.result_hash AS run_result_hash, b.output_hash AS batch_output_hash
        FROM em_prediction_display d
        LEFT JOIN em_prediction_run r ON r",
gpt-review-package/evidence/fresh-s2/D03-36-full-series-then-gate,21.729,1,1,"Query:executing:SELECT d.*, r.result_hash AS run_result_hash, b.output_hash AS batch_output_hash
        FROM em_prediction_display d
        LEFT JOIN em_prediction_run r ON r",
gpt-review-package/evidence/fresh-s2/D03-36-full-series-then-gate,22.738,1,1,"Query:executing:SELECT d.*, r.result_hash AS run_result_hash, b.output_hash AS batch_output_hash
        FROM em_prediction_display d
        LEFT JOIN em_prediction_run r ON r",
gpt-review-package/evidence/fresh-s2/D03-36-full-series-then-gate,23.749,1,1,"Query:executing:SELECT d.*, r.result_hash AS run_result_hash, b.output_hash AS batch_output_hash
        FROM em_prediction_display d
        LEFT JOIN em_prediction_run r ON r",
gpt-review-package/evidence/fresh-s2/D03-36-full-series-then-gate,24.77,1,1,"Query:executing:SELECT d.*, r.result_hash AS run_result_hash, b.output_hash AS batch_output_hash
        FROM em_prediction_display d
        LEFT JOIN em_prediction_run r ON r",
gpt-review-package/evidence/fresh-s2/D03-36-full-series-then-gate,25.779,1,1,"Query:executing:SELECT d.*, r.result_hash AS run_result_hash, b.output_hash AS batch_output_hash
        FROM em_prediction_display d
        LEFT JOIN em_prediction_run r ON r",
gpt-review-package/evidence/fresh-s2/D03-36-full-series-then-gate,26.789,1,1,"Query:executing:SELECT d.*, r.result_hash AS run_result_hash, b.output_hash AS batch_output_hash
        FROM em_prediction_display d
        LEFT JOIN em_prediction_run r ON r",
gpt-review-package/evidence/fresh-s2/D03-36-full-series-then-gate,27.798,1,1,"Query:executing:SELECT d.*, r.result_hash AS run_result_hash, b.output_hash AS batch_output_hash
        FROM em_prediction_display d
        LEFT JOIN em_prediction_run r ON r",
gpt-review-package/evidence/fresh-s2/D03-36-full-series-then-gate,28.806,1,1,"Query:executing:SELECT d.*, r.result_hash AS run_result_hash, b.output_hash AS batch_output_hash
        FROM em_prediction_display d
        LEFT JOIN em_prediction_run r ON r",
gpt-review-package/evidence/fresh-s2/D03-36-full-series-then-gate,29.814,1,1,"Query:executing:SELECT d.*, r.result_hash AS run_result_hash, b.output_hash AS batch_output_hash
        FROM em_prediction_display d
        LEFT JOIN em_prediction_run r ON r",
gpt-review-package/evidence/fresh-s2/D03-36-full-series-then-gate,30.834,1,1,"Query:executing:SELECT d.*, r.result_hash AS run_result_hash, b.output_hash AS batch_output_hash
        FROM em_prediction_display d
        LEFT JOIN em_prediction_run r ON r",
gpt-review-package/evidence/fresh-s2/D03-36-full-series-then-gate,33.055,1,1,"Query:executing:SELECT d.*, r.result_hash AS run_result_hash, b.output_hash AS batch_output_hash
        FROM em_prediction_display d
        LEFT JOIN em_prediction_run r ON r",
gpt-review-package/evidence/fresh-s2/D03-36-full-series-then-gate,34.071,1,1,"Query:executing:SELECT d.*, r.result_hash AS run_result_hash, b.output_hash AS batch_output_hash
        FROM em_prediction_display d
        LEFT JOIN em_prediction_run r ON r",
gpt-review-package/evidence/fresh-s2/D03-36-full-series-then-gate,35.091,1,1,"Query:executing:SELECT d.*, r.result_hash AS run_result_hash, b.output_hash AS batch_output_hash
        FROM em_prediction_display d
        LEFT JOIN em_prediction_run r ON r",
gpt-review-package/evidence/fresh-s2/D03-36-full-series-then-gate,36.099,1,1,"Query:executing:SELECT d.*, r.result_hash AS run_result_hash, b.output_hash AS batch_output_hash
        FROM em_prediction_display d
        LEFT JOIN em_prediction_run r ON r",
gpt-review-package/evidence/fresh-s2/D03-36-full-series-then-gate,37.108,1,1,"Query:executing:SELECT d.*, r.result_hash AS run_result_hash, b.output_hash AS batch_output_hash
        FROM em_prediction_display d
        LEFT JOIN em_prediction_run r ON r",
gpt-review-package/evidence/fresh-s2/D03-36-full-series-then-gate,38.126,1,1,"Query:executing:SELECT d.*, r.result_hash AS run_result_hash, b.output_hash AS batch_output_hash
        FROM em_prediction_display d
        LEFT JOIN em_prediction_run r ON r",
gpt-review-package/evidence/fresh-s2/D03-36-full-series-then-gate,39.143,1,1,"Query:executing:SELECT d.*, r.result_hash AS run_result_hash, b.output_hash AS batch_output_hash
        FROM em_prediction_display d
        LEFT JOIN em_prediction_run r ON r",
gpt-review-package/evidence/fresh-s2/D03-36-full-series-then-gate,40.158,1,1,"Query:executing:SELECT d.*, r.result_hash AS run_result_hash, b.output_hash AS batch_output_hash
        FROM em_prediction_display d
        LEFT JOIN em_prediction_run r ON r",
gpt-review-package/evidence/fresh-s2/D03-36-full-series-then-gate,41.167,1,1,"Query:executing:SELECT d.*, r.result_hash AS run_result_hash, b.output_hash AS batch_output_hash
        FROM em_prediction_display d
        LEFT JOIN em_prediction_run r ON r",
gpt-review-package/evidence/fresh-s2/D03-36-full-series-then-gate,42.181,1,1,"Query:executing:SELECT d.*, r.result_hash AS run_result_hash, b.output_hash AS batch_output_hash
        FROM em_prediction_display d
        LEFT JOIN em_prediction_run r ON r",
gpt-review-package/evidence/fresh-s2/D03-36-full-series-then-gate,43.203,1,1,"Query:executing:SELECT d.*, r.result_hash AS run_result_hash, b.output_hash AS batch_output_hash
        FROM em_prediction_display d
        LEFT JOIN em_prediction_run r ON r",
gpt-review-package/evidence/fresh-s2/D03-36-full-series-then-gate,44.213,1,1,"Query:executing:SELECT d.*, r.result_hash AS run_result_hash, b.output_hash AS batch_output_hash
        FROM em_prediction_display d
        LEFT JOIN em_prediction_run r ON r",
gpt-review-package/evidence/fresh-s2/D03-36-full-series-then-gate,45.234,1,1,"Query:executing:SELECT d.*, r.result_hash AS run_result_hash, b.output_hash AS batch_output_hash
        FROM em_prediction_display d
        LEFT JOIN em_prediction_run r ON r",
gpt-review-package/evidence/fresh-s2/D03-36-full-series-then-gate,46.255,1,1,"Query:executing:SELECT d.*, r.result_hash AS run_result_hash, b.output_hash AS batch_output_hash
        FROM em_prediction_display d
        LEFT JOIN em_prediction_run r ON r",
gpt-review-package/evidence/fresh-s2/D03-36-full-series-then-gate,47.273,1,1,"Query:executing:SELECT d.*, r.result_hash AS run_result_hash, b.output_hash AS batch_output_hash
        FROM em_prediction_display d
        LEFT JOIN em_prediction_run r ON r",
gpt-review-package/evidence/fresh-s2/D03-36-full-series-then-gate,48.294,1,1,"Query:executing:SELECT d.*, r.result_hash AS run_result_hash, b.output_hash AS batch_output_hash
        FROM em_prediction_display d
        LEFT JOIN em_prediction_run r ON r",
gpt-review-package/evidence/fresh-s2/D03-36-full-series-then-gate,49.317,1,1,"Query:executing:SELECT d.*, r.result_hash AS run_result_hash, b.output_hash AS batch_output_hash
        FROM em_prediction_display d
        LEFT JOIN em_prediction_run r ON r",
gpt-review-package/evidence/fresh-s2/D03-36-full-series-then-gate,50.339,1,1,"Query:executing:SELECT d.*, r.result_hash AS run_result_hash, b.output_hash AS batch_output_hash
        FROM em_prediction_display d
        LEFT JOIN em_prediction_run r ON r",
gpt-review-package/evidence/fresh-s2/D03-36-full-series-then-gate,51.352,1,1,"Query:executing:SELECT d.*, r.result_hash AS run_result_hash, b.output_hash AS batch_output_hash
        FROM em_prediction_display d
        LEFT JOIN em_prediction_run r ON r",
gpt-review-package/evidence/fresh-s2/D03-36-full-series-then-gate,52.359,1,1,"Query:executing:SELECT d.*, r.result_hash AS run_result_hash, b.output_hash AS batch_output_hash
        FROM em_prediction_display d
        LEFT JOIN em_prediction_run r ON r",
gpt-review-package/evidence/fresh-s2/D03-36-full-series-then-gate,53.38,1,1,"Query:executing:SELECT d.*, r.result_hash AS run_result_hash, b.output_hash AS batch_output_hash
        FROM em_prediction_display d
        LEFT JOIN em_prediction_run r ON r",
gpt-review-package/evidence/fresh-s2/D03-36-full-series-then-gate,54.401,1,1,"Query:executing:SELECT d.*, r.result_hash AS run_result_hash, b.output_hash AS batch_output_hash
        FROM em_prediction_display d
        LEFT JOIN em_prediction_run r ON r",
gpt-review-package/evidence/fresh-s2/D03-36-full-series-then-gate,55.421,1,1,"Query:executing:SELECT d.*, r.result_hash AS run_result_hash, b.output_hash AS batch_output_hash
        FROM em_prediction_display d
        LEFT JOIN em_prediction_run r ON r",
gpt-review-package/evidence/fresh-s2/D03-36-full-series-then-gate,56.444,1,1,"Query:executing:SELECT d.*, r.result_hash AS run_result_hash, b.output_hash AS batch_output_hash
        FROM em_prediction_display d
        LEFT JOIN em_prediction_run r ON r",
gpt-review-package/evidence/fresh-s2/D03-36-full-series-then-gate,57.455,1,1,"Query:executing:SELECT d.*, r.result_hash AS run_result_hash, b.output_hash AS batch_output_hash
        FROM em_prediction_display d
        LEFT JOIN em_prediction_run r ON r",
gpt-review-package/evidence/fresh-s2/D03-36-full-series-then-gate,58.468,1,1,"Query:executing:SELECT d.*, r.result_hash AS run_result_hash, b.output_hash AS batch_output_hash
        FROM em_prediction_display d
        LEFT JOIN em_prediction_run r ON r",
gpt-review-package/evidence/fresh-s2/D03-36-full-series-then-gate,59.487,1,1,"Query:executing:SELECT d.*, r.result_hash AS run_result_hash, b.output_hash AS batch_output_hash
        FROM em_prediction_display d
        LEFT JOIN em_prediction_run r ON r",
gpt-review-package/evidence/fresh-s2/D03-36-full-series-then-gate,60.504,1,1,"Query:executing:SELECT d.*, r.result_hash AS run_result_hash, b.output_hash AS batch_output_hash
        FROM em_prediction_display d
        LEFT JOIN em_prediction_run r ON r",
gpt-review-package/evidence/fresh-s2/D03-36-full-series-then-gate,62.583,1,1,"Query:executing:SELECT d.*, r.result_hash AS run_result_hash, b.output_hash AS batch_output_hash
        FROM em_prediction_display d
        LEFT JOIN em_prediction_run r ON r",
gpt-review-package/evidence/fresh-s2/D03-36-full-series-then-gate,63.602,1,1,"Query:executing:SELECT d.*, r.result_hash AS run_result_hash, b.output_hash AS batch_output_hash
        FROM em_prediction_display d
        LEFT JOIN em_prediction_run r ON r",
gpt-review-package/evidence/fresh-s2/D03-36-full-series-then-gate,64.624,1,1,"Query:executing:SELECT d.*, r.result_hash AS run_result_hash, b.output_hash AS batch_output_hash
        FROM em_prediction_display d
        LEFT JOIN em_prediction_run r ON r",
gpt-review-package/evidence/fresh-s2/D03-36-full-series-then-gate,65.647,1,1,"Query:executing:SELECT d.*, r.result_hash AS run_result_hash, b.output_hash AS batch_output_hash
        FROM em_prediction_display d
        LEFT JOIN em_prediction_run r ON r",
gpt-review-package/evidence/fresh-s2/D03-36-full-series-then-gate,66.668,1,1,"Query:executing:SELECT d.*, r.result_hash AS run_result_hash, b.output_hash AS batch_output_hash
        FROM em_prediction_display d
        LEFT JOIN em_prediction_run r ON r",
gpt-review-package/evidence/fresh-s2/D03-36-full-series-then-gate,67.689,1,1,"Query:executing:SELECT d.*, r.result_hash AS run_result_hash, b.output_hash AS batch_output_hash
        FROM em_prediction_display d
        LEFT JOIN em_prediction_run r ON r",
gpt-review-package/evidence/fresh-s2/D03-36-full-series-then-gate,68.711,1,1,"Query:executing:SELECT d.*, r.result_hash AS run_result_hash, b.output_hash AS batch_output_hash
        FROM em_prediction_display d
        LEFT JOIN em_prediction_run r ON r",
gpt-review-package/evidence/fresh-s2/D03-36-full-series-then-gate,69.731,1,1,"Query:executing:SELECT d.*, r.result_hash AS run_result_hash, b.output_hash AS batch_output_hash
        FROM em_prediction_display d
        LEFT JOIN em_prediction_run r ON r",
gpt-review-package/evidence/fresh-s2/D03-36-full-series-then-gate,70.754,1,1,"Query:executing:SELECT d.*, r.result_hash AS run_result_hash, b.output_hash AS batch_output_hash
        FROM em_prediction_display d
        LEFT JOIN em_prediction_run r ON r",
gpt-review-package/evidence/fresh-s2/D03-36-full-series-then-gate,71.761,1,1,"Query:executing:SELECT d.*, r.result_hash AS run_result_hash, b.output_hash AS batch_output_hash
        FROM em_prediction_display d
        LEFT JOIN em_prediction_run r ON r",
gpt-review-package/evidence/fresh-s2/D03-36-full-series-then-gate,72.773,1,1,"Query:executing:SELECT d.*, r.result_hash AS run_result_hash, b.output_hash AS batch_output_hash
        FROM em_prediction_display d
        LEFT JOIN em_prediction_run r ON r",
gpt-review-package/evidence/fresh-s2/D03-36-full-series-then-gate,73.788,1,1,"Query:executing:SELECT d.*, r.result_hash AS run_result_hash, b.output_hash AS batch_output_hash
        FROM em_prediction_display d
        LEFT JOIN em_prediction_run r ON r",
gpt-review-package/evidence/fresh-s2/D03-36-full-series-then-gate,74.812,1,1,"Query:executing:SELECT d.*, r.result_hash AS run_result_hash, b.output_hash AS batch_output_hash
        FROM em_prediction_display d
        LEFT JOIN em_prediction_run r ON r",
gpt-review-package/evidence/fresh-s2/D03-36-full-series-then-gate,75.832,1,1,"Query:executing:SELECT d.*, r.result_hash AS run_result_hash, b.output_hash AS batch_output_hash
        FROM em_prediction_display d
        LEFT JOIN em_prediction_run r ON r",
gpt-review-package/evidence/fresh-s2/D03-36-full-series-then-gate,76.855,1,1,"Query:executing:SELECT d.*, r.result_hash AS run_result_hash, b.output_hash AS batch_output_hash
        FROM em_prediction_display d
        LEFT JOIN em_prediction_run r ON r",
gpt-review-package/evidence/fresh-s2/D03-36-full-series-then-gate,77.866,1,1,"Query:executing:SELECT d.*, r.result_hash AS run_result_hash, b.output_hash AS batch_output_hash
        FROM em_prediction_display d
        LEFT JOIN em_prediction_run r ON r",
gpt-review-package/evidence/fresh-s2/D03-36-full-series-then-gate,78.886,1,1,"Query:executing:SELECT d.*, r.result_hash AS run_result_hash, b.output_hash AS batch_output_hash
        FROM em_prediction_display d
        LEFT JOIN em_prediction_run r ON r",
gpt-review-package/evidence/fresh-s2/D03-36-full-series-then-gate,79.898,1,1,"Query:executing:SELECT d.*, r.result_hash AS run_result_hash, b.output_hash AS batch_output_hash
        FROM em_prediction_display d
        LEFT JOIN em_prediction_run r ON r",
gpt-review-package/evidence/fresh-s2/D03-36-full-series-then-gate,80.908,1,1,"Query:executing:SELECT d.*, r.result_hash AS run_result_hash, b.output_hash AS batch_output_hash
        FROM em_prediction_display d
        LEFT JOIN em_prediction_run r ON r",
gpt-review-package/evidence/fresh-s2/D03-36-full-series-then-gate,81.931,1,1,"Query:executing:SELECT d.*, r.result_hash AS run_result_hash, b.output_hash AS batch_output_hash
        FROM em_prediction_display d
        LEFT JOIN em_prediction_run r ON r",
gpt-review-package/evidence/fresh-s2/D03-36-full-series-then-gate,82.94,1,1,"Query:executing:SELECT d.*, r.result_hash AS run_result_hash, b.output_hash AS batch_output_hash
        FROM em_prediction_display d
        LEFT JOIN em_prediction_run r ON r",
gpt-review-package/evidence/fresh-s2/D03-36-full-series-then-gate,83.956,1,1,"Query:executing:SELECT d.*, r.result_hash AS run_result_hash, b.output_hash AS batch_output_hash
        FROM em_prediction_display d
        LEFT JOIN em_prediction_run r ON r",
gpt-review-package/evidence/fresh-s2/D03-36-full-series-then-gate,84.976,1,1,"Query:executing:SELECT d.*, r.result_hash AS run_result_hash, b.output_hash AS batch_output_hash
        FROM em_prediction_display d
        LEFT JOIN em_prediction_run r ON r",
gpt-review-package/evidence/fresh-s2/D03-36-full-series-then-gate,85.997,1,1,"Query:executing:SELECT d.*, r.result_hash AS run_result_hash, b.output_hash AS batch_output_hash
        FROM em_prediction_display d
        LEFT JOIN em_prediction_run r ON r",
gpt-review-package/evidence/fresh-s2/D03-36-full-series-then-gate,87.013,1,1,"Query:executing:SELECT d.*, r.result_hash AS run_result_hash, b.output_hash AS batch_output_hash
        FROM em_prediction_display d
        LEFT JOIN em_prediction_run r ON r",
gpt-review-package/evidence/fresh-s2/D03-36-full-series-then-gate,88.03,1,1,"Query:executing:SELECT d.*, r.result_hash AS run_result_hash, b.output_hash AS batch_output_hash
        FROM em_prediction_display d
        LEFT JOIN em_prediction_run r ON r",
gpt-review-package/evidence/fresh-s2/D03-36-full-series-then-gate,89.051,1,1,"Query:executing:SELECT d.*, r.result_hash AS run_result_hash, b.output_hash AS batch_output_hash
        FROM em_prediction_display d
        LEFT JOIN em_prediction_run r ON r",
gpt-review-package/evidence/fresh-s2/D03-36-full-series-then-gate,90.07,1,1,"Query:executing:SELECT d.*, r.result_hash AS run_result_hash, b.output_hash AS batch_output_hash
        FROM em_prediction_display d
        LEFT JOIN em_prediction_run r ON r",
gpt-review-package/evidence/fresh-s2/D03-36-full-series-then-gate,91.082,1,1,"Query:executing:SELECT d.*, r.result_hash AS run_result_hash, b.output_hash AS batch_output_hash
        FROM em_prediction_display d
        LEFT JOIN em_prediction_run r ON r",
gpt-review-package/evidence/fresh-s2/D03-36-full-series-then-gate,92.097,1,1,"Query:executing:SELECT d.*, r.result_hash AS run_result_hash, b.output_hash AS batch_output_hash
        FROM em_prediction_display d
        LEFT JOIN em_prediction_run r ON r",
gpt-review-package/evidence/fresh-s2/D03-36-full-series-then-gate,93.107,1,1,"Query:executing:SELECT d.*, r.result_hash AS run_result_hash, b.output_hash AS batch_output_hash
        FROM em_prediction_display d
        LEFT JOIN em_prediction_run r ON r",
gpt-review-package/evidence/fresh-s2/D03-36-full-series-then-gate,94.126,1,1,"Query:executing:SELECT d.*, r.result_hash AS run_result_hash, b.output_hash AS batch_output_hash
        FROM em_prediction_display d
        LEFT JOIN em_prediction_run r ON r",
gpt-review-package/evidence/fresh-s2/D03-36-full-series-then-gate,95.148,1,1,"Query:executing:SELECT d.*, r.result_hash AS run_result_hash, b.output_hash AS batch_output_hash
        FROM em_prediction_display d
        LEFT JOIN em_prediction_run r ON r",
gpt-review-package/evidence/fresh-s2/D03-36-full-series-then-gate,96.16,1,1,"Query:executing:SELECT d.*, r.result_hash AS run_result_hash, b.output_hash AS batch_output_hash
        FROM em_prediction_display d
        LEFT JOIN em_prediction_run r ON r",
gpt-review-package/evidence/fresh-s2/D03-36-full-series-then-gate,97.181,1,1,"Query:executing:SELECT d.*, r.result_hash AS run_result_hash, b.output_hash AS batch_output_hash
        FROM em_prediction_display d
        LEFT JOIN em_prediction_run r ON r",
gpt-review-package/evidence/fresh-s2/D03-36-full-series-then-gate,98.19,1,1,"Query:executing:SELECT d.*, r.result_hash AS run_result_hash, b.output_hash AS batch_output_hash
        FROM em_prediction_display d
        LEFT JOIN em_prediction_run r ON r",
gpt-review-package/evidence/fresh-s2/D03-36-full-series-then-gate,99.198,1,1,"Query:executing:SELECT d.*, r.result_hash AS run_result_hash, b.output_hash AS batch_output_hash
        FROM em_prediction_display d
        LEFT JOIN em_prediction_run r ON r",
gpt-review-package/evidence/fresh-s2/D03-36-full-series-then-gate,100.21,1,1,"Query:executing:SELECT d.*, r.result_hash AS run_result_hash, b.output_hash AS batch_output_hash
        FROM em_prediction_display d
        LEFT JOIN em_prediction_run r ON r",
gpt-review-package/evidence/fresh-s2/D03-36-full-series-then-gate,101.23,1,1,"Query:executing:SELECT d.*, r.result_hash AS run_result_hash, b.output_hash AS batch_output_hash
        FROM em_prediction_display d
        LEFT JOIN em_prediction_run r ON r",
gpt-review-package/evidence/fresh-s2/D03-36-full-series-then-gate,102.238,1,1,"Query:executing:SELECT d.*, r.result_hash AS run_result_hash, b.output_hash AS batch_output_hash
        FROM em_prediction_display d
        LEFT JOIN em_prediction_run r ON r",
gpt-review-package/evidence/fresh-s2/D03-36-full-series-then-gate,103.245,1,1,"Query:executing:SELECT d.*, r.result_hash AS run_result_hash, b.output_hash AS batch_output_hash
        FROM em_prediction_display d
        LEFT JOIN em_prediction_run r ON r",
gpt-review-package/evidence/fresh-s2/D03-36-full-series-then-gate,104.252,1,1,"Query:executing:SELECT d.*, r.result_hash AS run_result_hash, b.output_hash AS batch_output_hash
        FROM em_prediction_display d
        LEFT JOIN em_prediction_run r ON r",
gpt-review-package/evidence/fresh-s2/D03-36-full-series-then-gate,105.264,1,1,"Query:executing:SELECT d.*, r.result_hash AS run_result_hash, b.output_hash AS batch_output_hash
        FROM em_prediction_display d
        LEFT JOIN em_prediction_run r ON r",
gpt-review-package/evidence/fresh-s2/D03-36-full-series-then-gate,106.273,1,1,"Query:executing:SELECT d.*, r.result_hash AS run_result_hash, b.output_hash AS batch_output_hash
        FROM em_prediction_display d
        LEFT JOIN em_prediction_run r ON r",
gpt-review-package/evidence/fresh-s2/D03-36-full-series-then-gate,107.284,1,1,"Query:executing:SELECT d.*, r.result_hash AS run_result_hash, b.output_hash AS batch_output_hash
        FROM em_prediction_display d
        LEFT JOIN em_prediction_run r ON r",
gpt-review-package/evidence/fresh-s2/D03-36-full-series-then-gate,108.293,1,1,"Query:executing:SELECT d.*, r.result_hash AS run_result_hash, b.output_hash AS batch_output_hash
        FROM em_prediction_display d
        LEFT JOIN em_prediction_run r ON r",
gpt-review-package/evidence/fresh-s2/D03-36-full-series-then-gate,109.304,1,1,"Query:executing:SELECT d.*, r.result_hash AS run_result_hash, b.output_hash AS batch_output_hash
        FROM em_prediction_display d
        LEFT JOIN em_prediction_run r ON r",
gpt-review-package/evidence/fresh-s2/D03-36-full-series-then-gate,110.327,1,1,"Query:executing:SELECT d.*, r.result_hash AS run_result_hash, b.output_hash AS batch_output_hash
        FROM em_prediction_display d
        LEFT JOIN em_prediction_run r ON r",
gpt-review-package/evidence/fresh-s2/D03-36-full-series-then-gate,111.342,1,1,"Query:executing:SELECT d.*, r.result_hash AS run_result_hash, b.output_hash AS batch_output_hash
        FROM em_prediction_display d
        LEFT JOIN em_prediction_run r ON r",
gpt-review-package/evidence/fresh-s2/D03-36-full-series-then-gate,112.352,1,1,"Query:executing:SELECT d.*, r.result_hash AS run_result_hash, b.output_hash AS batch_output_hash
        FROM em_prediction_display d
        LEFT JOIN em_prediction_run r ON r",
gpt-review-package/evidence/fresh-s2/D03-36-full-series-then-gate,113.365,1,1,"Query:executing:SELECT d.*, r.result_hash AS run_result_hash, b.output_hash AS batch_output_hash
        FROM em_prediction_display d
        LEFT JOIN em_prediction_run r ON r",
gpt-review-package/evidence/fresh-s2/D03-36-full-series-then-gate,114.378,1,1,"Query:executing:SELECT d.*, r.result_hash AS run_result_hash, b.output_hash AS batch_output_hash
        FROM em_prediction_display d
        LEFT JOIN em_prediction_run r ON r",
gpt-review-package/evidence/fresh-s2/D03-36-full-series-then-gate,115.388,1,1,"Query:executing:SELECT d.*, r.result_hash AS run_result_hash, b.output_hash AS batch_output_hash
        FROM em_prediction_display d
        LEFT JOIN em_prediction_run r ON r",
gpt-review-package/evidence/fresh-s2/D03-36-full-series-then-gate,116.4,1,1,"Query:executing:SELECT d.*, r.result_hash AS run_result_hash, b.output_hash AS batch_output_hash
        FROM em_prediction_display d
        LEFT JOIN em_prediction_run r ON r",
gpt-review-package/evidence/fresh-s2/D03-36-full-series-then-gate,117.411,1,1,"Query:executing:SELECT d.*, r.result_hash AS run_result_hash, b.output_hash AS batch_output_hash
        FROM em_prediction_display d
        LEFT JOIN em_prediction_run r ON r",
gpt-review-package/evidence/fresh-s2/D03-36-full-series-then-gate,118.423,1,1,"Query:executing:SELECT d.*, r.result_hash AS run_result_hash, b.output_hash AS batch_output_hash
        FROM em_prediction_display d
        LEFT JOIN em_prediction_run r ON r",
gpt-review-package/evidence/fresh-s2/D03-36-full-series-then-gate,119.437,1,1,"Query:executing:SELECT d.*, r.result_hash AS run_result_hash, b.output_hash AS batch_output_hash
        FROM em_prediction_display d
        LEFT JOIN em_prediction_run r ON r",
gpt-review-package/evidence/fresh-s2/D03-36-full-series-then-gate,120.454,1,1,"Query:executing:SELECT d.*, r.result_hash AS run_result_hash, b.output_hash AS batch_output_hash
        FROM em_prediction_display d
        LEFT JOIN em_prediction_run r ON r",
gpt-review-package/evidence/fresh-s2/D03-36-full-series-then-gate,122.61,1,1,"Query:executing:SELECT d.*, r.result_hash AS run_result_hash, b.output_hash AS batch_output_hash
        FROM em_prediction_display d
        LEFT JOIN em_prediction_run r ON r",
gpt-review-package/evidence/fresh-s2/D03-36-full-series-then-gate,123.622,1,1,"Query:executing:SELECT d.*, r.result_hash AS run_result_hash, b.output_hash AS batch_output_hash
        FROM em_prediction_display d
        LEFT JOIN em_prediction_run r ON r",
gpt-review-package/evidence/fresh-s2/D03-36-full-series-then-gate,124.628,1,1,"Query:executing:SELECT d.*, r.result_hash AS run_result_hash, b.output_hash AS batch_output_hash
        FROM em_prediction_display d
        LEFT JOIN em_prediction_run r ON r",
gpt-review-package/evidence/fresh-s2/D03-36-full-series-then-gate,125.639,1,1,"Query:executing:SELECT d.*, r.result_hash AS run_result_hash, b.output_hash AS batch_output_hash
        FROM em_prediction_display d
        LEFT JOIN em_prediction_run r ON r",
gpt-review-package/evidence/fresh-s2/D03-36-full-series-then-gate,126.656,1,1,"Query:executing:SELECT d.*, r.result_hash AS run_result_hash, b.output_hash AS batch_output_hash
        FROM em_prediction_display d
        LEFT JOIN em_prediction_run r ON r",
gpt-review-package/evidence/fresh-s2/D03-36-full-series-then-gate,127.668,1,1,"Query:executing:SELECT d.*, r.result_hash AS run_result_hash, b.output_hash AS batch_output_hash
        FROM em_prediction_display d
        LEFT JOIN em_prediction_run r ON r",
gpt-review-package/evidence/fresh-s2/D03-36-full-series-then-gate,128.681,1,1,"Query:executing:SELECT d.*, r.result_hash AS run_result_hash, b.output_hash AS batch_output_hash
        FROM em_prediction_display d
        LEFT JOIN em_prediction_run r ON r",
gpt-review-package/evidence/fresh-s2/D03-36-full-series-then-gate,129.692,1,1,"Query:executing:SELECT d.*, r.result_hash AS run_result_hash, b.output_hash AS batch_output_hash
        FROM em_prediction_display d
        LEFT JOIN em_prediction_run r ON r",
gpt-review-package/evidence/fresh-s2/D03-36-full-series-then-gate,130.7,1,1,"Query:executing:SELECT d.*, r.result_hash AS run_result_hash, b.output_hash AS batch_output_hash
        FROM em_prediction_display d
        LEFT JOIN em_prediction_run r ON r",
gpt-review-package/evidence/fresh-s2/D03-36-full-series-then-gate,131.712,1,1,"Query:executing:SELECT d.*, r.result_hash AS run_result_hash, b.output_hash AS batch_output_hash
        FROM em_prediction_display d
        LEFT JOIN em_prediction_run r ON r",
gpt-review-package/evidence/fresh-s2/D03-36-full-series-then-gate,132.726,1,1,"Query:executing:SELECT d.*, r.result_hash AS run_result_hash, b.output_hash AS batch_output_hash
        FROM em_prediction_display d
        LEFT JOIN em_prediction_run r ON r",
gpt-review-package/evidence/fresh-s2/D03-36-full-series-then-gate,133.735,1,1,"Query:executing:SELECT d.*, r.result_hash AS run_result_hash, b.output_hash AS batch_output_hash
        FROM em_prediction_display d
        LEFT JOIN em_prediction_run r ON r",
gpt-review-package/evidence/fresh-s2/D03-36-full-series-then-gate,134.757,1,1,"Query:executing:SELECT d.*, r.result_hash AS run_result_hash, b.output_hash AS batch_output_hash
        FROM em_prediction_display d
        LEFT JOIN em_prediction_run r ON r",
gpt-review-package/evidence/fresh-s2/D03-36-full-series-then-gate,135.77,1,1,"Query:executing:SELECT d.*, r.result_hash AS run_result_hash, b.output_hash AS batch_output_hash
        FROM em_prediction_display d
        LEFT JOIN em_prediction_run r ON r",
gpt-review-package/evidence/fresh-s2/D03-36-full-series-then-gate,136.794,1,1,"Query:executing:SELECT d.*, r.result_hash AS run_result_hash, b.output_hash AS batch_output_hash
        FROM em_prediction_display d
        LEFT JOIN em_prediction_run r ON r",
gpt-review-package/evidence/fresh-s2/D03-36-full-series-then-gate,137.813,1,1,"Query:executing:SELECT d.*, r.result_hash AS run_result_hash, b.output_hash AS batch_output_hash
        FROM em_prediction_display d
        LEFT JOIN em_prediction_run r ON r",
gpt-review-package/evidence/fresh-s2/D03-36-full-series-then-gate,138.833,1,1,"Query:executing:SELECT d.*, r.result_hash AS run_result_hash, b.output_hash AS batch_output_hash
        FROM em_prediction_display d
        LEFT JOIN em_prediction_run r ON r",
gpt-review-package/evidence/fresh-s2/D03-36-full-series-then-gate,139.847,1,1,"Query:executing:SELECT d.*, r.result_hash AS run_result_hash, b.output_hash AS batch_output_hash
        FROM em_prediction_display d
        LEFT JOIN em_prediction_run r ON r",
gpt-review-package/evidence/fresh-s2/D03-36-full-series-then-gate,140.858,1,1,"Query:executing:SELECT d.*, r.result_hash AS run_result_hash, b.output_hash AS batch_output_hash
        FROM em_prediction_display d
        LEFT JOIN em_prediction_run r ON r",
gpt-review-package/evidence/fresh-s2/D03-36-full-series-then-gate,141.871,1,1,"Query:executing:SELECT d.*, r.result_hash AS run_result_hash, b.output_hash AS batch_output_hash
        FROM em_prediction_display d
        LEFT JOIN em_prediction_run r ON r",
gpt-review-package/evidence/fresh-s2/D03-36-full-series-then-gate,142.883,1,1,"Query:executing:SELECT d.*, r.result_hash AS run_result_hash, b.output_hash AS batch_output_hash
        FROM em_prediction_display d
        LEFT JOIN em_prediction_run r ON r",
gpt-review-package/evidence/fresh-s2/D03-36-full-series-then-gate,143.897,1,1,"Query:executing:SELECT d.*, r.result_hash AS run_result_hash, b.output_hash AS batch_output_hash
        FROM em_prediction_display d
        LEFT JOIN em_prediction_run r ON r",
gpt-review-package/evidence/fresh-s2/D03-36-full-series-then-gate,144.912,1,1,"Query:executing:SELECT d.*, r.result_hash AS run_result_hash, b.output_hash AS batch_output_hash
        FROM em_prediction_display d
        LEFT JOIN em_prediction_run r ON r",
gpt-review-package/evidence/fresh-s2/D03-36-full-series-then-gate,145.931,1,1,"Query:executing:SELECT d.*, r.result_hash AS run_result_hash, b.output_hash AS batch_output_hash
        FROM em_prediction_display d
        LEFT JOIN em_prediction_run r ON r",
gpt-review-package/evidence/fresh-s2/D03-36-full-series-then-gate,146.942,1,1,"Query:executing:SELECT d.*, r.result_hash AS run_result_hash, b.output_hash AS batch_output_hash
        FROM em_prediction_display d
        LEFT JOIN em_prediction_run r ON r",
gpt-review-package/evidence/fresh-s2/D03-36-full-series-then-gate,147.956,1,1,"Query:executing:SELECT d.*, r.result_hash AS run_result_hash, b.output_hash AS batch_output_hash
        FROM em_prediction_display d
        LEFT JOIN em_prediction_run r ON r",
gpt-review-package/evidence/fresh-s2/D03-36-full-series-then-gate,148.969,1,1,"Query:executing:SELECT d.*, r.result_hash AS run_result_hash, b.output_hash AS batch_output_hash
        FROM em_prediction_display d
        LEFT JOIN em_prediction_run r ON r",
gpt-review-package/evidence/fresh-s2/D03-36-full-series-then-gate,149.978,1,1,"Query:executing:SELECT d.*, r.result_hash AS run_result_hash, b.output_hash AS batch_output_hash
        FROM em_prediction_display d
        LEFT JOIN em_prediction_run r ON r",
gpt-review-package/evidence/fresh-s2/D03-36-full-series-then-gate,150.99,1,1,"Query:executing:SELECT d.*, r.result_hash AS run_result_hash, b.output_hash AS batch_output_hash
        FROM em_prediction_display d
        LEFT JOIN em_prediction_run r ON r",
gpt-review-package/evidence/fresh-s2/D03-36-full-series-then-gate,152.006,1,1,"Query:executing:SELECT d.*, r.result_hash AS run_result_hash, b.output_hash AS batch_output_hash
        FROM em_prediction_display d
        LEFT JOIN em_prediction_run r ON r",
gpt-review-package/evidence/fresh-s2/D03-36-full-series-then-gate,153.019,1,1,"Query:executing:SELECT d.*, r.result_hash AS run_result_hash, b.output_hash AS batch_output_hash
        FROM em_prediction_display d
        LEFT JOIN em_prediction_run r ON r",
gpt-review-package/evidence/fresh-s2/D03-36-full-series-then-gate,154.037,1,1,"Query:executing:SELECT d.*, r.result_hash AS run_result_hash, b.output_hash AS batch_output_hash
        FROM em_prediction_display d
        LEFT JOIN em_prediction_run r ON r",
gpt-review-package/evidence/fresh-s2/D03-36-full-series-then-gate,155.053,1,1,"Query:executing:SELECT d.*, r.result_hash AS run_result_hash, b.output_hash AS batch_output_hash
        FROM em_prediction_display d
        LEFT JOIN em_prediction_run r ON r",
gpt-review-package/evidence/fresh-s2/D03-36-full-series-then-gate,156.063,1,1,"Query:executing:SELECT d.*, r.result_hash AS run_result_hash, b.output_hash AS batch_output_hash
        FROM em_prediction_display d
        LEFT JOIN em_prediction_run r ON r",
gpt-review-package/evidence/fresh-s2/D03-36-full-series-then-gate,157.077,1,1,"Query:executing:SELECT d.*, r.result_hash AS run_result_hash, b.output_hash AS batch_output_hash
        FROM em_prediction_display d
        LEFT JOIN em_prediction_run r ON r",
gpt-review-package/evidence/fresh-s2/D03-36-full-series-then-gate,158.101,1,1,"Query:executing:SELECT d.*, r.result_hash AS run_result_hash, b.output_hash AS batch_output_hash
        FROM em_prediction_display d
        LEFT JOIN em_prediction_run r ON r",
gpt-review-package/evidence/fresh-s2/D03-36-full-series-then-gate,159.114,1,1,"Query:executing:SELECT d.*, r.result_hash AS run_result_hash, b.output_hash AS batch_output_hash
        FROM em_prediction_display d
        LEFT JOIN em_prediction_run r ON r",
gpt-review-package/evidence/fresh-s2/D03-36-full-series-then-gate,160.122,1,1,"Query:executing:SELECT d.*, r.result_hash AS run_result_hash, b.output_hash AS batch_output_hash
        FROM em_prediction_display d
        LEFT JOIN em_prediction_run r ON r",
gpt-review-package/evidence/fresh-s2/D03-36-full-series-then-gate,161.143,1,1,"Query:executing:SELECT d.*, r.result_hash AS run_result_hash, b.output_hash AS batch_output_hash
        FROM em_prediction_display d
        LEFT JOIN em_prediction_run r ON r",
gpt-review-package/evidence/fresh-s2/D03-36-full-series-then-gate,162.162,1,1,"Query:executing:SELECT d.*, r.result_hash AS run_result_hash, b.output_hash AS batch_output_hash
        FROM em_prediction_display d
        LEFT JOIN em_prediction_run r ON r",
gpt-review-package/evidence/fresh-s2/D03-36-full-series-then-gate,163.175,1,1,"Query:executing:SELECT d.*, r.result_hash AS run_result_hash, b.output_hash AS batch_output_hash
        FROM em_prediction_display d
        LEFT JOIN em_prediction_run r ON r",
gpt-review-package/evidence/fresh-s2/D03-36-full-series-then-gate,164.196,1,1,"Query:executing:SELECT d.*, r.result_hash AS run_result_hash, b.output_hash AS batch_output_hash
        FROM em_prediction_display d
        LEFT JOIN em_prediction_run r ON r",
gpt-review-package/evidence/fresh-s2/D03-36-full-series-then-gate,165.207,1,1,"Query:executing:SELECT d.*, r.result_hash AS run_result_hash, b.output_hash AS batch_output_hash
        FROM em_prediction_display d
        LEFT JOIN em_prediction_run r ON r",
gpt-review-package/evidence/fresh-s2/D03-36-full-series-then-gate,166.225,1,1,"Query:executing:SELECT d.*, r.result_hash AS run_result_hash, b.output_hash AS batch_output_hash
        FROM em_prediction_display d
        LEFT JOIN em_prediction_run r ON r",
gpt-review-package/evidence/fresh-s2/D03-36-full-series-then-gate,167.236,1,1,"Query:executing:SELECT d.*, r.result_hash AS run_result_hash, b.output_hash AS batch_output_hash
        FROM em_prediction_display d
        LEFT JOIN em_prediction_run r ON r",
gpt-review-package/evidence/fresh-s2/D03-36-full-series-then-gate,168.259,1,1,"Query:executing:SELECT d.*, r.result_hash AS run_result_hash, b.output_hash AS batch_output_hash
        FROM em_prediction_display d
        LEFT JOIN em_prediction_run r ON r",
gpt-review-package/evidence/fresh-s2/D03-36-full-series-then-gate,169.28,1,1,"Query:executing:SELECT d.*, r.result_hash AS run_result_hash, b.output_hash AS batch_output_hash
        FROM em_prediction_display d
        LEFT JOIN em_prediction_run r ON r",
gpt-review-package/evidence/fresh-s2/D03-36-full-series-then-gate,170.293,1,1,"Query:executing:SELECT d.*, r.result_hash AS run_result_hash, b.output_hash AS batch_output_hash
        FROM em_prediction_display d
        LEFT JOIN em_prediction_run r ON r",
gpt-review-package/evidence/fresh-s2/D03-36-full-series-then-gate,171.301,1,1,"Query:executing:SELECT d.*, r.result_hash AS run_result_hash, b.output_hash AS batch_output_hash
        FROM em_prediction_display d
        LEFT JOIN em_prediction_run r ON r",
gpt-review-package/evidence/fresh-s2/D03-36-full-series-then-gate,172.316,1,1,"Query:executing:SELECT d.*, r.result_hash AS run_result_hash, b.output_hash AS batch_output_hash
        FROM em_prediction_display d
        LEFT JOIN em_prediction_run r ON r",
gpt-review-package/evidence/fresh-s2/D03-36-full-series-then-gate,173.334,1,1,"Query:executing:SELECT d.*, r.result_hash AS run_result_hash, b.output_hash AS batch_output_hash
        FROM em_prediction_display d
        LEFT JOIN em_prediction_run r ON r",
gpt-review-package/evidence/fresh-s2/D03-36-full-series-then-gate,174.347,1,1,"Query:executing:SELECT d.*, r.result_hash AS run_result_hash, b.output_hash AS batch_output_hash
        FROM em_prediction_display d
        LEFT JOIN em_prediction_run r ON r",
gpt-review-package/evidence/fresh-s2/D03-36-full-series-then-gate,175.36,1,1,"Query:executing:SELECT d.*, r.result_hash AS run_result_hash, b.output_hash AS batch_output_hash
        FROM em_prediction_display d
        LEFT JOIN em_prediction_run r ON r",
gpt-review-package/evidence/fresh-s2/D03-36-full-series-then-gate,176.369,1,1,"Query:executing:SELECT d.*, r.result_hash AS run_result_hash, b.output_hash AS batch_output_hash
        FROM em_prediction_display d
        LEFT JOIN em_prediction_run r ON r",
gpt-review-package/evidence/fresh-s2/D03-36-full-series-then-gate,177.38,1,1,"Query:executing:SELECT d.*, r.result_hash AS run_result_hash, b.output_hash AS batch_output_hash
        FROM em_prediction_display d
        LEFT JOIN em_prediction_run r ON r",
gpt-review-package/evidence/fresh-s2/D03-36-full-series-then-gate,178.392,1,1,"Query:executing:SELECT d.*, r.result_hash AS run_result_hash, b.output_hash AS batch_output_hash
        FROM em_prediction_display d
        LEFT JOIN em_prediction_run r ON r",
gpt-review-package/evidence/fresh-s2/D03-36-full-series-then-gate,179.404,1,1,"Query:executing:SELECT d.*, r.result_hash AS run_result_hash, b.output_hash AS batch_output_hash
        FROM em_prediction_display d
        LEFT JOIN em_prediction_run r ON r",
gpt-review-package/evidence/fresh-s2/D04-36-single-and-36-full-then-gate,0.001,1,0,Sleep::,
gpt-review-package/evidence/fresh-s2/D04-36-single-and-36-full-then-gate,1.026,1,1,"Query:executing:SELECT d.*, r.result_hash AS run_result_hash, b.output_hash AS batch_output_hash
        FROM em_prediction_display d
        LEFT JOIN em_prediction_run r ON r",
gpt-review-package/evidence/fresh-s2/D04-36-single-and-36-full-then-gate,2.035,1,1,"Query:executing:SELECT d.*, r.result_hash AS run_result_hash, b.output_hash AS batch_output_hash
        FROM em_prediction_display d
        LEFT JOIN em_prediction_run r ON r",
gpt-review-package/evidence/fresh-s2/D04-36-single-and-36-full-then-gate,3.056,1,1,"Query:executing:SELECT d.*, r.result_hash AS run_result_hash, b.output_hash AS batch_output_hash
        FROM em_prediction_display d
        LEFT JOIN em_prediction_run r ON r",
gpt-review-package/evidence/fresh-s2/D04-36-single-and-36-full-then-gate,4.081,1,1,"Query:executing:SELECT d.*, r.result_hash AS run_result_hash, b.output_hash AS batch_output_hash
        FROM em_prediction_display d
        LEFT JOIN em_prediction_run r ON r",
gpt-review-package/evidence/fresh-s2/D04-36-single-and-36-full-then-gate,5.091,1,1,"Query:executing:SELECT d.*, r.result_hash AS run_result_hash, b.output_hash AS batch_output_hash
        FROM em_prediction_display d
        LEFT JOIN em_prediction_run r ON r",
gpt-review-package/evidence/fresh-s2/D04-36-single-and-36-full-then-gate,7.223,1,1,"Query:executing:SELECT d.*, r.result_hash AS run_result_hash, b.output_hash AS batch_output_hash
        FROM em_prediction_display d
        LEFT JOIN em_prediction_run r ON r",
gpt-review-package/evidence/fresh-s2/D04-36-single-and-36-full-then-gate,8.233,1,1,"Query:executing:SELECT d.*, r.result_hash AS run_result_hash, b.output_hash AS batch_output_hash
        FROM em_prediction_display d
        LEFT JOIN em_prediction_run r ON r",
gpt-review-package/evidence/fresh-s2/D04-36-single-and-36-full-then-gate,9.255,1,1,"Query:executing:SELECT d.*, r.result_hash AS run_result_hash, b.output_hash AS batch_output_hash
        FROM em_prediction_display d
        LEFT JOIN em_prediction_run r ON r",
gpt-review-package/evidence/fresh-s2/D04-36-single-and-36-full-then-gate,10.269,1,1,"Query:executing:SELECT d.*, r.result_hash AS run_result_hash, b.output_hash AS batch_output_hash
        FROM em_prediction_display d
        LEFT JOIN em_prediction_run r ON r",
gpt-review-package/evidence/fresh-s2/D04-36-single-and-36-full-then-gate,11.279,1,1,"Query:executing:SELECT d.*, r.result_hash AS run_result_hash, b.output_hash AS batch_output_hash
        FROM em_prediction_display d
        LEFT JOIN em_prediction_run r ON r",
gpt-review-package/evidence/fresh-s2/D04-36-single-and-36-full-then-gate,12.295,1,1,"Query:executing:SELECT d.*, r.result_hash AS run_result_hash, b.output_hash AS batch_output_hash
        FROM em_prediction_display d
        LEFT JOIN em_prediction_run r ON r",
gpt-review-package/evidence/fresh-s2/D04-36-single-and-36-full-then-gate,13.309,1,1,"Query:executing:SELECT d.*, r.result_hash AS run_result_hash, b.output_hash AS batch_output_hash
        FROM em_prediction_display d
        LEFT JOIN em_prediction_run r ON r",
gpt-review-package/evidence/fresh-s2/D04-36-single-and-36-full-then-gate,14.323,1,1,"Query:executing:SELECT d.*, r.result_hash AS run_result_hash, b.output_hash AS batch_output_hash
        FROM em_prediction_display d
        LEFT JOIN em_prediction_run r ON r",
gpt-review-package/evidence/fresh-s2/D04-36-single-and-36-full-then-gate,15.336,1,1,"Query:executing:SELECT d.*, r.result_hash AS run_result_hash, b.output_hash AS batch_output_hash
        FROM em_prediction_display d
        LEFT JOIN em_prediction_run r ON r",
gpt-review-package/evidence/fresh-s2/D04-36-single-and-36-full-then-gate,17.222,1,1,"Query:executing:SELECT d.*, r.result_hash AS run_result_hash, b.output_hash AS batch_output_hash
        FROM em_prediction_display d
        LEFT JOIN em_prediction_run r ON r",
gpt-review-package/evidence/fresh-s2/D04-36-single-and-36-full-then-gate,18.229,1,1,"Query:executing:SELECT d.*, r.result_hash AS run_result_hash, b.output_hash AS batch_output_hash
        FROM em_prediction_display d
        LEFT JOIN em_prediction_run r ON r",
gpt-review-package/evidence/fresh-s2/D04-36-single-and-36-full-then-gate,19.242,1,1,"Query:executing:SELECT d.*, r.result_hash AS run_result_hash, b.output_hash AS batch_output_hash
        FROM em_prediction_display d
        LEFT JOIN em_prediction_run r ON r",
gpt-review-package/evidence/fresh-s2/D04-36-single-and-36-full-then-gate,20.263,1,1,"Query:executing:SELECT d.*, r.result_hash AS run_result_hash, b.output_hash AS batch_output_hash
        FROM em_prediction_display d
        LEFT JOIN em_prediction_run r ON r",
gpt-review-package/evidence/fresh-s2/D04-36-single-and-36-full-then-gate,21.275,1,1,"Query:executing:SELECT d.*, r.result_hash AS run_result_hash, b.output_hash AS batch_output_hash
        FROM em_prediction_display d
        LEFT JOIN em_prediction_run r ON r",
gpt-review-package/evidence/fresh-s2/D04-36-single-and-36-full-then-gate,22.297,1,1,"Query:executing:SELECT d.*, r.result_hash AS run_result_hash, b.output_hash AS batch_output_hash
        FROM em_prediction_display d
        LEFT JOIN em_prediction_run r ON r",
gpt-review-package/evidence/fresh-s2/D04-36-single-and-36-full-then-gate,23.318,1,1,"Query:executing:SELECT d.*, r.result_hash AS run_result_hash, b.output_hash AS batch_output_hash
        FROM em_prediction_display d
        LEFT JOIN em_prediction_run r ON r",
gpt-review-package/evidence/fresh-s2/D04-36-single-and-36-full-then-gate,24.329,1,1,"Query:executing:SELECT d.*, r.result_hash AS run_result_hash, b.output_hash AS batch_output_hash
        FROM em_prediction_display d
        LEFT JOIN em_prediction_run r ON r",
gpt-review-package/evidence/fresh-s2/D04-36-single-and-36-full-then-gate,25.353,1,1,"Query:executing:SELECT d.*, r.result_hash AS run_result_hash, b.output_hash AS batch_output_hash
        FROM em_prediction_display d
        LEFT JOIN em_prediction_run r ON r",
gpt-review-package/evidence/fresh-s2/D04-36-single-and-36-full-then-gate,26.379,1,1,"Query:executing:SELECT d.*, r.result_hash AS run_result_hash, b.output_hash AS batch_output_hash
        FROM em_prediction_display d
        LEFT JOIN em_prediction_run r ON r",
gpt-review-package/evidence/fresh-s2/D04-36-single-and-36-full-then-gate,27.386,1,1,"Query:executing:SELECT d.*, r.result_hash AS run_result_hash, b.output_hash AS batch_output_hash
        FROM em_prediction_display d
        LEFT JOIN em_prediction_run r ON r",
gpt-review-package/evidence/fresh-s2/D04-36-single-and-36-full-then-gate,28.394,1,1,"Query:executing:SELECT d.*, r.result_hash AS run_result_hash, b.output_hash AS batch_output_hash
        FROM em_prediction_display d
        LEFT JOIN em_prediction_run r ON r",
gpt-review-package/evidence/fresh-s2/D04-36-single-and-36-full-then-gate,29.409,1,1,"Query:executing:SELECT d.*, r.result_hash AS run_result_hash, b.output_hash AS batch_output_hash
        FROM em_prediction_display d
        LEFT JOIN em_prediction_run r ON r",
gpt-review-package/evidence/fresh-s2/D04-36-single-and-36-full-then-gate,30.422,1,1,"Query:executing:SELECT d.*, r.result_hash AS run_result_hash, b.output_hash AS batch_output_hash
        FROM em_prediction_display d
        LEFT JOIN em_prediction_run r ON r",
gpt-review-package/evidence/fresh-s2/D04-36-single-and-36-full-then-gate,32.433,1,1,"Query:executing:SELECT d.*, r.result_hash AS run_result_hash, b.output_hash AS batch_output_hash
        FROM em_prediction_display d
        LEFT JOIN em_prediction_run r ON r",
gpt-review-package/evidence/fresh-s2/D04-36-single-and-36-full-then-gate,33.443,1,1,"Query:executing:SELECT d.*, r.result_hash AS run_result_hash, b.output_hash AS batch_output_hash
        FROM em_prediction_display d
        LEFT JOIN em_prediction_run r ON r",
gpt-review-package/evidence/fresh-s2/D04-36-single-and-36-full-then-gate,34.467,1,1,"Query:executing:SELECT d.*, r.result_hash AS run_result_hash, b.output_hash AS batch_output_hash
        FROM em_prediction_display d
        LEFT JOIN em_prediction_run r ON r",
gpt-review-package/evidence/fresh-s2/D04-36-single-and-36-full-then-gate,35.478,1,1,"Query:executing:SELECT d.*, r.result_hash AS run_result_hash, b.output_hash AS batch_output_hash
        FROM em_prediction_display d
        LEFT JOIN em_prediction_run r ON r",
gpt-review-package/evidence/fresh-s2/D04-36-single-and-36-full-then-gate,36.501,1,1,"Query:executing:SELECT d.*, r.result_hash AS run_result_hash, b.output_hash AS batch_output_hash
        FROM em_prediction_display d
        LEFT JOIN em_prediction_run r ON r",
gpt-review-package/evidence/fresh-s2/D04-36-single-and-36-full-then-gate,37.524,1,1,"Query:executing:SELECT d.*, r.result_hash AS run_result_hash, b.output_hash AS batch_output_hash
        FROM em_prediction_display d
        LEFT JOIN em_prediction_run r ON r",
gpt-review-package/evidence/fresh-s2/D04-36-single-and-36-full-then-gate,38.539,1,1,"Query:executing:SELECT d.*, r.result_hash AS run_result_hash, b.output_hash AS batch_output_hash
        FROM em_prediction_display d
        LEFT JOIN em_prediction_run r ON r",
gpt-review-package/evidence/fresh-s2/D04-36-single-and-36-full-then-gate,39.552,1,1,"Query:executing:SELECT d.*, r.result_hash AS run_result_hash, b.output_hash AS batch_output_hash
        FROM em_prediction_display d
        LEFT JOIN em_prediction_run r ON r",
gpt-review-package/evidence/fresh-s2/D04-36-single-and-36-full-then-gate,40.561,1,1,"Query:executing:SELECT d.*, r.result_hash AS run_result_hash, b.output_hash AS batch_output_hash
        FROM em_prediction_display d
        LEFT JOIN em_prediction_run r ON r",
gpt-review-package/evidence/fresh-s2/D04-36-single-and-36-full-then-gate,41.568,1,1,"Query:executing:SELECT d.*, r.result_hash AS run_result_hash, b.output_hash AS batch_output_hash
        FROM em_prediction_display d
        LEFT JOIN em_prediction_run r ON r",
gpt-review-package/evidence/fresh-s2/D04-36-single-and-36-full-then-gate,42.587,1,1,"Query:executing:SELECT d.*, r.result_hash AS run_result_hash, b.output_hash AS batch_output_hash
        FROM em_prediction_display d
        LEFT JOIN em_prediction_run r ON r",
gpt-review-package/evidence/fresh-s2/D04-36-single-and-36-full-then-gate,43.61,1,1,"Query:executing:SELECT d.*, r.result_hash AS run_result_hash, b.output_hash AS batch_output_hash
        FROM em_prediction_display d
        LEFT JOIN em_prediction_run r ON r",
gpt-review-package/evidence/fresh-s2/D04-36-single-and-36-full-then-gate,44.625,1,1,"Query:executing:SELECT d.*, r.result_hash AS run_result_hash, b.output_hash AS batch_output_hash
        FROM em_prediction_display d
        LEFT JOIN em_prediction_run r ON r",
gpt-review-package/evidence/fresh-s2/D04-36-single-and-36-full-then-gate,45.635,1,1,"Query:executing:SELECT d.*, r.result_hash AS run_result_hash, b.output_hash AS batch_output_hash
        FROM em_prediction_display d
        LEFT JOIN em_prediction_run r ON r",
gpt-review-package/evidence/fresh-s2/D04-36-single-and-36-full-then-gate,46.648,1,1,"Query:executing:SELECT d.*, r.result_hash AS run_result_hash, b.output_hash AS batch_output_hash
        FROM em_prediction_display d
        LEFT JOIN em_prediction_run r ON r",
gpt-review-package/evidence/fresh-s2/D04-36-single-and-36-full-then-gate,47.665,1,1,"Query:executing:SELECT d.*, r.result_hash AS run_result_hash, b.output_hash AS batch_output_hash
        FROM em_prediction_display d
        LEFT JOIN em_prediction_run r ON r",
gpt-review-package/evidence/fresh-s2/D04-36-single-and-36-full-then-gate,48.686,1,1,"Query:executing:SELECT d.*, r.result_hash AS run_result_hash, b.output_hash AS batch_output_hash
        FROM em_prediction_display d
        LEFT JOIN em_prediction_run r ON r",
gpt-review-package/evidence/fresh-s2/D04-36-single-and-36-full-then-gate,49.706,1,1,"Query:executing:SELECT d.*, r.result_hash AS run_result_hash, b.output_hash AS batch_output_hash
        FROM em_prediction_display d
        LEFT JOIN em_prediction_run r ON r",
gpt-review-package/evidence/fresh-s2/D04-36-single-and-36-full-then-gate,50.726,1,1,"Query:executing:SELECT d.*, r.result_hash AS run_result_hash, b.output_hash AS batch_output_hash
        FROM em_prediction_display d
        LEFT JOIN em_prediction_run r ON r",
gpt-review-package/evidence/fresh-s2/D04-36-single-and-36-full-then-gate,51.738,1,1,"Query:executing:SELECT d.*, r.result_hash AS run_result_hash, b.output_hash AS batch_output_hash
        FROM em_prediction_display d
        LEFT JOIN em_prediction_run r ON r",
gpt-review-package/evidence/fresh-s2/D04-36-single-and-36-full-then-gate,52.748,1,1,"Query:executing:SELECT d.*, r.result_hash AS run_result_hash, b.output_hash AS batch_output_hash
        FROM em_prediction_display d
        LEFT JOIN em_prediction_run r ON r",
gpt-review-package/evidence/fresh-s2/D04-36-single-and-36-full-then-gate,53.762,1,1,"Query:executing:SELECT d.*, r.result_hash AS run_result_hash, b.output_hash AS batch_output_hash
        FROM em_prediction_display d
        LEFT JOIN em_prediction_run r ON r",
gpt-review-package/evidence/fresh-s2/D04-36-single-and-36-full-then-gate,54.777,1,1,"Query:executing:SELECT d.*, r.result_hash AS run_result_hash, b.output_hash AS batch_output_hash
        FROM em_prediction_display d
        LEFT JOIN em_prediction_run r ON r",
gpt-review-package/evidence/fresh-s2/D04-36-single-and-36-full-then-gate,55.803,1,1,"Query:executing:SELECT d.*, r.result_hash AS run_result_hash, b.output_hash AS batch_output_hash
        FROM em_prediction_display d
        LEFT JOIN em_prediction_run r ON r",
gpt-review-package/evidence/fresh-s2/D04-36-single-and-36-full-then-gate,56.824,1,1,"Query:executing:SELECT d.*, r.result_hash AS run_result_hash, b.output_hash AS batch_output_hash
        FROM em_prediction_display d
        LEFT JOIN em_prediction_run r ON r",
gpt-review-package/evidence/fresh-s2/D04-36-single-and-36-full-then-gate,57.845,1,1,"Query:executing:SELECT d.*, r.result_hash AS run_result_hash, b.output_hash AS batch_output_hash
        FROM em_prediction_display d
        LEFT JOIN em_prediction_run r ON r",
gpt-review-package/evidence/fresh-s2/D04-36-single-and-36-full-then-gate,58.869,1,1,"Query:executing:SELECT d.*, r.result_hash AS run_result_hash, b.output_hash AS batch_output_hash
        FROM em_prediction_display d
        LEFT JOIN em_prediction_run r ON r",
gpt-review-package/evidence/fresh-s2/D04-36-single-and-36-full-then-gate,59.883,1,1,"Query:executing:SELECT d.*, r.result_hash AS run_result_hash, b.output_hash AS batch_output_hash
        FROM em_prediction_display d
        LEFT JOIN em_prediction_run r ON r",
gpt-review-package/evidence/fresh-s2/D04-36-single-and-36-full-then-gate,60.913,1,1,"Query:executing:SELECT d.*, r.result_hash AS run_result_hash, b.output_hash AS batch_output_hash
        FROM em_prediction_display d
        LEFT JOIN em_prediction_run r ON r",
gpt-review-package/evidence/fresh-s2/D04-36-single-and-36-full-then-gate,62.713,1,1,"Query:executing:SELECT d.*, r.result_hash AS run_result_hash, b.output_hash AS batch_output_hash
        FROM em_prediction_display d
        LEFT JOIN em_prediction_run r ON r",
gpt-review-package/evidence/fresh-s2/D04-36-single-and-36-full-then-gate,63.728,1,1,"Query:executing:SELECT d.*, r.result_hash AS run_result_hash, b.output_hash AS batch_output_hash
        FROM em_prediction_display d
        LEFT JOIN em_prediction_run r ON r",
gpt-review-package/evidence/fresh-s2/D04-36-single-and-36-full-then-gate,64.741,1,1,"Query:executing:SELECT d.*, r.result_hash AS run_result_hash, b.output_hash AS batch_output_hash
        FROM em_prediction_display d
        LEFT JOIN em_prediction_run r ON r",
gpt-review-package/evidence/fresh-s2/D04-36-single-and-36-full-then-gate,65.752,1,1,"Query:executing:SELECT d.*, r.result_hash AS run_result_hash, b.output_hash AS batch_output_hash
        FROM em_prediction_display d
        LEFT JOIN em_prediction_run r ON r",
gpt-review-package/evidence/fresh-s2/D04-36-single-and-36-full-then-gate,66.764,1,1,"Query:executing:SELECT d.*, r.result_hash AS run_result_hash, b.output_hash AS batch_output_hash
        FROM em_prediction_display d
        LEFT JOIN em_prediction_run r ON r",
gpt-review-package/evidence/fresh-s2/D04-36-single-and-36-full-then-gate,67.778,1,1,"Query:executing:SELECT d.*, r.result_hash AS run_result_hash, b.output_hash AS batch_output_hash
        FROM em_prediction_display d
        LEFT JOIN em_prediction_run r ON r",
gpt-review-package/evidence/fresh-s2/D04-36-single-and-36-full-then-gate,68.789,1,1,"Query:executing:SELECT d.*, r.result_hash AS run_result_hash, b.output_hash AS batch_output_hash
        FROM em_prediction_display d
        LEFT JOIN em_prediction_run r ON r",
gpt-review-package/evidence/fresh-s2/D04-36-single-and-36-full-then-gate,69.804,1,1,"Query:executing:SELECT d.*, r.result_hash AS run_result_hash, b.output_hash AS batch_output_hash
        FROM em_prediction_display d
        LEFT JOIN em_prediction_run r ON r",
gpt-review-package/evidence/fresh-s2/D04-36-single-and-36-full-then-gate,70.818,1,1,"Query:executing:SELECT d.*, r.result_hash AS run_result_hash, b.output_hash AS batch_output_hash
        FROM em_prediction_display d
        LEFT JOIN em_prediction_run r ON r",
gpt-review-package/evidence/fresh-s2/D04-36-single-and-36-full-then-gate,71.829,1,1,"Query:executing:SELECT d.*, r.result_hash AS run_result_hash, b.output_hash AS batch_output_hash
        FROM em_prediction_display d
        LEFT JOIN em_prediction_run r ON r",
gpt-review-package/evidence/fresh-s2/D04-36-single-and-36-full-then-gate,72.842,1,1,"Query:executing:SELECT d.*, r.result_hash AS run_result_hash, b.output_hash AS batch_output_hash
        FROM em_prediction_display d
        LEFT JOIN em_prediction_run r ON r",
gpt-review-package/evidence/fresh-s2/D04-36-single-and-36-full-then-gate,73.854,1,1,"Query:executing:SELECT d.*, r.result_hash AS run_result_hash, b.output_hash AS batch_output_hash
        FROM em_prediction_display d
        LEFT JOIN em_prediction_run r ON r",
gpt-review-package/evidence/fresh-s2/D04-36-single-and-36-full-then-gate,74.866,1,1,"Query:executing:SELECT d.*, r.result_hash AS run_result_hash, b.output_hash AS batch_output_hash
        FROM em_prediction_display d
        LEFT JOIN em_prediction_run r ON r",
gpt-review-package/evidence/fresh-s2/D04-36-single-and-36-full-then-gate,75.878,1,1,"Query:executing:SELECT d.*, r.result_hash AS run_result_hash, b.output_hash AS batch_output_hash
        FROM em_prediction_display d
        LEFT JOIN em_prediction_run r ON r",
gpt-review-package/evidence/fresh-s2/D04-36-single-and-36-full-then-gate,76.901,1,1,"Query:executing:SELECT d.*, r.result_hash AS run_result_hash, b.output_hash AS batch_output_hash
        FROM em_prediction_display d
        LEFT JOIN em_prediction_run r ON r",
gpt-review-package/evidence/fresh-s2/D04-36-single-and-36-full-then-gate,77.911,1,1,"Query:executing:SELECT d.*, r.result_hash AS run_result_hash, b.output_hash AS batch_output_hash
        FROM em_prediction_display d
        LEFT JOIN em_prediction_run r ON r",
gpt-review-package/evidence/fresh-s2/D04-36-single-and-36-full-then-gate,78.927,1,1,"Query:executing:SELECT d.*, r.result_hash AS run_result_hash, b.output_hash AS batch_output_hash
        FROM em_prediction_display d
        LEFT JOIN em_prediction_run r ON r",
gpt-review-package/evidence/fresh-s2/D04-36-single-and-36-full-then-gate,79.936,1,1,"Query:executing:SELECT d.*, r.result_hash AS run_result_hash, b.output_hash AS batch_output_hash
        FROM em_prediction_display d
        LEFT JOIN em_prediction_run r ON r",
gpt-review-package/evidence/fresh-s2/D04-36-single-and-36-full-then-gate,80.947,1,1,"Query:executing:SELECT d.*, r.result_hash AS run_result_hash, b.output_hash AS batch_output_hash
        FROM em_prediction_display d
        LEFT JOIN em_prediction_run r ON r",
gpt-review-package/evidence/fresh-s2/D04-36-single-and-36-full-then-gate,81.961,1,1,"Query:executing:SELECT d.*, r.result_hash AS run_result_hash, b.output_hash AS batch_output_hash
        FROM em_prediction_display d
        LEFT JOIN em_prediction_run r ON r",
gpt-review-package/evidence/fresh-s2/D04-36-single-and-36-full-then-gate,82.969,1,1,"Query:executing:SELECT d.*, r.result_hash AS run_result_hash, b.output_hash AS batch_output_hash
        FROM em_prediction_display d
        LEFT JOIN em_prediction_run r ON r",
gpt-review-package/evidence/fresh-s2/D04-36-single-and-36-full-then-gate,83.979,1,1,"Query:executing:SELECT d.*, r.result_hash AS run_result_hash, b.output_hash AS batch_output_hash
        FROM em_prediction_display d
        LEFT JOIN em_prediction_run r ON r",
gpt-review-package/evidence/fresh-s2/D04-36-single-and-36-full-then-gate,84.998,1,1,"Query:executing:SELECT d.*, r.result_hash AS run_result_hash, b.output_hash AS batch_output_hash
        FROM em_prediction_display d
        LEFT JOIN em_prediction_run r ON r",
gpt-review-package/evidence/fresh-s2/D04-36-single-and-36-full-then-gate,86.011,1,1,"Query:executing:SELECT d.*, r.result_hash AS run_result_hash, b.output_hash AS batch_output_hash
        FROM em_prediction_display d
        LEFT JOIN em_prediction_run r ON r",
gpt-review-package/evidence/fresh-s2/D04-36-single-and-36-full-then-gate,87.032,1,1,"Query:executing:SELECT d.*, r.result_hash AS run_result_hash, b.output_hash AS batch_output_hash
        FROM em_prediction_display d
        LEFT JOIN em_prediction_run r ON r",
gpt-review-package/evidence/fresh-s2/D04-36-single-and-36-full-then-gate,88.042,1,1,"Query:executing:SELECT d.*, r.result_hash AS run_result_hash, b.output_hash AS batch_output_hash
        FROM em_prediction_display d
        LEFT JOIN em_prediction_run r ON r",
gpt-review-package/evidence/fresh-s2/D04-36-single-and-36-full-then-gate,89.056,1,1,"Query:executing:SELECT d.*, r.result_hash AS run_result_hash, b.output_hash AS batch_output_hash
        FROM em_prediction_display d
        LEFT JOIN em_prediction_run r ON r",
gpt-review-package/evidence/fresh-s2/D04-36-single-and-36-full-then-gate,90.075,1,1,"Query:executing:SELECT d.*, r.result_hash AS run_result_hash, b.output_hash AS batch_output_hash
        FROM em_prediction_display d
        LEFT JOIN em_prediction_run r ON r",
gpt-review-package/evidence/fresh-s2/D04-36-single-and-36-full-then-gate,91.094,1,1,"Query:executing:SELECT d.*, r.result_hash AS run_result_hash, b.output_hash AS batch_output_hash
        FROM em_prediction_display d
        LEFT JOIN em_prediction_run r ON r",
gpt-review-package/evidence/fresh-s2/D04-36-single-and-36-full-then-gate,92.106,1,1,"Query:executing:SELECT d.*, r.result_hash AS run_result_hash, b.output_hash AS batch_output_hash
        FROM em_prediction_display d
        LEFT JOIN em_prediction_run r ON r",
gpt-review-package/evidence/fresh-s2/D04-36-single-and-36-full-then-gate,93.114,1,1,"Query:executing:SELECT d.*, r.result_hash AS run_result_hash, b.output_hash AS batch_output_hash
        FROM em_prediction_display d
        LEFT JOIN em_prediction_run r ON r",
gpt-review-package/evidence/fresh-s2/D04-36-single-and-36-full-then-gate,94.134,1,1,"Query:executing:SELECT d.*, r.result_hash AS run_result_hash, b.output_hash AS batch_output_hash
        FROM em_prediction_display d
        LEFT JOIN em_prediction_run r ON r",
gpt-review-package/evidence/fresh-s2/D04-36-single-and-36-full-then-gate,95.147,1,1,"Query:executing:SELECT d.*, r.result_hash AS run_result_hash, b.output_hash AS batch_output_hash
        FROM em_prediction_display d
        LEFT JOIN em_prediction_run r ON r",
gpt-review-package/evidence/fresh-s2/D04-36-single-and-36-full-then-gate,96.164,1,1,"Query:executing:SELECT d.*, r.result_hash AS run_result_hash, b.output_hash AS batch_output_hash
        FROM em_prediction_display d
        LEFT JOIN em_prediction_run r ON r",
gpt-review-package/evidence/fresh-s2/D04-36-single-and-36-full-then-gate,97.185,1,1,"Query:executing:SELECT d.*, r.result_hash AS run_result_hash, b.output_hash AS batch_output_hash
        FROM em_prediction_display d
        LEFT JOIN em_prediction_run r ON r",
gpt-review-package/evidence/fresh-s2/D04-36-single-and-36-full-then-gate,98.194,1,1,"Query:executing:SELECT d.*, r.result_hash AS run_result_hash, b.output_hash AS batch_output_hash
        FROM em_prediction_display d
        LEFT JOIN em_prediction_run r ON r",
gpt-review-package/evidence/fresh-s2/D04-36-single-and-36-full-then-gate,99.216,1,1,"Query:executing:SELECT d.*, r.result_hash AS run_result_hash, b.output_hash AS batch_output_hash
        FROM em_prediction_display d
        LEFT JOIN em_prediction_run r ON r",
gpt-review-package/evidence/fresh-s2/D04-36-single-and-36-full-then-gate,100.223,1,1,"Query:executing:SELECT d.*, r.result_hash AS run_result_hash, b.output_hash AS batch_output_hash
        FROM em_prediction_display d
        LEFT JOIN em_prediction_run r ON r",
gpt-review-package/evidence/fresh-s2/D04-36-single-and-36-full-then-gate,101.235,1,1,"Query:executing:SELECT d.*, r.result_hash AS run_result_hash, b.output_hash AS batch_output_hash
        FROM em_prediction_display d
        LEFT JOIN em_prediction_run r ON r",
gpt-review-package/evidence/fresh-s2/D04-36-single-and-36-full-then-gate,102.247,1,1,"Query:executing:SELECT d.*, r.result_hash AS run_result_hash, b.output_hash AS batch_output_hash
        FROM em_prediction_display d
        LEFT JOIN em_prediction_run r ON r",
gpt-review-package/evidence/fresh-s2/D04-36-single-and-36-full-then-gate,103.261,1,1,"Query:executing:SELECT d.*, r.result_hash AS run_result_hash, b.output_hash AS batch_output_hash
        FROM em_prediction_display d
        LEFT JOIN em_prediction_run r ON r",
gpt-review-package/evidence/fresh-s2/D04-36-single-and-36-full-then-gate,104.273,1,1,"Query:executing:SELECT d.*, r.result_hash AS run_result_hash, b.output_hash AS batch_output_hash
        FROM em_prediction_display d
        LEFT JOIN em_prediction_run r ON r",
gpt-review-package/evidence/fresh-s2/D04-36-single-and-36-full-then-gate,105.295,1,1,"Query:executing:SELECT d.*, r.result_hash AS run_result_hash, b.output_hash AS batch_output_hash
        FROM em_prediction_display d
        LEFT JOIN em_prediction_run r ON r",
gpt-review-package/evidence/fresh-s2/D04-36-single-and-36-full-then-gate,106.312,1,1,"Query:executing:SELECT d.*, r.result_hash AS run_result_hash, b.output_hash AS batch_output_hash
        FROM em_prediction_display d
        LEFT JOIN em_prediction_run r ON r",
gpt-review-package/evidence/fresh-s2/D04-36-single-and-36-full-then-gate,107.326,1,1,"Query:executing:SELECT d.*, r.result_hash AS run_result_hash, b.output_hash AS batch_output_hash
        FROM em_prediction_display d
        LEFT JOIN em_prediction_run r ON r",
gpt-review-package/evidence/fresh-s2/D04-36-single-and-36-full-then-gate,108.337,1,1,"Query:executing:SELECT d.*, r.result_hash AS run_result_hash, b.output_hash AS batch_output_hash
        FROM em_prediction_display d
        LEFT JOIN em_prediction_run r ON r",
gpt-review-package/evidence/fresh-s2/D04-36-single-and-36-full-then-gate,109.352,1,1,"Query:executing:SELECT d.*, r.result_hash AS run_result_hash, b.output_hash AS batch_output_hash
        FROM em_prediction_display d
        LEFT JOIN em_prediction_run r ON r",
gpt-review-package/evidence/fresh-s2/D04-36-single-and-36-full-then-gate,110.376,1,1,"Query:executing:SELECT d.*, r.result_hash AS run_result_hash, b.output_hash AS batch_output_hash
        FROM em_prediction_display d
        LEFT JOIN em_prediction_run r ON r",
gpt-review-package/evidence/fresh-s2/D04-36-single-and-36-full-then-gate,111.386,1,1,"Query:executing:SELECT d.*, r.result_hash AS run_result_hash, b.output_hash AS batch_output_hash
        FROM em_prediction_display d
        LEFT JOIN em_prediction_run r ON r",
gpt-review-package/evidence/fresh-s2/D04-36-single-and-36-full-then-gate,112.406,1,1,"Query:executing:SELECT d.*, r.result_hash AS run_result_hash, b.output_hash AS batch_output_hash
        FROM em_prediction_display d
        LEFT JOIN em_prediction_run r ON r",
gpt-review-package/evidence/fresh-s2/D04-36-single-and-36-full-then-gate,113.423,1,1,"Query:executing:SELECT d.*, r.result_hash AS run_result_hash, b.output_hash AS batch_output_hash
        FROM em_prediction_display d
        LEFT JOIN em_prediction_run r ON r",
gpt-review-package/evidence/fresh-s2/D04-36-single-and-36-full-then-gate,114.438,1,1,"Query:executing:SELECT d.*, r.result_hash AS run_result_hash, b.output_hash AS batch_output_hash
        FROM em_prediction_display d
        LEFT JOIN em_prediction_run r ON r",
gpt-review-package/evidence/fresh-s2/D04-36-single-and-36-full-then-gate,115.455,1,1,"Query:executing:SELECT d.*, r.result_hash AS run_result_hash, b.output_hash AS batch_output_hash
        FROM em_prediction_display d
        LEFT JOIN em_prediction_run r ON r",
gpt-review-package/evidence/fresh-s2/D04-36-single-and-36-full-then-gate,116.47,1,1,"Query:executing:SELECT d.*, r.result_hash AS run_result_hash, b.output_hash AS batch_output_hash
        FROM em_prediction_display d
        LEFT JOIN em_prediction_run r ON r",
gpt-review-package/evidence/fresh-s2/D04-36-single-and-36-full-then-gate,117.491,1,1,"Query:executing:SELECT d.*, r.result_hash AS run_result_hash, b.output_hash AS batch_output_hash
        FROM em_prediction_display d
        LEFT JOIN em_prediction_run r ON r",
gpt-review-package/evidence/fresh-s2/D04-36-single-and-36-full-then-gate,118.501,1,1,"Query:executing:SELECT d.*, r.result_hash AS run_result_hash, b.output_hash AS batch_output_hash
        FROM em_prediction_display d
        LEFT JOIN em_prediction_run r ON r",
gpt-review-package/evidence/fresh-s2/D04-36-single-and-36-full-then-gate,119.514,1,1,"Query:executing:SELECT d.*, r.result_hash AS run_result_hash, b.output_hash AS batch_output_hash
        FROM em_prediction_display d
        LEFT JOIN em_prediction_run r ON r",
gpt-review-package/evidence/fresh-s2/D04-36-single-and-36-full-then-gate,120.527,1,1,"Query:executing:SELECT d.*, r.result_hash AS run_result_hash, b.output_hash AS batch_output_hash
        FROM em_prediction_display d
        LEFT JOIN em_prediction_run r ON r",
gpt-review-package/evidence/fresh-s2/D04-36-single-and-36-full-then-gate,122.565,1,1,"Query:executing:SELECT d.*, r.result_hash AS run_result_hash, b.output_hash AS batch_output_hash
        FROM em_prediction_display d
        LEFT JOIN em_prediction_run r ON r",
gpt-review-package/evidence/fresh-s2/D04-36-single-and-36-full-then-gate,123.574,1,1,"Query:executing:SELECT d.*, r.result_hash AS run_result_hash, b.output_hash AS batch_output_hash
        FROM em_prediction_display d
        LEFT JOIN em_prediction_run r ON r",
gpt-review-package/evidence/fresh-s2/D04-36-single-and-36-full-then-gate,124.588,1,1,"Query:executing:SELECT d.*, r.result_hash AS run_result_hash, b.output_hash AS batch_output_hash
        FROM em_prediction_display d
        LEFT JOIN em_prediction_run r ON r",
gpt-review-package/evidence/fresh-s2/D04-36-single-and-36-full-then-gate,125.598,1,1,"Query:executing:SELECT d.*, r.result_hash AS run_result_hash, b.output_hash AS batch_output_hash
        FROM em_prediction_display d
        LEFT JOIN em_prediction_run r ON r",
gpt-review-package/evidence/fresh-s2/D04-36-single-and-36-full-then-gate,126.611,1,1,"Query:executing:SELECT d.*, r.result_hash AS run_result_hash, b.output_hash AS batch_output_hash
        FROM em_prediction_display d
        LEFT JOIN em_prediction_run r ON r",
gpt-review-package/evidence/fresh-s2/D04-36-single-and-36-full-then-gate,127.623,1,1,"Query:executing:SELECT d.*, r.result_hash AS run_result_hash, b.output_hash AS batch_output_hash
        FROM em_prediction_display d
        LEFT JOIN em_prediction_run r ON r",
gpt-review-package/evidence/fresh-s2/D04-36-single-and-36-full-then-gate,128.635,1,1,"Query:executing:SELECT d.*, r.result_hash AS run_result_hash, b.output_hash AS batch_output_hash
        FROM em_prediction_display d
        LEFT JOIN em_prediction_run r ON r",
gpt-review-package/evidence/fresh-s2/D04-36-single-and-36-full-then-gate,129.656,1,1,"Query:executing:SELECT d.*, r.result_hash AS run_result_hash, b.output_hash AS batch_output_hash
        FROM em_prediction_display d
        LEFT JOIN em_prediction_run r ON r",
gpt-review-package/evidence/fresh-s2/D04-36-single-and-36-full-then-gate,130.672,1,1,"Query:executing:SELECT d.*, r.result_hash AS run_result_hash, b.output_hash AS batch_output_hash
        FROM em_prediction_display d
        LEFT JOIN em_prediction_run r ON r",
gpt-review-package/evidence/fresh-s2/D04-36-single-and-36-full-then-gate,131.682,1,1,"Query:executing:SELECT d.*, r.result_hash AS run_result_hash, b.output_hash AS batch_output_hash
        FROM em_prediction_display d
        LEFT JOIN em_prediction_run r ON r",
gpt-review-package/evidence/fresh-s2/D04-36-single-and-36-full-then-gate,132.708,1,1,"Query:executing:SELECT d.*, r.result_hash AS run_result_hash, b.output_hash AS batch_output_hash
        FROM em_prediction_display d
        LEFT JOIN em_prediction_run r ON r",
gpt-review-package/evidence/fresh-s2/D04-36-single-and-36-full-then-gate,133.72,1,1,"Query:executing:SELECT d.*, r.result_hash AS run_result_hash, b.output_hash AS batch_output_hash
        FROM em_prediction_display d
        LEFT JOIN em_prediction_run r ON r",
gpt-review-package/evidence/fresh-s2/D04-36-single-and-36-full-then-gate,134.735,1,1,"Query:executing:SELECT d.*, r.result_hash AS run_result_hash, b.output_hash AS batch_output_hash
        FROM em_prediction_display d
        LEFT JOIN em_prediction_run r ON r",
gpt-review-package/evidence/fresh-s2/D04-36-single-and-36-full-then-gate,135.745,1,1,"Query:executing:SELECT d.*, r.result_hash AS run_result_hash, b.output_hash AS batch_output_hash
        FROM em_prediction_display d
        LEFT JOIN em_prediction_run r ON r",
gpt-review-package/evidence/fresh-s2/D04-36-single-and-36-full-then-gate,136.761,1,1,"Query:executing:SELECT d.*, r.result_hash AS run_result_hash, b.output_hash AS batch_output_hash
        FROM em_prediction_display d
        LEFT JOIN em_prediction_run r ON r",
gpt-review-package/evidence/fresh-s2/D04-36-single-and-36-full-then-gate,137.778,1,1,"Query:executing:SELECT d.*, r.result_hash AS run_result_hash, b.output_hash AS batch_output_hash
        FROM em_prediction_display d
        LEFT JOIN em_prediction_run r ON r",
gpt-review-package/evidence/fresh-s2/D04-36-single-and-36-full-then-gate,138.787,1,1,"Query:executing:SELECT d.*, r.result_hash AS run_result_hash, b.output_hash AS batch_output_hash
        FROM em_prediction_display d
        LEFT JOIN em_prediction_run r ON r",
gpt-review-package/evidence/fresh-s2/D04-36-single-and-36-full-then-gate,139.798,1,1,"Query:executing:SELECT d.*, r.result_hash AS run_result_hash, b.output_hash AS batch_output_hash
        FROM em_prediction_display d
        LEFT JOIN em_prediction_run r ON r",
gpt-review-package/evidence/fresh-s2/D04-36-single-and-36-full-then-gate,140.811,1,1,"Query:executing:SELECT d.*, r.result_hash AS run_result_hash, b.output_hash AS batch_output_hash
        FROM em_prediction_display d
        LEFT JOIN em_prediction_run r ON r",
gpt-review-package/evidence/fresh-s2/D04-36-single-and-36-full-then-gate,141.828,1,1,"Query:executing:SELECT d.*, r.result_hash AS run_result_hash, b.output_hash AS batch_output_hash
        FROM em_prediction_display d
        LEFT JOIN em_prediction_run r ON r",
gpt-review-package/evidence/fresh-s2/D04-36-single-and-36-full-then-gate,142.836,1,1,"Query:executing:SELECT d.*, r.result_hash AS run_result_hash, b.output_hash AS batch_output_hash
        FROM em_prediction_display d
        LEFT JOIN em_prediction_run r ON r",
gpt-review-package/evidence/fresh-s2/D04-36-single-and-36-full-then-gate,143.862,1,1,"Query:executing:SELECT d.*, r.result_hash AS run_result_hash, b.output_hash AS batch_output_hash
        FROM em_prediction_display d
        LEFT JOIN em_prediction_run r ON r",
gpt-review-package/evidence/fresh-s2/D04-36-single-and-36-full-then-gate,144.878,1,1,"Query:executing:SELECT d.*, r.result_hash AS run_result_hash, b.output_hash AS batch_output_hash
        FROM em_prediction_display d
        LEFT JOIN em_prediction_run r ON r",
gpt-review-package/evidence/fresh-s2/D04-36-single-and-36-full-then-gate,145.889,1,1,"Query:executing:SELECT d.*, r.result_hash AS run_result_hash, b.output_hash AS batch_output_hash
        FROM em_prediction_display d
        LEFT JOIN em_prediction_run r ON r",
gpt-review-package/evidence/fresh-s2/D04-36-single-and-36-full-then-gate,146.908,1,1,"Query:executing:SELECT d.*, r.result_hash AS run_result_hash, b.output_hash AS batch_output_hash
        FROM em_prediction_display d
        LEFT JOIN em_prediction_run r ON r",
gpt-review-package/evidence/fresh-s2/D04-36-single-and-36-full-then-gate,147.919,1,1,"Query:executing:SELECT d.*, r.result_hash AS run_result_hash, b.output_hash AS batch_output_hash
        FROM em_prediction_display d
        LEFT JOIN em_prediction_run r ON r",
gpt-review-package/evidence/fresh-s2/D04-36-single-and-36-full-then-gate,148.93,1,1,"Query:executing:SELECT d.*, r.result_hash AS run_result_hash, b.output_hash AS batch_output_hash
        FROM em_prediction_display d
        LEFT JOIN em_prediction_run r ON r",
gpt-review-package/evidence/fresh-s2/D04-36-single-and-36-full-then-gate,149.951,1,1,"Query:executing:SELECT d.*, r.result_hash AS run_result_hash, b.output_hash AS batch_output_hash
        FROM em_prediction_display d
        LEFT JOIN em_prediction_run r ON r",
gpt-review-package/evidence/fresh-s2/D04-36-single-and-36-full-then-gate,150.961,1,1,"Query:executing:SELECT d.*, r.result_hash AS run_result_hash, b.output_hash AS batch_output_hash
        FROM em_prediction_display d
        LEFT JOIN em_prediction_run r ON r",
gpt-review-package/evidence/fresh-s2/D04-36-single-and-36-full-then-gate,151.97,1,1,"Query:executing:SELECT d.*, r.result_hash AS run_result_hash, b.output_hash AS batch_output_hash
        FROM em_prediction_display d
        LEFT JOIN em_prediction_run r ON r",
gpt-review-package/evidence/fresh-s2/D04-36-single-and-36-full-then-gate,152.982,1,1,"Query:executing:SELECT d.*, r.result_hash AS run_result_hash, b.output_hash AS batch_output_hash
        FROM em_prediction_display d
        LEFT JOIN em_prediction_run r ON r",
gpt-review-package/evidence/fresh-s2/D04-36-single-and-36-full-then-gate,153.996,1,1,"Query:executing:SELECT d.*, r.result_hash AS run_result_hash, b.output_hash AS batch_output_hash
        FROM em_prediction_display d
        LEFT JOIN em_prediction_run r ON r",
gpt-review-package/evidence/fresh-s2/D04-36-single-and-36-full-then-gate,155.009,1,1,"Query:executing:SELECT d.*, r.result_hash AS run_result_hash, b.output_hash AS batch_output_hash
        FROM em_prediction_display d
        LEFT JOIN em_prediction_run r ON r",
gpt-review-package/evidence/fresh-s2/D04-36-single-and-36-full-then-gate,156.043,1,1,"Query:executing:SELECT d.*, r.result_hash AS run_result_hash, b.output_hash AS batch_output_hash
        FROM em_prediction_display d
        LEFT JOIN em_prediction_run r ON r",
gpt-review-package/evidence/fresh-s2/D04-36-single-and-36-full-then-gate,157.058,1,1,"Query:executing:SELECT d.*, r.result_hash AS run_result_hash, b.output_hash AS batch_output_hash
        FROM em_prediction_display d
        LEFT JOIN em_prediction_run r ON r",
gpt-review-package/evidence/fresh-s2/D04-36-single-and-36-full-then-gate,158.071,1,1,"Query:executing:SELECT d.*, r.result_hash AS run_result_hash, b.output_hash AS batch_output_hash
        FROM em_prediction_display d
        LEFT JOIN em_prediction_run r ON r",
gpt-review-package/evidence/fresh-s2/D04-36-single-and-36-full-then-gate,159.085,1,1,"Query:executing:SELECT d.*, r.result_hash AS run_result_hash, b.output_hash AS batch_output_hash
        FROM em_prediction_display d
        LEFT JOIN em_prediction_run r ON r",
gpt-review-package/evidence/fresh-s2/D04-36-single-and-36-full-then-gate,160.094,1,1,"Query:executing:SELECT d.*, r.result_hash AS run_result_hash, b.output_hash AS batch_output_hash
        FROM em_prediction_display d
        LEFT JOIN em_prediction_run r ON r",
gpt-review-package/evidence/fresh-s2/D04-36-single-and-36-full-then-gate,161.119,1,1,"Query:executing:SELECT d.*, r.result_hash AS run_result_hash, b.output_hash AS batch_output_hash
        FROM em_prediction_display d
        LEFT JOIN em_prediction_run r ON r",
gpt-review-package/evidence/fresh-s2/D04-36-single-and-36-full-then-gate,162.131,1,1,"Query:executing:SELECT d.*, r.result_hash AS run_result_hash, b.output_hash AS batch_output_hash
        FROM em_prediction_display d
        LEFT JOIN em_prediction_run r ON r",
gpt-review-package/evidence/fresh-s2/D04-36-single-and-36-full-then-gate,163.155,1,1,"Query:executing:SELECT d.*, r.result_hash AS run_result_hash, b.output_hash AS batch_output_hash
        FROM em_prediction_display d
        LEFT JOIN em_prediction_run r ON r",
gpt-review-package/evidence/fresh-s2/D04-36-single-and-36-full-then-gate,164.175,1,1,"Query:executing:SELECT d.*, r.result_hash AS run_result_hash, b.output_hash AS batch_output_hash
        FROM em_prediction_display d
        LEFT JOIN em_prediction_run r ON r",
gpt-review-package/evidence/fresh-s2/D04-36-single-and-36-full-then-gate,165.197,1,1,"Query:executing:SELECT d.*, r.result_hash AS run_result_hash, b.output_hash AS batch_output_hash
        FROM em_prediction_display d
        LEFT JOIN em_prediction_run r ON r",
gpt-review-package/evidence/fresh-s2/D04-36-single-and-36-full-then-gate,166.212,1,1,"Query:executing:SELECT d.*, r.result_hash AS run_result_hash, b.output_hash AS batch_output_hash
        FROM em_prediction_display d
        LEFT JOIN em_prediction_run r ON r",
gpt-review-package/evidence/fresh-s2/D04-36-single-and-36-full-then-gate,167.229,1,1,"Query:executing:SELECT d.*, r.result_hash AS run_result_hash, b.output_hash AS batch_output_hash
        FROM em_prediction_display d
        LEFT JOIN em_prediction_run r ON r",
gpt-review-package/evidence/fresh-s2/D04-36-single-and-36-full-then-gate,168.243,1,1,"Query:executing:SELECT d.*, r.result_hash AS run_result_hash, b.output_hash AS batch_output_hash
        FROM em_prediction_display d
        LEFT JOIN em_prediction_run r ON r",
gpt-review-package/evidence/fresh-s2/D04-36-single-and-36-full-then-gate,169.252,1,1,"Query:executing:SELECT d.*, r.result_hash AS run_result_hash, b.output_hash AS batch_output_hash
        FROM em_prediction_display d
        LEFT JOIN em_prediction_run r ON r",
gpt-review-package/evidence/fresh-s2/D04-36-single-and-36-full-then-gate,170.267,1,1,"Query:executing:SELECT d.*, r.result_hash AS run_result_hash, b.output_hash AS batch_output_hash
        FROM em_prediction_display d
        LEFT JOIN em_prediction_run r ON r",
gpt-review-package/evidence/fresh-s2/D04-36-single-and-36-full-then-gate,171.275,1,1,"Query:executing:SELECT d.*, r.result_hash AS run_result_hash, b.output_hash AS batch_output_hash
        FROM em_prediction_display d
        LEFT JOIN em_prediction_run r ON r",
gpt-review-package/evidence/fresh-s2/D04-36-single-and-36-full-then-gate,172.297,1,1,"Query:executing:SELECT d.*, r.result_hash AS run_result_hash, b.output_hash AS batch_output_hash
        FROM em_prediction_display d
        LEFT JOIN em_prediction_run r ON r",
gpt-review-package/evidence/fresh-s2/D04-36-single-and-36-full-then-gate,173.308,1,1,"Query:executing:SELECT d.*, r.result_hash AS run_result_hash, b.output_hash AS batch_output_hash
        FROM em_prediction_display d
        LEFT JOIN em_prediction_run r ON r",
gpt-review-package/evidence/fresh-s2/D04-36-single-and-36-full-then-gate,174.327,1,1,"Query:executing:SELECT d.*, r.result_hash AS run_result_hash, b.output_hash AS batch_output_hash
        FROM em_prediction_display d
        LEFT JOIN em_prediction_run r ON r",
gpt-review-package/evidence/fresh-s2/D04-36-single-and-36-full-then-gate,175.34,1,1,"Query:executing:SELECT d.*, r.result_hash AS run_result_hash, b.output_hash AS batch_output_hash
        FROM em_prediction_display d
        LEFT JOIN em_prediction_run r ON r",
gpt-review-package/evidence/fresh-s2/D04-36-single-and-36-full-then-gate,176.361,1,1,"Query:executing:SELECT d.*, r.result_hash AS run_result_hash, b.output_hash AS batch_output_hash
        FROM em_prediction_display d
        LEFT JOIN em_prediction_run r ON r",
gpt-review-package/evidence/fresh-s2/D04-36-single-and-36-full-then-gate,177.387,1,1,"Query:executing:SELECT d.*, r.result_hash AS run_result_hash, b.output_hash AS batch_output_hash
        FROM em_prediction_display d
        LEFT JOIN em_prediction_run r ON r",
gpt-review-package/evidence/fresh-s2/D04-36-single-and-36-full-then-gate,178.397,1,1,"Query:executing:SELECT d.*, r.result_hash AS run_result_hash, b.output_hash AS batch_output_hash
        FROM em_prediction_display d
        LEFT JOIN em_prediction_run r ON r",
gpt-review-package/evidence/fresh-s2/D04-36-single-and-36-full-then-gate,179.407,1,1,"Query:executing:SELECT d.*, r.result_hash AS run_result_hash, b.output_hash AS batch_output_hash
        FROM em_prediction_display d
        LEFT JOIN em_prediction_run r ON r",
fresh-s2/D01-gate-first,0.001,1,0,Sleep::,
fresh-s2/D01-gate-first,1.016,1,1,"Query:executing:SELECT d.*, r.result_hash AS run_result_hash, b.output_hash AS batch_output_hash
        FROM em_prediction_display d
        LEFT JOIN em_prediction_run r ON r",
fresh-s2/D01-gate-first,2.03,1,1,"Query:executing:SELECT d.*, r.result_hash AS run_result_hash, b.output_hash AS batch_output_hash
        FROM em_prediction_display d
        LEFT JOIN em_prediction_run r ON r",
fresh-s2/D01-gate-first,3.045,1,1,"Query:executing:SELECT d.*, r.result_hash AS run_result_hash, b.output_hash AS batch_output_hash
        FROM em_prediction_display d
        LEFT JOIN em_prediction_run r ON r",
fresh-s2/D01-gate-first,4.058,1,1,"Query:executing:SELECT d.*, r.result_hash AS run_result_hash, b.output_hash AS batch_output_hash
        FROM em_prediction_display d
        LEFT JOIN em_prediction_run r ON r",
fresh-s2/D01-gate-first,5.076,1,1,"Query:executing:SELECT d.*, r.result_hash AS run_result_hash, b.output_hash AS batch_output_hash
        FROM em_prediction_display d
        LEFT JOIN em_prediction_run r ON r",
fresh-s2/D01-gate-first,7.445,1,1,"Query:executing:SELECT d.*, r.result_hash AS run_result_hash, b.output_hash AS batch_output_hash
        FROM em_prediction_display d
        LEFT JOIN em_prediction_run r ON r",
fresh-s2/D01-gate-first,8.453,1,1,"Query:executing:SELECT d.*, r.result_hash AS run_result_hash, b.output_hash AS batch_output_hash
        FROM em_prediction_display d
        LEFT JOIN em_prediction_run r ON r",
fresh-s2/D01-gate-first,9.471,1,1,"Query:executing:SELECT d.*, r.result_hash AS run_result_hash, b.output_hash AS batch_output_hash
        FROM em_prediction_display d
        LEFT JOIN em_prediction_run r ON r",
fresh-s2/D01-gate-first,10.483,1,1,"Query:executing:SELECT d.*, r.result_hash AS run_result_hash, b.output_hash AS batch_output_hash
        FROM em_prediction_display d
        LEFT JOIN em_prediction_run r ON r",
fresh-s2/D01-gate-first,11.503,1,1,"Query:executing:SELECT d.*, r.result_hash AS run_result_hash, b.output_hash AS batch_output_hash
        FROM em_prediction_display d
        LEFT JOIN em_prediction_run r ON r",
fresh-s2/D01-gate-first,12.517,1,1,"Query:executing:SELECT d.*, r.result_hash AS run_result_hash, b.output_hash AS batch_output_hash
        FROM em_prediction_display d
        LEFT JOIN em_prediction_run r ON r",
fresh-s2/D01-gate-first,13.538,1,1,"Query:executing:SELECT d.*, r.result_hash AS run_result_hash, b.output_hash AS batch_output_hash
        FROM em_prediction_display d
        LEFT JOIN em_prediction_run r ON r",
fresh-s2/D01-gate-first,14.556,1,1,"Query:executing:SELECT d.*, r.result_hash AS run_result_hash, b.output_hash AS batch_output_hash
        FROM em_prediction_display d
        LEFT JOIN em_prediction_run r ON r",
fresh-s2/D01-gate-first,15.571,1,1,"Query:executing:SELECT d.*, r.result_hash AS run_result_hash, b.output_hash AS batch_output_hash
        FROM em_prediction_display d
        LEFT JOIN em_prediction_run r ON r",
fresh-s2/D01-gate-first,17.495,1,1,"Query:executing:SELECT d.*, r.result_hash AS run_result_hash, b.output_hash AS batch_output_hash
        FROM em_prediction_display d
        LEFT JOIN em_prediction_run r ON r",
fresh-s2/D01-gate-first,18.507,1,1,"Query:executing:SELECT d.*, r.result_hash AS run_result_hash, b.output_hash AS batch_output_hash
        FROM em_prediction_display d
        LEFT JOIN em_prediction_run r ON r",
fresh-s2/D01-gate-first,19.517,1,1,"Query:executing:SELECT d.*, r.result_hash AS run_result_hash, b.output_hash AS batch_output_hash
        FROM em_prediction_display d
        LEFT JOIN em_prediction_run r ON r",
fresh-s2/D01-gate-first,20.531,1,1,"Query:executing:SELECT d.*, r.result_hash AS run_result_hash, b.output_hash AS batch_output_hash
        FROM em_prediction_display d
        LEFT JOIN em_prediction_run r ON r",
fresh-s2/D01-gate-first,21.539,1,1,"Query:executing:SELECT d.*, r.result_hash AS run_result_hash, b.output_hash AS batch_output_hash
        FROM em_prediction_display d
        LEFT JOIN em_prediction_run r ON r",
fresh-s2/D01-gate-first,22.56,1,1,"Query:executing:SELECT d.*, r.result_hash AS run_result_hash, b.output_hash AS batch_output_hash
        FROM em_prediction_display d
        LEFT JOIN em_prediction_run r ON r",
fresh-s2/D01-gate-first,23.582,1,1,"Query:executing:SELECT d.*, r.result_hash AS run_result_hash, b.output_hash AS batch_output_hash
        FROM em_prediction_display d
        LEFT JOIN em_prediction_run r ON r",
fresh-s2/D01-gate-first,24.6,1,1,"Query:executing:SELECT d.*, r.result_hash AS run_result_hash, b.output_hash AS batch_output_hash
        FROM em_prediction_display d
        LEFT JOIN em_prediction_run r ON r",
fresh-s2/D01-gate-first,25.621,1,1,"Query:executing:SELECT d.*, r.result_hash AS run_result_hash, b.output_hash AS batch_output_hash
        FROM em_prediction_display d
        LEFT JOIN em_prediction_run r ON r",
fresh-s2/D01-gate-first,26.642,1,1,"Query:executing:SELECT d.*, r.result_hash AS run_result_hash, b.output_hash AS batch_output_hash
        FROM em_prediction_display d
        LEFT JOIN em_prediction_run r ON r",
fresh-s2/D01-gate-first,27.651,1,1,"Query:executing:SELECT d.*, r.result_hash AS run_result_hash, b.output_hash AS batch_output_hash
        FROM em_prediction_display d
        LEFT JOIN em_prediction_run r ON r",
fresh-s2/D01-gate-first,28.665,1,1,"Query:executing:SELECT d.*, r.result_hash AS run_result_hash, b.output_hash AS batch_output_hash
        FROM em_prediction_display d
        LEFT JOIN em_prediction_run r ON r",
fresh-s2/D01-gate-first,29.684,1,1,"Query:executing:SELECT d.*, r.result_hash AS run_result_hash, b.output_hash AS batch_output_hash
        FROM em_prediction_display d
        LEFT JOIN em_prediction_run r ON r",
fresh-s2/D01-gate-first,30.698,1,1,"Query:executing:SELECT d.*, r.result_hash AS run_result_hash, b.output_hash AS batch_output_hash
        FROM em_prediction_display d
        LEFT JOIN em_prediction_run r ON r",
fresh-s2/D01-gate-first,32.545,1,1,"Query:executing:SELECT d.*, r.result_hash AS run_result_hash, b.output_hash AS batch_output_hash
        FROM em_prediction_display d
        LEFT JOIN em_prediction_run r ON r",
fresh-s2/D01-gate-first,33.556,1,1,"Query:executing:SELECT d.*, r.result_hash AS run_result_hash, b.output_hash AS batch_output_hash
        FROM em_prediction_display d
        LEFT JOIN em_prediction_run r ON r",
fresh-s2/D01-gate-first,34.571,1,1,"Query:executing:SELECT d.*, r.result_hash AS run_result_hash, b.output_hash AS batch_output_hash
        FROM em_prediction_display d
        LEFT JOIN em_prediction_run r ON r",
fresh-s2/D01-gate-first,35.586,1,1,"Query:executing:SELECT d.*, r.result_hash AS run_result_hash, b.output_hash AS batch_output_hash
        FROM em_prediction_display d
        LEFT JOIN em_prediction_run r ON r",
fresh-s2/D01-gate-first,36.601,1,1,"Query:executing:SELECT d.*, r.result_hash AS run_result_hash, b.output_hash AS batch_output_hash
        FROM em_prediction_display d
        LEFT JOIN em_prediction_run r ON r",
fresh-s2/D01-gate-first,37.614,1,1,"Query:executing:SELECT d.*, r.result_hash AS run_result_hash, b.output_hash AS batch_output_hash
        FROM em_prediction_display d
        LEFT JOIN em_prediction_run r ON r",
fresh-s2/D01-gate-first,38.632,1,1,"Query:executing:SELECT d.*, r.result_hash AS run_result_hash, b.output_hash AS batch_output_hash
        FROM em_prediction_display d
        LEFT JOIN em_prediction_run r ON r",
fresh-s2/D01-gate-first,39.644,1,1,"Query:executing:SELECT d.*, r.result_hash AS run_result_hash, b.output_hash AS batch_output_hash
        FROM em_prediction_display d
        LEFT JOIN em_prediction_run r ON r",
fresh-s2/D01-gate-first,40.666,1,1,"Query:executing:SELECT d.*, r.result_hash AS run_result_hash, b.output_hash AS batch_output_hash
        FROM em_prediction_display d
        LEFT JOIN em_prediction_run r ON r",
fresh-s2/D01-gate-first,41.686,1,1,"Query:executing:SELECT d.*, r.result_hash AS run_result_hash, b.output_hash AS batch_output_hash
        FROM em_prediction_display d
        LEFT JOIN em_prediction_run r ON r",
fresh-s2/D01-gate-first,42.703,1,1,"Query:executing:SELECT d.*, r.result_hash AS run_result_hash, b.output_hash AS batch_output_hash
        FROM em_prediction_display d
        LEFT JOIN em_prediction_run r ON r",
fresh-s2/D01-gate-first,43.712,1,1,"Query:executing:SELECT d.*, r.result_hash AS run_result_hash, b.output_hash AS batch_output_hash
        FROM em_prediction_display d
        LEFT JOIN em_prediction_run r ON r",
fresh-s2/D01-gate-first,44.725,1,1,"Query:executing:SELECT d.*, r.result_hash AS run_result_hash, b.output_hash AS batch_output_hash
        FROM em_prediction_display d
        LEFT JOIN em_prediction_run r ON r",
fresh-s2/D01-gate-first,45.741,1,1,"Query:executing:SELECT d.*, r.result_hash AS run_result_hash, b.output_hash AS batch_output_hash
        FROM em_prediction_display d
        LEFT JOIN em_prediction_run r ON r",
fresh-s2/D01-gate-first,46.755,1,1,"Query:executing:SELECT d.*, r.result_hash AS run_result_hash, b.output_hash AS batch_output_hash
        FROM em_prediction_display d
        LEFT JOIN em_prediction_run r ON r",
fresh-s2/D01-gate-first,47.767,1,1,"Query:executing:SELECT d.*, r.result_hash AS run_result_hash, b.output_hash AS batch_output_hash
        FROM em_prediction_display d
        LEFT JOIN em_prediction_run r ON r",
fresh-s2/D01-gate-first,48.778,1,1,"Query:executing:SELECT d.*, r.result_hash AS run_result_hash, b.output_hash AS batch_output_hash
        FROM em_prediction_display d
        LEFT JOIN em_prediction_run r ON r",
fresh-s2/D01-gate-first,49.793,1,1,"Query:executing:SELECT d.*, r.result_hash AS run_result_hash, b.output_hash AS batch_output_hash
        FROM em_prediction_display d
        LEFT JOIN em_prediction_run r ON r",
fresh-s2/D01-gate-first,50.807,1,1,"Query:executing:SELECT d.*, r.result_hash AS run_result_hash, b.output_hash AS batch_output_hash
        FROM em_prediction_display d
        LEFT JOIN em_prediction_run r ON r",
fresh-s2/D01-gate-first,51.822,1,1,"Query:executing:SELECT d.*, r.result_hash AS run_result_hash, b.output_hash AS batch_output_hash
        FROM em_prediction_display d
        LEFT JOIN em_prediction_run r ON r",
fresh-s2/D01-gate-first,52.842,1,1,"Query:executing:SELECT d.*, r.result_hash AS run_result_hash, b.output_hash AS batch_output_hash
        FROM em_prediction_display d
        LEFT JOIN em_prediction_run r ON r",
fresh-s2/D01-gate-first,53.855,1,1,"Query:executing:SELECT d.*, r.result_hash AS run_result_hash, b.output_hash AS batch_output_hash
        FROM em_prediction_display d
        LEFT JOIN em_prediction_run r ON r",
fresh-s2/D01-gate-first,54.874,1,1,"Query:executing:SELECT d.*, r.result_hash AS run_result_hash, b.output_hash AS batch_output_hash
        FROM em_prediction_display d
        LEFT JOIN em_prediction_run r ON r",
fresh-s2/D01-gate-first,55.895,1,1,"Query:executing:SELECT d.*, r.result_hash AS run_result_hash, b.output_hash AS batch_output_hash
        FROM em_prediction_display d
        LEFT JOIN em_prediction_run r ON r",
fresh-s2/D01-gate-first,56.904,1,1,"Query:executing:SELECT d.*, r.result_hash AS run_result_hash, b.output_hash AS batch_output_hash
        FROM em_prediction_display d
        LEFT JOIN em_prediction_run r ON r",
fresh-s2/D01-gate-first,57.923,1,1,"Query:executing:SELECT d.*, r.result_hash AS run_result_hash, b.output_hash AS batch_output_hash
        FROM em_prediction_display d
        LEFT JOIN em_prediction_run r ON r",
fresh-s2/D01-gate-first,58.941,1,1,"Query:executing:SELECT d.*, r.result_hash AS run_result_hash, b.output_hash AS batch_output_hash
        FROM em_prediction_display d
        LEFT JOIN em_prediction_run r ON r",
fresh-s2/D01-gate-first,59.963,1,1,"Query:executing:SELECT d.*, r.result_hash AS run_result_hash, b.output_hash AS batch_output_hash
        FROM em_prediction_display d
        LEFT JOIN em_prediction_run r ON r",
fresh-s2/D01-gate-first,60.983,1,1,"Query:executing:SELECT d.*, r.result_hash AS run_result_hash, b.output_hash AS batch_output_hash
        FROM em_prediction_display d
        LEFT JOIN em_prediction_run r ON r",
fresh-s2/D01-gate-first,63.177,1,1,"Query:executing:SELECT d.*, r.result_hash AS run_result_hash, b.output_hash AS batch_output_hash
        FROM em_prediction_display d
        LEFT JOIN em_prediction_run r ON r",
fresh-s2/D01-gate-first,64.197,1,1,"Query:executing:SELECT d.*, r.result_hash AS run_result_hash, b.output_hash AS batch_output_hash
        FROM em_prediction_display d
        LEFT JOIN em_prediction_run r ON r",
fresh-s2/D01-gate-first,65.215,1,1,"Query:executing:SELECT d.*, r.result_hash AS run_result_hash, b.output_hash AS batch_output_hash
        FROM em_prediction_display d
        LEFT JOIN em_prediction_run r ON r",
fresh-s2/D01-gate-first,66.23,1,1,"Query:executing:SELECT d.*, r.result_hash AS run_result_hash, b.output_hash AS batch_output_hash
        FROM em_prediction_display d
        LEFT JOIN em_prediction_run r ON r",
fresh-s2/D01-gate-first,67.25,1,1,"Query:executing:SELECT d.*, r.result_hash AS run_result_hash, b.output_hash AS batch_output_hash
        FROM em_prediction_display d
        LEFT JOIN em_prediction_run r ON r",
fresh-s2/D01-gate-first,68.279,1,1,"Query:executing:SELECT d.*, r.result_hash AS run_result_hash, b.output_hash AS batch_output_hash
        FROM em_prediction_display d
        LEFT JOIN em_prediction_run r ON r",
fresh-s2/D01-gate-first,69.3,1,1,"Query:executing:SELECT d.*, r.result_hash AS run_result_hash, b.output_hash AS batch_output_hash
        FROM em_prediction_display d
        LEFT JOIN em_prediction_run r ON r",
fresh-s2/D01-gate-first,70.318,1,1,"Query:executing:SELECT d.*, r.result_hash AS run_result_hash, b.output_hash AS batch_output_hash
        FROM em_prediction_display d
        LEFT JOIN em_prediction_run r ON r",
fresh-s2/D01-gate-first,71.339,1,1,"Query:executing:SELECT d.*, r.result_hash AS run_result_hash, b.output_hash AS batch_output_hash
        FROM em_prediction_display d
        LEFT JOIN em_prediction_run r ON r",
fresh-s2/D01-gate-first,72.357,1,1,"Query:executing:SELECT d.*, r.result_hash AS run_result_hash, b.output_hash AS batch_output_hash
        FROM em_prediction_display d
        LEFT JOIN em_prediction_run r ON r",
fresh-s2/D01-gate-first,73.377,1,1,"Query:executing:SELECT d.*, r.result_hash AS run_result_hash, b.output_hash AS batch_output_hash
        FROM em_prediction_display d
        LEFT JOIN em_prediction_run r ON r",
fresh-s2/D01-gate-first,74.39,1,1,"Query:executing:SELECT d.*, r.result_hash AS run_result_hash, b.output_hash AS batch_output_hash
        FROM em_prediction_display d
        LEFT JOIN em_prediction_run r ON r",
fresh-s2/D01-gate-first,75.414,1,1,"Query:executing:SELECT d.*, r.result_hash AS run_result_hash, b.output_hash AS batch_output_hash
        FROM em_prediction_display d
        LEFT JOIN em_prediction_run r ON r",
fresh-s2/D01-gate-first,76.437,1,1,"Query:executing:SELECT d.*, r.result_hash AS run_result_hash, b.output_hash AS batch_output_hash
        FROM em_prediction_display d
        LEFT JOIN em_prediction_run r ON r",
fresh-s2/D01-gate-first,77.448,1,1,"Query:executing:SELECT d.*, r.result_hash AS run_result_hash, b.output_hash AS batch_output_hash
        FROM em_prediction_display d
        LEFT JOIN em_prediction_run r ON r",
fresh-s2/D01-gate-first,78.464,1,1,"Query:executing:SELECT d.*, r.result_hash AS run_result_hash, b.output_hash AS batch_output_hash
        FROM em_prediction_display d
        LEFT JOIN em_prediction_run r ON r",
fresh-s2/D01-gate-first,79.48,1,1,"Query:executing:SELECT d.*, r.result_hash AS run_result_hash, b.output_hash AS batch_output_hash
        FROM em_prediction_display d
        LEFT JOIN em_prediction_run r ON r",
fresh-s2/D01-gate-first,80.499,1,1,"Query:executing:SELECT d.*, r.result_hash AS run_result_hash, b.output_hash AS batch_output_hash
        FROM em_prediction_display d
        LEFT JOIN em_prediction_run r ON r",
fresh-s2/D01-gate-first,81.51,1,1,"Query:executing:SELECT d.*, r.result_hash AS run_result_hash, b.output_hash AS batch_output_hash
        FROM em_prediction_display d
        LEFT JOIN em_prediction_run r ON r",
fresh-s2/D01-gate-first,82.527,1,1,"Query:executing:SELECT d.*, r.result_hash AS run_result_hash, b.output_hash AS batch_output_hash
        FROM em_prediction_display d
        LEFT JOIN em_prediction_run r ON r",
fresh-s2/D01-gate-first,83.542,1,1,"Query:executing:SELECT d.*, r.result_hash AS run_result_hash, b.output_hash AS batch_output_hash
        FROM em_prediction_display d
        LEFT JOIN em_prediction_run r ON r",
fresh-s2/D01-gate-first,84.556,1,1,"Query:executing:SELECT d.*, r.result_hash AS run_result_hash, b.output_hash AS batch_output_hash
        FROM em_prediction_display d
        LEFT JOIN em_prediction_run r ON r",
fresh-s2/D01-gate-first,85.578,1,1,"Query:executing:SELECT d.*, r.result_hash AS run_result_hash, b.output_hash AS batch_output_hash
        FROM em_prediction_display d
        LEFT JOIN em_prediction_run r ON r",
fresh-s2/D01-gate-first,86.606,1,1,"Query:executing:SELECT d.*, r.result_hash AS run_result_hash, b.output_hash AS batch_output_hash
        FROM em_prediction_display d
        LEFT JOIN em_prediction_run r ON r",
fresh-s2/D01-gate-first,87.622,1,1,"Query:executing:SELECT d.*, r.result_hash AS run_result_hash, b.output_hash AS batch_output_hash
        FROM em_prediction_display d
        LEFT JOIN em_prediction_run r ON r",
fresh-s2/D01-gate-first,88.652,1,1,"Query:executing:SELECT d.*, r.result_hash AS run_result_hash, b.output_hash AS batch_output_hash
        FROM em_prediction_display d
        LEFT JOIN em_prediction_run r ON r",
fresh-s2/D01-gate-first,89.665,1,1,"Query:executing:SELECT d.*, r.result_hash AS run_result_hash, b.output_hash AS batch_output_hash
        FROM em_prediction_display d
        LEFT JOIN em_prediction_run r ON r",
fresh-s2/D01-gate-first,90.676,1,1,"Query:executing:SELECT d.*, r.result_hash AS run_result_hash, b.output_hash AS batch_output_hash
        FROM em_prediction_display d
        LEFT JOIN em_prediction_run r ON r",
fresh-s2/D01-gate-first,91.686,1,1,"Query:executing:SELECT d.*, r.result_hash AS run_result_hash, b.output_hash AS batch_output_hash
        FROM em_prediction_display d
        LEFT JOIN em_prediction_run r ON r",
fresh-s2/D01-gate-first,92.702,1,1,"Query:executing:SELECT d.*, r.result_hash AS run_result_hash, b.output_hash AS batch_output_hash
        FROM em_prediction_display d
        LEFT JOIN em_prediction_run r ON r",
fresh-s2/D01-gate-first,93.715,1,1,"Query:executing:SELECT d.*, r.result_hash AS run_result_hash, b.output_hash AS batch_output_hash
        FROM em_prediction_display d
        LEFT JOIN em_prediction_run r ON r",
fresh-s2/D01-gate-first,94.731,1,1,"Query:executing:SELECT d.*, r.result_hash AS run_result_hash, b.output_hash AS batch_output_hash
        FROM em_prediction_display d
        LEFT JOIN em_prediction_run r ON r",
fresh-s2/D01-gate-first,95.754,1,1,"Query:executing:SELECT d.*, r.result_hash AS run_result_hash, b.output_hash AS batch_output_hash
        FROM em_prediction_display d
        LEFT JOIN em_prediction_run r ON r",
fresh-s2/D01-gate-first,96.762,1,1,"Query:executing:SELECT d.*, r.result_hash AS run_result_hash, b.output_hash AS batch_output_hash
        FROM em_prediction_display d
        LEFT JOIN em_prediction_run r ON r",
fresh-s2/D01-gate-first,97.775,1,1,"Query:executing:SELECT d.*, r.result_hash AS run_result_hash, b.output_hash AS batch_output_hash
        FROM em_prediction_display d
        LEFT JOIN em_prediction_run r ON r",
fresh-s2/D01-gate-first,98.789,1,1,"Query:executing:SELECT d.*, r.result_hash AS run_result_hash, b.output_hash AS batch_output_hash
        FROM em_prediction_display d
        LEFT JOIN em_prediction_run r ON r",
fresh-s2/D01-gate-first,99.804,1,1,"Query:executing:SELECT d.*, r.result_hash AS run_result_hash, b.output_hash AS batch_output_hash
        FROM em_prediction_display d
        LEFT JOIN em_prediction_run r ON r",
fresh-s2/D01-gate-first,100.818,1,1,"Query:executing:SELECT d.*, r.result_hash AS run_result_hash, b.output_hash AS batch_output_hash
        FROM em_prediction_display d
        LEFT JOIN em_prediction_run r ON r",
fresh-s2/D01-gate-first,101.831,1,1,"Query:executing:SELECT d.*, r.result_hash AS run_result_hash, b.output_hash AS batch_output_hash
        FROM em_prediction_display d
        LEFT JOIN em_prediction_run r ON r",
fresh-s2/D01-gate-first,102.846,1,1,"Query:executing:SELECT d.*, r.result_hash AS run_result_hash, b.output_hash AS batch_output_hash
        FROM em_prediction_display d
        LEFT JOIN em_prediction_run r ON r",
fresh-s2/D01-gate-first,103.859,1,1,"Query:executing:SELECT d.*, r.result_hash AS run_result_hash, b.output_hash AS batch_output_hash
        FROM em_prediction_display d
        LEFT JOIN em_prediction_run r ON r",
fresh-s2/D01-gate-first,104.871,1,1,"Query:executing:SELECT d.*, r.result_hash AS run_result_hash, b.output_hash AS batch_output_hash
        FROM em_prediction_display d
        LEFT JOIN em_prediction_run r ON r",
fresh-s2/D01-gate-first,105.885,1,1,"Query:executing:SELECT d.*, r.result_hash AS run_result_hash, b.output_hash AS batch_output_hash
        FROM em_prediction_display d
        LEFT JOIN em_prediction_run r ON r",
fresh-s2/D01-gate-first,106.905,1,1,"Query:executing:SELECT d.*, r.result_hash AS run_result_hash, b.output_hash AS batch_output_hash
        FROM em_prediction_display d
        LEFT JOIN em_prediction_run r ON r",
fresh-s2/D01-gate-first,107.934,1,1,"Query:executing:SELECT d.*, r.result_hash AS run_result_hash, b.output_hash AS batch_output_hash
        FROM em_prediction_display d
        LEFT JOIN em_prediction_run r ON r",
fresh-s2/D01-gate-first,108.948,1,1,"Query:executing:SELECT d.*, r.result_hash AS run_result_hash, b.output_hash AS batch_output_hash
        FROM em_prediction_display d
        LEFT JOIN em_prediction_run r ON r",
fresh-s2/D01-gate-first,109.963,1,1,"Query:executing:SELECT d.*, r.result_hash AS run_result_hash, b.output_hash AS batch_output_hash
        FROM em_prediction_display d
        LEFT JOIN em_prediction_run r ON r",
fresh-s2/D01-gate-first,110.976,1,1,"Query:executing:SELECT d.*, r.result_hash AS run_result_hash, b.output_hash AS batch_output_hash
        FROM em_prediction_display d
        LEFT JOIN em_prediction_run r ON r",
fresh-s2/D01-gate-first,111.988,1,1,"Query:executing:SELECT d.*, r.result_hash AS run_result_hash, b.output_hash AS batch_output_hash
        FROM em_prediction_display d
        LEFT JOIN em_prediction_run r ON r",
fresh-s2/D01-gate-first,113.0,1,1,"Query:executing:SELECT d.*, r.result_hash AS run_result_hash, b.output_hash AS batch_output_hash
        FROM em_prediction_display d
        LEFT JOIN em_prediction_run r ON r",
fresh-s2/D01-gate-first,114.016,1,1,"Query:executing:SELECT d.*, r.result_hash AS run_result_hash, b.output_hash AS batch_output_hash
        FROM em_prediction_display d
        LEFT JOIN em_prediction_run r ON r",
fresh-s2/D01-gate-first,115.043,1,1,"Query:executing:SELECT d.*, r.result_hash AS run_result_hash, b.output_hash AS batch_output_hash
        FROM em_prediction_display d
        LEFT JOIN em_prediction_run r ON r",
fresh-s2/D01-gate-first,116.056,1,1,"Query:executing:SELECT d.*, r.result_hash AS run_result_hash, b.output_hash AS batch_output_hash
        FROM em_prediction_display d
        LEFT JOIN em_prediction_run r ON r",
fresh-s2/D01-gate-first,117.077,1,1,"Query:executing:SELECT d.*, r.result_hash AS run_result_hash, b.output_hash AS batch_output_hash
        FROM em_prediction_display d
        LEFT JOIN em_prediction_run r ON r",
fresh-s2/D01-gate-first,118.103,1,1,"Query:executing:SELECT d.*, r.result_hash AS run_result_hash, b.output_hash AS batch_output_hash
        FROM em_prediction_display d
        LEFT JOIN em_prediction_run r ON r",
fresh-s2/D01-gate-first,119.118,1,1,"Query:executing:SELECT d.*, r.result_hash AS run_result_hash, b.output_hash AS batch_output_hash
        FROM em_prediction_display d
        LEFT JOIN em_prediction_run r ON r",
fresh-s2/D01-gate-first,120.146,1,1,"Query:executing:SELECT d.*, r.result_hash AS run_result_hash, b.output_hash AS batch_output_hash
        FROM em_prediction_display d
        LEFT JOIN em_prediction_run r ON r",
fresh-s2/D01-gate-first,122.377,1,1,"Query:executing:SELECT d.*, r.result_hash AS run_result_hash, b.output_hash AS batch_output_hash
        FROM em_prediction_display d
        LEFT JOIN em_prediction_run r ON r",
fresh-s2/D01-gate-first,123.4,1,1,"Query:executing:SELECT d.*, r.result_hash AS run_result_hash, b.output_hash AS batch_output_hash
        FROM em_prediction_display d
        LEFT JOIN em_prediction_run r ON r",
fresh-s2/D01-gate-first,124.422,1,1,"Query:executing:SELECT d.*, r.result_hash AS run_result_hash, b.output_hash AS batch_output_hash
        FROM em_prediction_display d
        LEFT JOIN em_prediction_run r ON r",
fresh-s2/D01-gate-first,125.444,1,1,"Query:executing:SELECT d.*, r.result_hash AS run_result_hash, b.output_hash AS batch_output_hash
        FROM em_prediction_display d
        LEFT JOIN em_prediction_run r ON r",
fresh-s2/D01-gate-first,126.461,1,1,"Query:executing:SELECT d.*, r.result_hash AS run_result_hash, b.output_hash AS batch_output_hash
        FROM em_prediction_display d
        LEFT JOIN em_prediction_run r ON r",
fresh-s2/D01-gate-first,127.477,1,1,"Query:executing:SELECT d.*, r.result_hash AS run_result_hash, b.output_hash AS batch_output_hash
        FROM em_prediction_display d
        LEFT JOIN em_prediction_run r ON r",
fresh-s2/D01-gate-first,128.491,1,1,"Query:executing:SELECT d.*, r.result_hash AS run_result_hash, b.output_hash AS batch_output_hash
        FROM em_prediction_display d
        LEFT JOIN em_prediction_run r ON r",
fresh-s2/D01-gate-first,129.504,1,1,"Query:executing:SELECT d.*, r.result_hash AS run_result_hash, b.output_hash AS batch_output_hash
        FROM em_prediction_display d
        LEFT JOIN em_prediction_run r ON r",
fresh-s2/D01-gate-first,130.526,1,1,"Query:executing:SELECT d.*, r.result_hash AS run_result_hash, b.output_hash AS batch_output_hash
        FROM em_prediction_display d
        LEFT JOIN em_prediction_run r ON r",
fresh-s2/D01-gate-first,131.55,1,1,"Query:executing:SELECT d.*, r.result_hash AS run_result_hash, b.output_hash AS batch_output_hash
        FROM em_prediction_display d
        LEFT JOIN em_prediction_run r ON r",
fresh-s2/D01-gate-first,132.567,1,1,"Query:executing:SELECT d.*, r.result_hash AS run_result_hash, b.output_hash AS batch_output_hash
        FROM em_prediction_display d
        LEFT JOIN em_prediction_run r ON r",
fresh-s2/D01-gate-first,133.587,1,1,"Query:executing:SELECT d.*, r.result_hash AS run_result_hash, b.output_hash AS batch_output_hash
        FROM em_prediction_display d
        LEFT JOIN em_prediction_run r ON r",
fresh-s2/D01-gate-first,134.597,1,1,"Query:executing:SELECT d.*, r.result_hash AS run_result_hash, b.output_hash AS batch_output_hash
        FROM em_prediction_display d
        LEFT JOIN em_prediction_run r ON r",
fresh-s2/D01-gate-first,135.611,1,1,"Query:executing:SELECT d.*, r.result_hash AS run_result_hash, b.output_hash AS batch_output_hash
        FROM em_prediction_display d
        LEFT JOIN em_prediction_run r ON r",
fresh-s2/D01-gate-first,136.624,1,1,"Query:executing:SELECT d.*, r.result_hash AS run_result_hash, b.output_hash AS batch_output_hash
        FROM em_prediction_display d
        LEFT JOIN em_prediction_run r ON r",
fresh-s2/D01-gate-first,137.637,1,1,"Query:executing:SELECT d.*, r.result_hash AS run_result_hash, b.output_hash AS batch_output_hash
        FROM em_prediction_display d
        LEFT JOIN em_prediction_run r ON r",
fresh-s2/D01-gate-first,138.647,1,1,"Query:executing:SELECT d.*, r.result_hash AS run_result_hash, b.output_hash AS batch_output_hash
        FROM em_prediction_display d
        LEFT JOIN em_prediction_run r ON r",
fresh-s2/D01-gate-first,139.662,1,1,"Query:executing:SELECT d.*, r.result_hash AS run_result_hash, b.output_hash AS batch_output_hash
        FROM em_prediction_display d
        LEFT JOIN em_prediction_run r ON r",
fresh-s2/D01-gate-first,140.674,1,1,"Query:executing:SELECT d.*, r.result_hash AS run_result_hash, b.output_hash AS batch_output_hash
        FROM em_prediction_display d
        LEFT JOIN em_prediction_run r ON r",
fresh-s2/D01-gate-first,141.684,1,1,"Query:executing:SELECT d.*, r.result_hash AS run_result_hash, b.output_hash AS batch_output_hash
        FROM em_prediction_display d
        LEFT JOIN em_prediction_run r ON r",
fresh-s2/D01-gate-first,142.693,1,1,"Query:executing:SELECT d.*, r.result_hash AS run_result_hash, b.output_hash AS batch_output_hash
        FROM em_prediction_display d
        LEFT JOIN em_prediction_run r ON r",
fresh-s2/D01-gate-first,143.709,1,1,"Query:executing:SELECT d.*, r.result_hash AS run_result_hash, b.output_hash AS batch_output_hash
        FROM em_prediction_display d
        LEFT JOIN em_prediction_run r ON r",
fresh-s2/D01-gate-first,144.72,1,1,"Query:executing:SELECT d.*, r.result_hash AS run_result_hash, b.output_hash AS batch_output_hash
        FROM em_prediction_display d
        LEFT JOIN em_prediction_run r ON r",
fresh-s2/D01-gate-first,145.734,1,1,"Query:executing:SELECT d.*, r.result_hash AS run_result_hash, b.output_hash AS batch_output_hash
        FROM em_prediction_display d
        LEFT JOIN em_prediction_run r ON r",
fresh-s2/D01-gate-first,146.746,1,1,"Query:executing:SELECT d.*, r.result_hash AS run_result_hash, b.output_hash AS batch_output_hash
        FROM em_prediction_display d
        LEFT JOIN em_prediction_run r ON r",
fresh-s2/D01-gate-first,147.764,1,1,"Query:executing:SELECT d.*, r.result_hash AS run_result_hash, b.output_hash AS batch_output_hash
        FROM em_prediction_display d
        LEFT JOIN em_prediction_run r ON r",
fresh-s2/D01-gate-first,148.789,1,1,"Query:executing:SELECT d.*, r.result_hash AS run_result_hash, b.output_hash AS batch_output_hash
        FROM em_prediction_display d
        LEFT JOIN em_prediction_run r ON r",
fresh-s2/D01-gate-first,149.798,1,1,"Query:executing:SELECT d.*, r.result_hash AS run_result_hash, b.output_hash AS batch_output_hash
        FROM em_prediction_display d
        LEFT JOIN em_prediction_run r ON r",
fresh-s2/D01-gate-first,150.811,1,1,"Query:executing:SELECT d.*, r.result_hash AS run_result_hash, b.output_hash AS batch_output_hash
        FROM em_prediction_display d
        LEFT JOIN em_prediction_run r ON r",
fresh-s2/D01-gate-first,151.827,1,1,"Query:executing:SELECT d.*, r.result_hash AS run_result_hash, b.output_hash AS batch_output_hash
        FROM em_prediction_display d
        LEFT JOIN em_prediction_run r ON r",
fresh-s2/D01-gate-first,152.84,1,1,"Query:executing:SELECT d.*, r.result_hash AS run_result_hash, b.output_hash AS batch_output_hash
        FROM em_prediction_display d
        LEFT JOIN em_prediction_run r ON r",
fresh-s2/D01-gate-first,153.855,1,1,"Query:executing:SELECT d.*, r.result_hash AS run_result_hash, b.output_hash AS batch_output_hash
        FROM em_prediction_display d
        LEFT JOIN em_prediction_run r ON r",
fresh-s2/D01-gate-first,154.866,1,1,"Query:executing:SELECT d.*, r.result_hash AS run_result_hash, b.output_hash AS batch_output_hash
        FROM em_prediction_display d
        LEFT JOIN em_prediction_run r ON r",
fresh-s2/D01-gate-first,155.877,1,1,"Query:executing:SELECT d.*, r.result_hash AS run_result_hash, b.output_hash AS batch_output_hash
        FROM em_prediction_display d
        LEFT JOIN em_prediction_run r ON r",
fresh-s2/D01-gate-first,156.889,1,1,"Query:executing:SELECT d.*, r.result_hash AS run_result_hash, b.output_hash AS batch_output_hash
        FROM em_prediction_display d
        LEFT JOIN em_prediction_run r ON r",
fresh-s2/D01-gate-first,157.899,1,1,"Query:executing:SELECT d.*, r.result_hash AS run_result_hash, b.output_hash AS batch_output_hash
        FROM em_prediction_display d
        LEFT JOIN em_prediction_run r ON r",
fresh-s2/D01-gate-first,158.909,1,1,"Query:executing:SELECT d.*, r.result_hash AS run_result_hash, b.output_hash AS batch_output_hash
        FROM em_prediction_display d
        LEFT JOIN em_prediction_run r ON r",
fresh-s2/D01-gate-first,159.921,1,1,"Query:executing:SELECT d.*, r.result_hash AS run_result_hash, b.output_hash AS batch_output_hash
        FROM em_prediction_display d
        LEFT JOIN em_prediction_run r ON r",
fresh-s2/D01-gate-first,160.936,1,1,"Query:executing:SELECT d.*, r.result_hash AS run_result_hash, b.output_hash AS batch_output_hash
        FROM em_prediction_display d
        LEFT JOIN em_prediction_run r ON r",
fresh-s2/D01-gate-first,161.964,1,1,"Query:executing:SELECT d.*, r.result_hash AS run_result_hash, b.output_hash AS batch_output_hash
        FROM em_prediction_display d
        LEFT JOIN em_prediction_run r ON r",
fresh-s2/D01-gate-first,162.976,1,1,"Query:executing:SELECT d.*, r.result_hash AS run_result_hash, b.output_hash AS batch_output_hash
        FROM em_prediction_display d
        LEFT JOIN em_prediction_run r ON r",
fresh-s2/D01-gate-first,163.988,1,1,"Query:executing:SELECT d.*, r.result_hash AS run_result_hash, b.output_hash AS batch_output_hash
        FROM em_prediction_display d
        LEFT JOIN em_prediction_run r ON r",
fresh-s2/D01-gate-first,164.995,1,1,"Query:executing:SELECT d.*, r.result_hash AS run_result_hash, b.output_hash AS batch_output_hash
        FROM em_prediction_display d
        LEFT JOIN em_prediction_run r ON r",
fresh-s2/D01-gate-first,166.008,1,1,"Query:executing:SELECT d.*, r.result_hash AS run_result_hash, b.output_hash AS batch_output_hash
        FROM em_prediction_display d
        LEFT JOIN em_prediction_run r ON r",
fresh-s2/D01-gate-first,167.021,1,1,"Query:executing:SELECT d.*, r.result_hash AS run_result_hash, b.output_hash AS batch_output_hash
        FROM em_prediction_display d
        LEFT JOIN em_prediction_run r ON r",
fresh-s2/D01-gate-first,168.031,1,1,"Query:executing:SELECT d.*, r.result_hash AS run_result_hash, b.output_hash AS batch_output_hash
        FROM em_prediction_display d
        LEFT JOIN em_prediction_run r ON r",
fresh-s2/D01-gate-first,169.044,1,1,"Query:executing:SELECT d.*, r.result_hash AS run_result_hash, b.output_hash AS batch_output_hash
        FROM em_prediction_display d
        LEFT JOIN em_prediction_run r ON r",
fresh-s2/D01-gate-first,170.054,1,1,"Query:executing:SELECT d.*, r.result_hash AS run_result_hash, b.output_hash AS batch_output_hash
        FROM em_prediction_display d
        LEFT JOIN em_prediction_run r ON r",
fresh-s2/D01-gate-first,171.063,1,1,"Query:executing:SELECT d.*, r.result_hash AS run_result_hash, b.output_hash AS batch_output_hash
        FROM em_prediction_display d
        LEFT JOIN em_prediction_run r ON r",
fresh-s2/D01-gate-first,172.078,1,1,"Query:executing:SELECT d.*, r.result_hash AS run_result_hash, b.output_hash AS batch_output_hash
        FROM em_prediction_display d
        LEFT JOIN em_prediction_run r ON r",
fresh-s2/D01-gate-first,173.091,1,1,"Query:executing:SELECT d.*, r.result_hash AS run_result_hash, b.output_hash AS batch_output_hash
        FROM em_prediction_display d
        LEFT JOIN em_prediction_run r ON r",
fresh-s2/D01-gate-first,174.101,1,1,"Query:executing:SELECT d.*, r.result_hash AS run_result_hash, b.output_hash AS batch_output_hash
        FROM em_prediction_display d
        LEFT JOIN em_prediction_run r ON r",
fresh-s2/D01-gate-first,175.112,1,1,"Query:executing:SELECT d.*, r.result_hash AS run_result_hash, b.output_hash AS batch_output_hash
        FROM em_prediction_display d
        LEFT JOIN em_prediction_run r ON r",
fresh-s2/D01-gate-first,176.124,1,1,"Query:executing:SELECT d.*, r.result_hash AS run_result_hash, b.output_hash AS batch_output_hash
        FROM em_prediction_display d
        LEFT JOIN em_prediction_run r ON r",
fresh-s2/D01-gate-first,177.139,1,1,"Query:executing:SELECT d.*, r.result_hash AS run_result_hash, b.output_hash AS batch_output_hash
        FROM em_prediction_display d
        LEFT JOIN em_prediction_run r ON r",
fresh-s2/D01-gate-first,178.147,1,1,"Query:executing:SELECT d.*, r.result_hash AS run_result_hash, b.output_hash AS batch_output_hash
        FROM em_prediction_display d
        LEFT JOIN em_prediction_run r ON r",
fresh-s2/D01-gate-first,179.162,1,1,"Query:executing:SELECT d.*, r.result_hash AS run_result_hash, b.output_hash AS batch_output_hash
        FROM em_prediction_display d
        LEFT JOIN em_prediction_run r ON r",
fresh-s2/D02-one-full-series-then-gate,0.001,1,0,Sleep::,
fresh-s2/D02-one-full-series-then-gate,1.018,1,1,"Query:executing:SELECT d.*, r.result_hash AS run_result_hash, b.output_hash AS batch_output_hash
        FROM em_prediction_display d
        LEFT JOIN em_prediction_run r ON r",
fresh-s2/D02-one-full-series-then-gate,2.036,1,1,"Query:executing:SELECT d.*, r.result_hash AS run_result_hash, b.output_hash AS batch_output_hash
        FROM em_prediction_display d
        LEFT JOIN em_prediction_run r ON r",
fresh-s2/D02-one-full-series-then-gate,3.059,1,1,"Query:executing:SELECT d.*, r.result_hash AS run_result_hash, b.output_hash AS batch_output_hash
        FROM em_prediction_display d
        LEFT JOIN em_prediction_run r ON r",
fresh-s2/D02-one-full-series-then-gate,4.076,1,1,"Query:executing:SELECT d.*, r.result_hash AS run_result_hash, b.output_hash AS batch_output_hash
        FROM em_prediction_display d
        LEFT JOIN em_prediction_run r ON r",
fresh-s2/D02-one-full-series-then-gate,5.096,1,1,"Query:executing:SELECT d.*, r.result_hash AS run_result_hash, b.output_hash AS batch_output_hash
        FROM em_prediction_display d
        LEFT JOIN em_prediction_run r ON r",
fresh-s2/D02-one-full-series-then-gate,7.129,1,1,"Query:executing:SELECT d.*, r.result_hash AS run_result_hash, b.output_hash AS batch_output_hash
        FROM em_prediction_display d
        LEFT JOIN em_prediction_run r ON r",
fresh-s2/D02-one-full-series-then-gate,8.141,1,1,"Query:executing:SELECT d.*, r.result_hash AS run_result_hash, b.output_hash AS batch_output_hash
        FROM em_prediction_display d
        LEFT JOIN em_prediction_run r ON r",
fresh-s2/D02-one-full-series-then-gate,9.156,1,1,"Query:executing:SELECT d.*, r.result_hash AS run_result_hash, b.output_hash AS batch_output_hash
        FROM em_prediction_display d
        LEFT JOIN em_prediction_run r ON r",
fresh-s2/D02-one-full-series-then-gate,10.172,1,1,"Query:executing:SELECT d.*, r.result_hash AS run_result_hash, b.output_hash AS batch_output_hash
        FROM em_prediction_display d
        LEFT JOIN em_prediction_run r ON r",
fresh-s2/D02-one-full-series-then-gate,11.188,1,1,"Query:executing:SELECT d.*, r.result_hash AS run_result_hash, b.output_hash AS batch_output_hash
        FROM em_prediction_display d
        LEFT JOIN em_prediction_run r ON r",
fresh-s2/D02-one-full-series-then-gate,12.198,1,1,"Query:executing:SELECT d.*, r.result_hash AS run_result_hash, b.output_hash AS batch_output_hash
        FROM em_prediction_display d
        LEFT JOIN em_prediction_run r ON r",
fresh-s2/D02-one-full-series-then-gate,13.207,1,1,"Query:executing:SELECT d.*, r.result_hash AS run_result_hash, b.output_hash AS batch_output_hash
        FROM em_prediction_display d
        LEFT JOIN em_prediction_run r ON r",
fresh-s2/D02-one-full-series-then-gate,14.218,1,1,"Query:executing:SELECT d.*, r.result_hash AS run_result_hash, b.output_hash AS batch_output_hash
        FROM em_prediction_display d
        LEFT JOIN em_prediction_run r ON r",
fresh-s2/D02-one-full-series-then-gate,15.235,1,1,"Query:executing:SELECT d.*, r.result_hash AS run_result_hash, b.output_hash AS batch_output_hash
        FROM em_prediction_display d
        LEFT JOIN em_prediction_run r ON r",
fresh-s2/D02-one-full-series-then-gate,17.48,1,1,"Query:executing:SELECT d.*, r.result_hash AS run_result_hash, b.output_hash AS batch_output_hash
        FROM em_prediction_display d
        LEFT JOIN em_prediction_run r ON r",
fresh-s2/D02-one-full-series-then-gate,18.493,1,1,"Query:executing:SELECT d.*, r.result_hash AS run_result_hash, b.output_hash AS batch_output_hash
        FROM em_prediction_display d
        LEFT JOIN em_prediction_run r ON r",
fresh-s2/D02-one-full-series-then-gate,19.514,1,1,"Query:executing:SELECT d.*, r.result_hash AS run_result_hash, b.output_hash AS batch_output_hash
        FROM em_prediction_display d
        LEFT JOIN em_prediction_run r ON r",
fresh-s2/D02-one-full-series-then-gate,20.529,1,1,"Query:executing:SELECT d.*, r.result_hash AS run_result_hash, b.output_hash AS batch_output_hash
        FROM em_prediction_display d
        LEFT JOIN em_prediction_run r ON r",
fresh-s2/D02-one-full-series-then-gate,21.553,1,1,"Query:executing:SELECT d.*, r.result_hash AS run_result_hash, b.output_hash AS batch_output_hash
        FROM em_prediction_display d
        LEFT JOIN em_prediction_run r ON r",
fresh-s2/D02-one-full-series-then-gate,22.574,1,1,"Query:executing:SELECT d.*, r.result_hash AS run_result_hash, b.output_hash AS batch_output_hash
        FROM em_prediction_display d
        LEFT JOIN em_prediction_run r ON r",
fresh-s2/D02-one-full-series-then-gate,23.589,1,1,"Query:executing:SELECT d.*, r.result_hash AS run_result_hash, b.output_hash AS batch_output_hash
        FROM em_prediction_display d
        LEFT JOIN em_prediction_run r ON r",
fresh-s2/D02-one-full-series-then-gate,24.608,1,1,"Query:executing:SELECT d.*, r.result_hash AS run_result_hash, b.output_hash AS batch_output_hash
        FROM em_prediction_display d
        LEFT JOIN em_prediction_run r ON r",
fresh-s2/D02-one-full-series-then-gate,25.619,1,1,"Query:executing:SELECT d.*, r.result_hash AS run_result_hash, b.output_hash AS batch_output_hash
        FROM em_prediction_display d
        LEFT JOIN em_prediction_run r ON r",
fresh-s2/D02-one-full-series-then-gate,26.628,1,1,"Query:executing:SELECT d.*, r.result_hash AS run_result_hash, b.output_hash AS batch_output_hash
        FROM em_prediction_display d
        LEFT JOIN em_prediction_run r ON r",
fresh-s2/D02-one-full-series-then-gate,27.644,1,1,"Query:executing:SELECT d.*, r.result_hash AS run_result_hash, b.output_hash AS batch_output_hash
        FROM em_prediction_display d
        LEFT JOIN em_prediction_run r ON r",
fresh-s2/D02-one-full-series-then-gate,28.658,1,1,"Query:executing:SELECT d.*, r.result_hash AS run_result_hash, b.output_hash AS batch_output_hash
        FROM em_prediction_display d
        LEFT JOIN em_prediction_run r ON r",
fresh-s2/D02-one-full-series-then-gate,29.672,1,1,"Query:executing:SELECT d.*, r.result_hash AS run_result_hash, b.output_hash AS batch_output_hash
        FROM em_prediction_display d
        LEFT JOIN em_prediction_run r ON r",
fresh-s2/D02-one-full-series-then-gate,30.684,1,1,"Query:executing:SELECT d.*, r.result_hash AS run_result_hash, b.output_hash AS batch_output_hash
        FROM em_prediction_display d
        LEFT JOIN em_prediction_run r ON r",
fresh-s2/D02-one-full-series-then-gate,32.629,1,1,"Query:executing:SELECT d.*, r.result_hash AS run_result_hash, b.output_hash AS batch_output_hash
        FROM em_prediction_display d
        LEFT JOIN em_prediction_run r ON r",
fresh-s2/D02-one-full-series-then-gate,33.644,1,1,"Query:executing:SELECT d.*, r.result_hash AS run_result_hash, b.output_hash AS batch_output_hash
        FROM em_prediction_display d
        LEFT JOIN em_prediction_run r ON r",
fresh-s2/D02-one-full-series-then-gate,34.669,1,1,"Query:executing:SELECT d.*, r.result_hash AS run_result_hash, b.output_hash AS batch_output_hash
        FROM em_prediction_display d
        LEFT JOIN em_prediction_run r ON r",
fresh-s2/D02-one-full-series-then-gate,35.682,1,1,"Query:executing:SELECT d.*, r.result_hash AS run_result_hash, b.output_hash AS batch_output_hash
        FROM em_prediction_display d
        LEFT JOIN em_prediction_run r ON r",
fresh-s2/D02-one-full-series-then-gate,36.693,1,1,"Query:executing:SELECT d.*, r.result_hash AS run_result_hash, b.output_hash AS batch_output_hash
        FROM em_prediction_display d
        LEFT JOIN em_prediction_run r ON r",
fresh-s2/D02-one-full-series-then-gate,37.711,1,1,"Query:executing:SELECT d.*, r.result_hash AS run_result_hash, b.output_hash AS batch_output_hash
        FROM em_prediction_display d
        LEFT JOIN em_prediction_run r ON r",
fresh-s2/D02-one-full-series-then-gate,38.723,1,1,"Query:executing:SELECT d.*, r.result_hash AS run_result_hash, b.output_hash AS batch_output_hash
        FROM em_prediction_display d
        LEFT JOIN em_prediction_run r ON r",
fresh-s2/D02-one-full-series-then-gate,39.74,1,1,"Query:executing:SELECT d.*, r.result_hash AS run_result_hash, b.output_hash AS batch_output_hash
        FROM em_prediction_display d
        LEFT JOIN em_prediction_run r ON r",
fresh-s2/D02-one-full-series-then-gate,40.753,1,1,"Query:executing:SELECT d.*, r.result_hash AS run_result_hash, b.output_hash AS batch_output_hash
        FROM em_prediction_display d
        LEFT JOIN em_prediction_run r ON r",
fresh-s2/D02-one-full-series-then-gate,41.77,1,1,"Query:executing:SELECT d.*, r.result_hash AS run_result_hash, b.output_hash AS batch_output_hash
        FROM em_prediction_display d
        LEFT JOIN em_prediction_run r ON r",
fresh-s2/D02-one-full-series-then-gate,42.783,1,1,"Query:executing:SELECT d.*, r.result_hash AS run_result_hash, b.output_hash AS batch_output_hash
        FROM em_prediction_display d
        LEFT JOIN em_prediction_run r ON r",
fresh-s2/D02-one-full-series-then-gate,43.796,1,1,"Query:executing:SELECT d.*, r.result_hash AS run_result_hash, b.output_hash AS batch_output_hash
        FROM em_prediction_display d
        LEFT JOIN em_prediction_run r ON r",
fresh-s2/D02-one-full-series-then-gate,44.813,1,1,"Query:executing:SELECT d.*, r.result_hash AS run_result_hash, b.output_hash AS batch_output_hash
        FROM em_prediction_display d
        LEFT JOIN em_prediction_run r ON r",
fresh-s2/D02-one-full-series-then-gate,45.83,1,1,"Query:executing:SELECT d.*, r.result_hash AS run_result_hash, b.output_hash AS batch_output_hash
        FROM em_prediction_display d
        LEFT JOIN em_prediction_run r ON r",
fresh-s2/D02-one-full-series-then-gate,46.844,1,1,"Query:executing:SELECT d.*, r.result_hash AS run_result_hash, b.output_hash AS batch_output_hash
        FROM em_prediction_display d
        LEFT JOIN em_prediction_run r ON r",
fresh-s2/D02-one-full-series-then-gate,47.855,1,1,"Query:executing:SELECT d.*, r.result_hash AS run_result_hash, b.output_hash AS batch_output_hash
        FROM em_prediction_display d
        LEFT JOIN em_prediction_run r ON r",
fresh-s2/D02-one-full-series-then-gate,48.866,1,1,"Query:executing:SELECT d.*, r.result_hash AS run_result_hash, b.output_hash AS batch_output_hash
        FROM em_prediction_display d
        LEFT JOIN em_prediction_run r ON r",
fresh-s2/D02-one-full-series-then-gate,49.877,1,1,"Query:executing:SELECT d.*, r.result_hash AS run_result_hash, b.output_hash AS batch_output_hash
        FROM em_prediction_display d
        LEFT JOIN em_prediction_run r ON r",
fresh-s2/D02-one-full-series-then-gate,50.894,1,1,"Query:executing:SELECT d.*, r.result_hash AS run_result_hash, b.output_hash AS batch_output_hash
        FROM em_prediction_display d
        LEFT JOIN em_prediction_run r ON r",
fresh-s2/D02-one-full-series-then-gate,51.914,1,1,"Query:executing:SELECT d.*, r.result_hash AS run_result_hash, b.output_hash AS batch_output_hash
        FROM em_prediction_display d
        LEFT JOIN em_prediction_run r ON r",
fresh-s2/D02-one-full-series-then-gate,52.927,1,1,"Query:executing:SELECT d.*, r.result_hash AS run_result_hash, b.output_hash AS batch_output_hash
        FROM em_prediction_display d
        LEFT JOIN em_prediction_run r ON r",
fresh-s2/D02-one-full-series-then-gate,53.944,1,1,"Query:executing:SELECT d.*, r.result_hash AS run_result_hash, b.output_hash AS batch_output_hash
        FROM em_prediction_display d
        LEFT JOIN em_prediction_run r ON r",
fresh-s2/D02-one-full-series-then-gate,54.965,1,1,"Query:executing:SELECT d.*, r.result_hash AS run_result_hash, b.output_hash AS batch_output_hash
        FROM em_prediction_display d
        LEFT JOIN em_prediction_run r ON r",
fresh-s2/D02-one-full-series-then-gate,55.979,1,1,"Query:executing:SELECT d.*, r.result_hash AS run_result_hash, b.output_hash AS batch_output_hash
        FROM em_prediction_display d
        LEFT JOIN em_prediction_run r ON r",
fresh-s2/D02-one-full-series-then-gate,56.991,1,1,"Query:executing:SELECT d.*, r.result_hash AS run_result_hash, b.output_hash AS batch_output_hash
        FROM em_prediction_display d
        LEFT JOIN em_prediction_run r ON r",
fresh-s2/D02-one-full-series-then-gate,58.012,1,1,"Query:executing:SELECT d.*, r.result_hash AS run_result_hash, b.output_hash AS batch_output_hash
        FROM em_prediction_display d
        LEFT JOIN em_prediction_run r ON r",
fresh-s2/D02-one-full-series-then-gate,59.031,1,1,"Query:executing:SELECT d.*, r.result_hash AS run_result_hash, b.output_hash AS batch_output_hash
        FROM em_prediction_display d
        LEFT JOIN em_prediction_run r ON r",
fresh-s2/D02-one-full-series-then-gate,60.055,1,1,"Query:executing:SELECT d.*, r.result_hash AS run_result_hash, b.output_hash AS batch_output_hash
        FROM em_prediction_display d
        LEFT JOIN em_prediction_run r ON r",
fresh-s2/D02-one-full-series-then-gate,62.206,1,1,"Query:executing:SELECT d.*, r.result_hash AS run_result_hash, b.output_hash AS batch_output_hash
        FROM em_prediction_display d
        LEFT JOIN em_prediction_run r ON r",
fresh-s2/D02-one-full-series-then-gate,63.219,1,1,"Query:executing:SELECT d.*, r.result_hash AS run_result_hash, b.output_hash AS batch_output_hash
        FROM em_prediction_display d
        LEFT JOIN em_prediction_run r ON r",
fresh-s2/D02-one-full-series-then-gate,64.242,1,1,"Query:executing:SELECT d.*, r.result_hash AS run_result_hash, b.output_hash AS batch_output_hash
        FROM em_prediction_display d
        LEFT JOIN em_prediction_run r ON r",
fresh-s2/D02-one-full-series-then-gate,65.257,1,1,"Query:executing:SELECT d.*, r.result_hash AS run_result_hash, b.output_hash AS batch_output_hash
        FROM em_prediction_display d
        LEFT JOIN em_prediction_run r ON r",
fresh-s2/D02-one-full-series-then-gate,66.271,1,1,"Query:executing:SELECT d.*, r.result_hash AS run_result_hash, b.output_hash AS batch_output_hash
        FROM em_prediction_display d
        LEFT JOIN em_prediction_run r ON r",
fresh-s2/D02-one-full-series-then-gate,67.284,1,1,"Query:executing:SELECT d.*, r.result_hash AS run_result_hash, b.output_hash AS batch_output_hash
        FROM em_prediction_display d
        LEFT JOIN em_prediction_run r ON r",
fresh-s2/D02-one-full-series-then-gate,68.301,1,1,"Query:executing:SELECT d.*, r.result_hash AS run_result_hash, b.output_hash AS batch_output_hash
        FROM em_prediction_display d
        LEFT JOIN em_prediction_run r ON r",
fresh-s2/D02-one-full-series-then-gate,69.322,1,1,"Query:executing:SELECT d.*, r.result_hash AS run_result_hash, b.output_hash AS batch_output_hash
        FROM em_prediction_display d
        LEFT JOIN em_prediction_run r ON r",
fresh-s2/D02-one-full-series-then-gate,70.345,1,1,"Query:executing:SELECT d.*, r.result_hash AS run_result_hash, b.output_hash AS batch_output_hash
        FROM em_prediction_display d
        LEFT JOIN em_prediction_run r ON r",
fresh-s2/D02-one-full-series-then-gate,71.356,1,1,"Query:executing:SELECT d.*, r.result_hash AS run_result_hash, b.output_hash AS batch_output_hash
        FROM em_prediction_display d
        LEFT JOIN em_prediction_run r ON r",
fresh-s2/D02-one-full-series-then-gate,72.367,1,1,"Query:executing:SELECT d.*, r.result_hash AS run_result_hash, b.output_hash AS batch_output_hash
        FROM em_prediction_display d
        LEFT JOIN em_prediction_run r ON r",
fresh-s2/D02-one-full-series-then-gate,73.391,1,1,"Query:executing:SELECT d.*, r.result_hash AS run_result_hash, b.output_hash AS batch_output_hash
        FROM em_prediction_display d
        LEFT JOIN em_prediction_run r ON r",
fresh-s2/D02-one-full-series-then-gate,74.419,1,1,"Query:executing:SELECT d.*, r.result_hash AS run_result_hash, b.output_hash AS batch_output_hash
        FROM em_prediction_display d
        LEFT JOIN em_prediction_run r ON r",
fresh-s2/D02-one-full-series-then-gate,75.432,1,1,"Query:executing:SELECT d.*, r.result_hash AS run_result_hash, b.output_hash AS batch_output_hash
        FROM em_prediction_display d
        LEFT JOIN em_prediction_run r ON r",
fresh-s2/D02-one-full-series-then-gate,76.443,1,1,"Query:executing:SELECT d.*, r.result_hash AS run_result_hash, b.output_hash AS batch_output_hash
        FROM em_prediction_display d
        LEFT JOIN em_prediction_run r ON r",
fresh-s2/D02-one-full-series-then-gate,77.457,1,1,"Query:executing:SELECT d.*, r.result_hash AS run_result_hash, b.output_hash AS batch_output_hash
        FROM em_prediction_display d
        LEFT JOIN em_prediction_run r ON r",
fresh-s2/D02-one-full-series-then-gate,78.47,1,1,"Query:executing:SELECT d.*, r.result_hash AS run_result_hash, b.output_hash AS batch_output_hash
        FROM em_prediction_display d
        LEFT JOIN em_prediction_run r ON r",
fresh-s2/D02-one-full-series-then-gate,79.485,1,1,"Query:executing:SELECT d.*, r.result_hash AS run_result_hash, b.output_hash AS batch_output_hash
        FROM em_prediction_display d
        LEFT JOIN em_prediction_run r ON r",
fresh-s2/D02-one-full-series-then-gate,80.493,1,1,"Query:executing:SELECT d.*, r.result_hash AS run_result_hash, b.output_hash AS batch_output_hash
        FROM em_prediction_display d
        LEFT JOIN em_prediction_run r ON r",
fresh-s2/D02-one-full-series-then-gate,81.508,1,1,"Query:executing:SELECT d.*, r.result_hash AS run_result_hash, b.output_hash AS batch_output_hash
        FROM em_prediction_display d
        LEFT JOIN em_prediction_run r ON r",
fresh-s2/D02-one-full-series-then-gate,82.521,1,1,"Query:executing:SELECT d.*, r.result_hash AS run_result_hash, b.output_hash AS batch_output_hash
        FROM em_prediction_display d
        LEFT JOIN em_prediction_run r ON r",
fresh-s2/D02-one-full-series-then-gate,83.537,1,1,"Query:executing:SELECT d.*, r.result_hash AS run_result_hash, b.output_hash AS batch_output_hash
        FROM em_prediction_display d
        LEFT JOIN em_prediction_run r ON r",
fresh-s2/D02-one-full-series-then-gate,84.552,1,1,"Query:executing:SELECT d.*, r.result_hash AS run_result_hash, b.output_hash AS batch_output_hash
        FROM em_prediction_display d
        LEFT JOIN em_prediction_run r ON r",
fresh-s2/D02-one-full-series-then-gate,85.56,1,1,"Query:executing:SELECT d.*, r.result_hash AS run_result_hash, b.output_hash AS batch_output_hash
        FROM em_prediction_display d
        LEFT JOIN em_prediction_run r ON r",
fresh-s2/D02-one-full-series-then-gate,86.583,1,1,"Query:executing:SELECT d.*, r.result_hash AS run_result_hash, b.output_hash AS batch_output_hash
        FROM em_prediction_display d
        LEFT JOIN em_prediction_run r ON r",
fresh-s2/D02-one-full-series-then-gate,87.592,1,1,"Query:executing:SELECT d.*, r.result_hash AS run_result_hash, b.output_hash AS batch_output_hash
        FROM em_prediction_display d
        LEFT JOIN em_prediction_run r ON r",
fresh-s2/D02-one-full-series-then-gate,88.599,1,1,"Query:executing:SELECT d.*, r.result_hash AS run_result_hash, b.output_hash AS batch_output_hash
        FROM em_prediction_display d
        LEFT JOIN em_prediction_run r ON r",
fresh-s2/D02-one-full-series-then-gate,89.609,1,1,"Query:executing:SELECT d.*, r.result_hash AS run_result_hash, b.output_hash AS batch_output_hash
        FROM em_prediction_display d
        LEFT JOIN em_prediction_run r ON r",
fresh-s2/D02-one-full-series-then-gate,90.621,1,1,"Query:executing:SELECT d.*, r.result_hash AS run_result_hash, b.output_hash AS batch_output_hash
        FROM em_prediction_display d
        LEFT JOIN em_prediction_run r ON r",
fresh-s2/D02-one-full-series-then-gate,91.63,1,1,"Query:executing:SELECT d.*, r.result_hash AS run_result_hash, b.output_hash AS batch_output_hash
        FROM em_prediction_display d
        LEFT JOIN em_prediction_run r ON r",
fresh-s2/D02-one-full-series-then-gate,92.652,1,1,"Query:executing:SELECT d.*, r.result_hash AS run_result_hash, b.output_hash AS batch_output_hash
        FROM em_prediction_display d
        LEFT JOIN em_prediction_run r ON r",
fresh-s2/D02-one-full-series-then-gate,93.665,1,1,"Query:executing:SELECT d.*, r.result_hash AS run_result_hash, b.output_hash AS batch_output_hash
        FROM em_prediction_display d
        LEFT JOIN em_prediction_run r ON r",
fresh-s2/D02-one-full-series-then-gate,94.677,1,1,"Query:executing:SELECT d.*, r.result_hash AS run_result_hash, b.output_hash AS batch_output_hash
        FROM em_prediction_display d
        LEFT JOIN em_prediction_run r ON r",
fresh-s2/D02-one-full-series-then-gate,95.691,1,1,"Query:executing:SELECT d.*, r.result_hash AS run_result_hash, b.output_hash AS batch_output_hash
        FROM em_prediction_display d
        LEFT JOIN em_prediction_run r ON r",
fresh-s2/D02-one-full-series-then-gate,96.706,1,1,"Query:executing:SELECT d.*, r.result_hash AS run_result_hash, b.output_hash AS batch_output_hash
        FROM em_prediction_display d
        LEFT JOIN em_prediction_run r ON r",
fresh-s2/D02-one-full-series-then-gate,97.717,1,1,"Query:executing:SELECT d.*, r.result_hash AS run_result_hash, b.output_hash AS batch_output_hash
        FROM em_prediction_display d
        LEFT JOIN em_prediction_run r ON r",
fresh-s2/D02-one-full-series-then-gate,98.727,1,1,"Query:executing:SELECT d.*, r.result_hash AS run_result_hash, b.output_hash AS batch_output_hash
        FROM em_prediction_display d
        LEFT JOIN em_prediction_run r ON r",
fresh-s2/D02-one-full-series-then-gate,99.75,1,1,"Query:executing:SELECT d.*, r.result_hash AS run_result_hash, b.output_hash AS batch_output_hash
        FROM em_prediction_display d
        LEFT JOIN em_prediction_run r ON r",
fresh-s2/D02-one-full-series-then-gate,100.792,1,1,"Query:executing:SELECT d.*, r.result_hash AS run_result_hash, b.output_hash AS batch_output_hash
        FROM em_prediction_display d
        LEFT JOIN em_prediction_run r ON r",
fresh-s2/D02-one-full-series-then-gate,101.817,1,1,"Query:executing:SELECT d.*, r.result_hash AS run_result_hash, b.output_hash AS batch_output_hash
        FROM em_prediction_display d
        LEFT JOIN em_prediction_run r ON r",
fresh-s2/D02-one-full-series-then-gate,102.845,1,1,"Query:executing:SELECT d.*, r.result_hash AS run_result_hash, b.output_hash AS batch_output_hash
        FROM em_prediction_display d
        LEFT JOIN em_prediction_run r ON r",
fresh-s2/D02-one-full-series-then-gate,103.874,1,1,"Query:executing:SELECT d.*, r.result_hash AS run_result_hash, b.output_hash AS batch_output_hash
        FROM em_prediction_display d
        LEFT JOIN em_prediction_run r ON r",
fresh-s2/D02-one-full-series-then-gate,104.897,1,1,"Query:executing:SELECT d.*, r.result_hash AS run_result_hash, b.output_hash AS batch_output_hash
        FROM em_prediction_display d
        LEFT JOIN em_prediction_run r ON r",
fresh-s2/D02-one-full-series-then-gate,105.911,1,1,"Query:executing:SELECT d.*, r.result_hash AS run_result_hash, b.output_hash AS batch_output_hash
        FROM em_prediction_display d
        LEFT JOIN em_prediction_run r ON r",
fresh-s2/D02-one-full-series-then-gate,106.923,1,1,"Query:executing:SELECT d.*, r.result_hash AS run_result_hash, b.output_hash AS batch_output_hash
        FROM em_prediction_display d
        LEFT JOIN em_prediction_run r ON r",
fresh-s2/D02-one-full-series-then-gate,107.945,1,1,"Query:executing:SELECT d.*, r.result_hash AS run_result_hash, b.output_hash AS batch_output_hash
        FROM em_prediction_display d
        LEFT JOIN em_prediction_run r ON r",
fresh-s2/D02-one-full-series-then-gate,108.957,1,1,"Query:executing:SELECT d.*, r.result_hash AS run_result_hash, b.output_hash AS batch_output_hash
        FROM em_prediction_display d
        LEFT JOIN em_prediction_run r ON r",
fresh-s2/D02-one-full-series-then-gate,109.97,1,1,"Query:executing:SELECT d.*, r.result_hash AS run_result_hash, b.output_hash AS batch_output_hash
        FROM em_prediction_display d
        LEFT JOIN em_prediction_run r ON r",
fresh-s2/D02-one-full-series-then-gate,110.994,1,1,"Query:executing:SELECT d.*, r.result_hash AS run_result_hash, b.output_hash AS batch_output_hash
        FROM em_prediction_display d
        LEFT JOIN em_prediction_run r ON r",
fresh-s2/D02-one-full-series-then-gate,112.011,1,1,"Query:executing:SELECT d.*, r.result_hash AS run_result_hash, b.output_hash AS batch_output_hash
        FROM em_prediction_display d
        LEFT JOIN em_prediction_run r ON r",
fresh-s2/D02-one-full-series-then-gate,113.023,1,1,"Query:executing:SELECT d.*, r.result_hash AS run_result_hash, b.output_hash AS batch_output_hash
        FROM em_prediction_display d
        LEFT JOIN em_prediction_run r ON r",
fresh-s2/D02-one-full-series-then-gate,114.033,1,1,"Query:executing:SELECT d.*, r.result_hash AS run_result_hash, b.output_hash AS batch_output_hash
        FROM em_prediction_display d
        LEFT JOIN em_prediction_run r ON r",
fresh-s2/D02-one-full-series-then-gate,115.059,1,1,"Query:executing:SELECT d.*, r.result_hash AS run_result_hash, b.output_hash AS batch_output_hash
        FROM em_prediction_display d
        LEFT JOIN em_prediction_run r ON r",
fresh-s2/D02-one-full-series-then-gate,116.08,1,1,"Query:executing:SELECT d.*, r.result_hash AS run_result_hash, b.output_hash AS batch_output_hash
        FROM em_prediction_display d
        LEFT JOIN em_prediction_run r ON r",
fresh-s2/D02-one-full-series-then-gate,117.105,1,1,"Query:executing:SELECT d.*, r.result_hash AS run_result_hash, b.output_hash AS batch_output_hash
        FROM em_prediction_display d
        LEFT JOIN em_prediction_run r ON r",
fresh-s2/D02-one-full-series-then-gate,118.117,1,1,"Query:executing:SELECT d.*, r.result_hash AS run_result_hash, b.output_hash AS batch_output_hash
        FROM em_prediction_display d
        LEFT JOIN em_prediction_run r ON r",
fresh-s2/D02-one-full-series-then-gate,119.127,1,1,"Query:executing:SELECT d.*, r.result_hash AS run_result_hash, b.output_hash AS batch_output_hash
        FROM em_prediction_display d
        LEFT JOIN em_prediction_run r ON r",
fresh-s2/D02-one-full-series-then-gate,120.141,1,1,"Query:executing:SELECT d.*, r.result_hash AS run_result_hash, b.output_hash AS batch_output_hash
        FROM em_prediction_display d
        LEFT JOIN em_prediction_run r ON r",
fresh-s2/D02-one-full-series-then-gate,122.404,1,1,"Query:executing:SELECT d.*, r.result_hash AS run_result_hash, b.output_hash AS batch_output_hash
        FROM em_prediction_display d
        LEFT JOIN em_prediction_run r ON r",
fresh-s2/D02-one-full-series-then-gate,123.414,1,1,"Query:executing:SELECT d.*, r.result_hash AS run_result_hash, b.output_hash AS batch_output_hash
        FROM em_prediction_display d
        LEFT JOIN em_prediction_run r ON r",
fresh-s2/D02-one-full-series-then-gate,124.425,1,1,"Query:executing:SELECT d.*, r.result_hash AS run_result_hash, b.output_hash AS batch_output_hash
        FROM em_prediction_display d
        LEFT JOIN em_prediction_run r ON r",
fresh-s2/D02-one-full-series-then-gate,125.441,1,1,"Query:executing:SELECT d.*, r.result_hash AS run_result_hash, b.output_hash AS batch_output_hash
        FROM em_prediction_display d
        LEFT JOIN em_prediction_run r ON r",
fresh-s2/D02-one-full-series-then-gate,126.45,1,1,"Query:executing:SELECT d.*, r.result_hash AS run_result_hash, b.output_hash AS batch_output_hash
        FROM em_prediction_display d
        LEFT JOIN em_prediction_run r ON r",
fresh-s2/D02-one-full-series-then-gate,127.46,1,1,"Query:executing:SELECT d.*, r.result_hash AS run_result_hash, b.output_hash AS batch_output_hash
        FROM em_prediction_display d
        LEFT JOIN em_prediction_run r ON r",
fresh-s2/D02-one-full-series-then-gate,128.482,1,1,"Query:executing:SELECT d.*, r.result_hash AS run_result_hash, b.output_hash AS batch_output_hash
        FROM em_prediction_display d
        LEFT JOIN em_prediction_run r ON r",
fresh-s2/D02-one-full-series-then-gate,129.504,1,1,"Query:executing:SELECT d.*, r.result_hash AS run_result_hash, b.output_hash AS batch_output_hash
        FROM em_prediction_display d
        LEFT JOIN em_prediction_run r ON r",
fresh-s2/D02-one-full-series-then-gate,130.519,1,1,"Query:executing:SELECT d.*, r.result_hash AS run_result_hash, b.output_hash AS batch_output_hash
        FROM em_prediction_display d
        LEFT JOIN em_prediction_run r ON r",
fresh-s2/D02-one-full-series-then-gate,131.533,1,1,"Query:executing:SELECT d.*, r.result_hash AS run_result_hash, b.output_hash AS batch_output_hash
        FROM em_prediction_display d
        LEFT JOIN em_prediction_run r ON r",
fresh-s2/D02-one-full-series-then-gate,132.543,1,1,"Query:executing:SELECT d.*, r.result_hash AS run_result_hash, b.output_hash AS batch_output_hash
        FROM em_prediction_display d
        LEFT JOIN em_prediction_run r ON r",
fresh-s2/D02-one-full-series-then-gate,133.563,1,1,"Query:executing:SELECT d.*, r.result_hash AS run_result_hash, b.output_hash AS batch_output_hash
        FROM em_prediction_display d
        LEFT JOIN em_prediction_run r ON r",
fresh-s2/D02-one-full-series-then-gate,134.58,1,1,"Query:executing:SELECT d.*, r.result_hash AS run_result_hash, b.output_hash AS batch_output_hash
        FROM em_prediction_display d
        LEFT JOIN em_prediction_run r ON r",
fresh-s2/D02-one-full-series-then-gate,135.596,1,1,"Query:executing:SELECT d.*, r.result_hash AS run_result_hash, b.output_hash AS batch_output_hash
        FROM em_prediction_display d
        LEFT JOIN em_prediction_run r ON r",
fresh-s2/D02-one-full-series-then-gate,136.621,1,1,"Query:executing:SELECT d.*, r.result_hash AS run_result_hash, b.output_hash AS batch_output_hash
        FROM em_prediction_display d
        LEFT JOIN em_prediction_run r ON r",
fresh-s2/D02-one-full-series-then-gate,137.645,1,1,"Query:executing:SELECT d.*, r.result_hash AS run_result_hash, b.output_hash AS batch_output_hash
        FROM em_prediction_display d
        LEFT JOIN em_prediction_run r ON r",
fresh-s2/D02-one-full-series-then-gate,138.655,1,1,"Query:executing:SELECT d.*, r.result_hash AS run_result_hash, b.output_hash AS batch_output_hash
        FROM em_prediction_display d
        LEFT JOIN em_prediction_run r ON r",
fresh-s2/D02-one-full-series-then-gate,139.679,1,1,"Query:executing:SELECT d.*, r.result_hash AS run_result_hash, b.output_hash AS batch_output_hash
        FROM em_prediction_display d
        LEFT JOIN em_prediction_run r ON r",
fresh-s2/D02-one-full-series-then-gate,140.703,1,1,"Query:executing:SELECT d.*, r.result_hash AS run_result_hash, b.output_hash AS batch_output_hash
        FROM em_prediction_display d
        LEFT JOIN em_prediction_run r ON r",
fresh-s2/D02-one-full-series-then-gate,141.717,1,1,"Query:executing:SELECT d.*, r.result_hash AS run_result_hash, b.output_hash AS batch_output_hash
        FROM em_prediction_display d
        LEFT JOIN em_prediction_run r ON r",
fresh-s2/D02-one-full-series-then-gate,142.73,1,1,"Query:executing:SELECT d.*, r.result_hash AS run_result_hash, b.output_hash AS batch_output_hash
        FROM em_prediction_display d
        LEFT JOIN em_prediction_run r ON r",
fresh-s2/D02-one-full-series-then-gate,143.748,1,1,"Query:executing:SELECT d.*, r.result_hash AS run_result_hash, b.output_hash AS batch_output_hash
        FROM em_prediction_display d
        LEFT JOIN em_prediction_run r ON r",
fresh-s2/D02-one-full-series-then-gate,144.762,1,1,"Query:executing:SELECT d.*, r.result_hash AS run_result_hash, b.output_hash AS batch_output_hash
        FROM em_prediction_display d
        LEFT JOIN em_prediction_run r ON r",
fresh-s2/D02-one-full-series-then-gate,145.772,1,1,"Query:executing:SELECT d.*, r.result_hash AS run_result_hash, b.output_hash AS batch_output_hash
        FROM em_prediction_display d
        LEFT JOIN em_prediction_run r ON r",
fresh-s2/D02-one-full-series-then-gate,146.792,1,1,"Query:executing:SELECT d.*, r.result_hash AS run_result_hash, b.output_hash AS batch_output_hash
        FROM em_prediction_display d
        LEFT JOIN em_prediction_run r ON r",
fresh-s2/D02-one-full-series-then-gate,147.813,1,1,"Query:executing:SELECT d.*, r.result_hash AS run_result_hash, b.output_hash AS batch_output_hash
        FROM em_prediction_display d
        LEFT JOIN em_prediction_run r ON r",
fresh-s2/D02-one-full-series-then-gate,148.825,1,1,"Query:executing:SELECT d.*, r.result_hash AS run_result_hash, b.output_hash AS batch_output_hash
        FROM em_prediction_display d
        LEFT JOIN em_prediction_run r ON r",
fresh-s2/D02-one-full-series-then-gate,149.846,1,1,"Query:executing:SELECT d.*, r.result_hash AS run_result_hash, b.output_hash AS batch_output_hash
        FROM em_prediction_display d
        LEFT JOIN em_prediction_run r ON r",
fresh-s2/D02-one-full-series-then-gate,150.862,1,1,"Query:executing:SELECT d.*, r.result_hash AS run_result_hash, b.output_hash AS batch_output_hash
        FROM em_prediction_display d
        LEFT JOIN em_prediction_run r ON r",
fresh-s2/D02-one-full-series-then-gate,151.874,1,1,"Query:executing:SELECT d.*, r.result_hash AS run_result_hash, b.output_hash AS batch_output_hash
        FROM em_prediction_display d
        LEFT JOIN em_prediction_run r ON r",
fresh-s2/D02-one-full-series-then-gate,152.892,1,1,"Query:executing:SELECT d.*, r.result_hash AS run_result_hash, b.output_hash AS batch_output_hash
        FROM em_prediction_display d
        LEFT JOIN em_prediction_run r ON r",
fresh-s2/D02-one-full-series-then-gate,153.904,1,1,"Query:executing:SELECT d.*, r.result_hash AS run_result_hash, b.output_hash AS batch_output_hash
        FROM em_prediction_display d
        LEFT JOIN em_prediction_run r ON r",
fresh-s2/D02-one-full-series-then-gate,154.92,1,1,"Query:executing:SELECT d.*, r.result_hash AS run_result_hash, b.output_hash AS batch_output_hash
        FROM em_prediction_display d
        LEFT JOIN em_prediction_run r ON r",
fresh-s2/D02-one-full-series-then-gate,155.933,1,1,"Query:executing:SELECT d.*, r.result_hash AS run_result_hash, b.output_hash AS batch_output_hash
        FROM em_prediction_display d
        LEFT JOIN em_prediction_run r ON r",
fresh-s2/D02-one-full-series-then-gate,156.945,1,1,"Query:executing:SELECT d.*, r.result_hash AS run_result_hash, b.output_hash AS batch_output_hash
        FROM em_prediction_display d
        LEFT JOIN em_prediction_run r ON r",
fresh-s2/D02-one-full-series-then-gate,157.96,1,1,"Query:executing:SELECT d.*, r.result_hash AS run_result_hash, b.output_hash AS batch_output_hash
        FROM em_prediction_display d
        LEFT JOIN em_prediction_run r ON r",
fresh-s2/D02-one-full-series-then-gate,158.983,1,1,"Query:executing:SELECT d.*, r.result_hash AS run_result_hash, b.output_hash AS batch_output_hash
        FROM em_prediction_display d
        LEFT JOIN em_prediction_run r ON r",
fresh-s2/D02-one-full-series-then-gate,160.007,1,1,"Query:executing:SELECT d.*, r.result_hash AS run_result_hash, b.output_hash AS batch_output_hash
        FROM em_prediction_display d
        LEFT JOIN em_prediction_run r ON r",
fresh-s2/D02-one-full-series-then-gate,161.026,1,1,"Query:executing:SELECT d.*, r.result_hash AS run_result_hash, b.output_hash AS batch_output_hash
        FROM em_prediction_display d
        LEFT JOIN em_prediction_run r ON r",
fresh-s2/D02-one-full-series-then-gate,162.037,1,1,"Query:executing:SELECT d.*, r.result_hash AS run_result_hash, b.output_hash AS batch_output_hash
        FROM em_prediction_display d
        LEFT JOIN em_prediction_run r ON r",
fresh-s2/D02-one-full-series-then-gate,163.053,1,1,"Query:executing:SELECT d.*, r.result_hash AS run_result_hash, b.output_hash AS batch_output_hash
        FROM em_prediction_display d
        LEFT JOIN em_prediction_run r ON r",
fresh-s2/D02-one-full-series-then-gate,164.066,1,1,"Query:executing:SELECT d.*, r.result_hash AS run_result_hash, b.output_hash AS batch_output_hash
        FROM em_prediction_display d
        LEFT JOIN em_prediction_run r ON r",
fresh-s2/D02-one-full-series-then-gate,165.08,1,1,"Query:executing:SELECT d.*, r.result_hash AS run_result_hash, b.output_hash AS batch_output_hash
        FROM em_prediction_display d
        LEFT JOIN em_prediction_run r ON r",
fresh-s2/D02-one-full-series-then-gate,166.101,1,1,"Query:executing:SELECT d.*, r.result_hash AS run_result_hash, b.output_hash AS batch_output_hash
        FROM em_prediction_display d
        LEFT JOIN em_prediction_run r ON r",
fresh-s2/D02-one-full-series-then-gate,167.119,1,1,"Query:executing:SELECT d.*, r.result_hash AS run_result_hash, b.output_hash AS batch_output_hash
        FROM em_prediction_display d
        LEFT JOIN em_prediction_run r ON r",
fresh-s2/D02-one-full-series-then-gate,168.141,1,1,"Query:executing:SELECT d.*, r.result_hash AS run_result_hash, b.output_hash AS batch_output_hash
        FROM em_prediction_display d
        LEFT JOIN em_prediction_run r ON r",
fresh-s2/D02-one-full-series-then-gate,169.161,1,1,"Query:executing:SELECT d.*, r.result_hash AS run_result_hash, b.output_hash AS batch_output_hash
        FROM em_prediction_display d
        LEFT JOIN em_prediction_run r ON r",
fresh-s2/D02-one-full-series-then-gate,170.178,1,1,"Query:executing:SELECT d.*, r.result_hash AS run_result_hash, b.output_hash AS batch_output_hash
        FROM em_prediction_display d
        LEFT JOIN em_prediction_run r ON r",
fresh-s2/D02-one-full-series-then-gate,171.199,1,1,"Query:executing:SELECT d.*, r.result_hash AS run_result_hash, b.output_hash AS batch_output_hash
        FROM em_prediction_display d
        LEFT JOIN em_prediction_run r ON r",
fresh-s2/D02-one-full-series-then-gate,172.22,1,1,"Query:executing:SELECT d.*, r.result_hash AS run_result_hash, b.output_hash AS batch_output_hash
        FROM em_prediction_display d
        LEFT JOIN em_prediction_run r ON r",
fresh-s2/D02-one-full-series-then-gate,173.229,1,1,"Query:executing:SELECT d.*, r.result_hash AS run_result_hash, b.output_hash AS batch_output_hash
        FROM em_prediction_display d
        LEFT JOIN em_prediction_run r ON r",
fresh-s2/D02-one-full-series-then-gate,174.238,1,1,"Query:executing:SELECT d.*, r.result_hash AS run_result_hash, b.output_hash AS batch_output_hash
        FROM em_prediction_display d
        LEFT JOIN em_prediction_run r ON r",
fresh-s2/D02-one-full-series-then-gate,175.257,1,1,"Query:executing:SELECT d.*, r.result_hash AS run_result_hash, b.output_hash AS batch_output_hash
        FROM em_prediction_display d
        LEFT JOIN em_prediction_run r ON r",
fresh-s2/D02-one-full-series-then-gate,176.268,1,1,"Query:executing:SELECT d.*, r.result_hash AS run_result_hash, b.output_hash AS batch_output_hash
        FROM em_prediction_display d
        LEFT JOIN em_prediction_run r ON r",
fresh-s2/D02-one-full-series-then-gate,177.278,1,1,"Query:executing:SELECT d.*, r.result_hash AS run_result_hash, b.output_hash AS batch_output_hash
        FROM em_prediction_display d
        LEFT JOIN em_prediction_run r ON r",
fresh-s2/D02-one-full-series-then-gate,178.287,1,1,"Query:executing:SELECT d.*, r.result_hash AS run_result_hash, b.output_hash AS batch_output_hash
        FROM em_prediction_display d
        LEFT JOIN em_prediction_run r ON r",
fresh-s2/D02-one-full-series-then-gate,179.299,1,1,"Query:executing:SELECT d.*, r.result_hash AS run_result_hash, b.output_hash AS batch_output_hash
        FROM em_prediction_display d
        LEFT JOIN em_prediction_run r ON r",
fresh-s2/D03-36-full-series-then-gate,0.001,1,0,Sleep::,
fresh-s2/D03-36-full-series-then-gate,1.011,1,1,"Query:executing:SELECT d.*, r.result_hash AS run_result_hash, b.output_hash AS batch_output_hash
        FROM em_prediction_display d
        LEFT JOIN em_prediction_run r ON r",
fresh-s2/D03-36-full-series-then-gate,2.021,1,1,"Query:executing:SELECT d.*, r.result_hash AS run_result_hash, b.output_hash AS batch_output_hash
        FROM em_prediction_display d
        LEFT JOIN em_prediction_run r ON r",
fresh-s2/D03-36-full-series-then-gate,3.035,1,1,"Query:executing:SELECT d.*, r.result_hash AS run_result_hash, b.output_hash AS batch_output_hash
        FROM em_prediction_display d
        LEFT JOIN em_prediction_run r ON r",
fresh-s2/D03-36-full-series-then-gate,4.056,1,1,"Query:executing:SELECT d.*, r.result_hash AS run_result_hash, b.output_hash AS batch_output_hash
        FROM em_prediction_display d
        LEFT JOIN em_prediction_run r ON r",
fresh-s2/D03-36-full-series-then-gate,5.067,1,1,"Query:executing:SELECT d.*, r.result_hash AS run_result_hash, b.output_hash AS batch_output_hash
        FROM em_prediction_display d
        LEFT JOIN em_prediction_run r ON r",
fresh-s2/D03-36-full-series-then-gate,7.228,1,1,"Query:executing:SELECT d.*, r.result_hash AS run_result_hash, b.output_hash AS batch_output_hash
        FROM em_prediction_display d
        LEFT JOIN em_prediction_run r ON r",
fresh-s2/D03-36-full-series-then-gate,8.238,1,1,"Query:executing:SELECT d.*, r.result_hash AS run_result_hash, b.output_hash AS batch_output_hash
        FROM em_prediction_display d
        LEFT JOIN em_prediction_run r ON r",
fresh-s2/D03-36-full-series-then-gate,9.254,1,1,"Query:executing:SELECT d.*, r.result_hash AS run_result_hash, b.output_hash AS batch_output_hash
        FROM em_prediction_display d
        LEFT JOIN em_prediction_run r ON r",
fresh-s2/D03-36-full-series-then-gate,10.271,1,1,"Query:executing:SELECT d.*, r.result_hash AS run_result_hash, b.output_hash AS batch_output_hash
        FROM em_prediction_display d
        LEFT JOIN em_prediction_run r ON r",
fresh-s2/D03-36-full-series-then-gate,11.278,1,1,"Query:executing:SELECT d.*, r.result_hash AS run_result_hash, b.output_hash AS batch_output_hash
        FROM em_prediction_display d
        LEFT JOIN em_prediction_run r ON r",
fresh-s2/D03-36-full-series-then-gate,12.288,1,1,"Query:executing:SELECT d.*, r.result_hash AS run_result_hash, b.output_hash AS batch_output_hash
        FROM em_prediction_display d
        LEFT JOIN em_prediction_run r ON r",
fresh-s2/D03-36-full-series-then-gate,13.309,1,1,"Query:executing:SELECT d.*, r.result_hash AS run_result_hash, b.output_hash AS batch_output_hash
        FROM em_prediction_display d
        LEFT JOIN em_prediction_run r ON r",
fresh-s2/D03-36-full-series-then-gate,14.319,1,1,"Query:executing:SELECT d.*, r.result_hash AS run_result_hash, b.output_hash AS batch_output_hash
        FROM em_prediction_display d
        LEFT JOIN em_prediction_run r ON r",
fresh-s2/D03-36-full-series-then-gate,15.331,1,1,"Query:executing:SELECT d.*, r.result_hash AS run_result_hash, b.output_hash AS batch_output_hash
        FROM em_prediction_display d
        LEFT JOIN em_prediction_run r ON r",
fresh-s2/D03-36-full-series-then-gate,17.676,1,1,"Query:executing:SELECT d.*, r.result_hash AS run_result_hash, b.output_hash AS batch_output_hash
        FROM em_prediction_display d
        LEFT JOIN em_prediction_run r ON r",
fresh-s2/D03-36-full-series-then-gate,18.698,1,1,"Query:executing:SELECT d.*, r.result_hash AS run_result_hash, b.output_hash AS batch_output_hash
        FROM em_prediction_display d
        LEFT JOIN em_prediction_run r ON r",
fresh-s2/D03-36-full-series-then-gate,19.708,1,1,"Query:executing:SELECT d.*, r.result_hash AS run_result_hash, b.output_hash AS batch_output_hash
        FROM em_prediction_display d
        LEFT JOIN em_prediction_run r ON r",
fresh-s2/D03-36-full-series-then-gate,20.718,1,1,"Query:executing:SELECT d.*, r.result_hash AS run_result_hash, b.output_hash AS batch_output_hash
        FROM em_prediction_display d
        LEFT JOIN em_prediction_run r ON r",
fresh-s2/D03-36-full-series-then-gate,21.729,1,1,"Query:executing:SELECT d.*, r.result_hash AS run_result_hash, b.output_hash AS batch_output_hash
        FROM em_prediction_display d
        LEFT JOIN em_prediction_run r ON r",
fresh-s2/D03-36-full-series-then-gate,22.738,1,1,"Query:executing:SELECT d.*, r.result_hash AS run_result_hash, b.output_hash AS batch_output_hash
        FROM em_prediction_display d
        LEFT JOIN em_prediction_run r ON r",
fresh-s2/D03-36-full-series-then-gate,23.749,1,1,"Query:executing:SELECT d.*, r.result_hash AS run_result_hash, b.output_hash AS batch_output_hash
        FROM em_prediction_display d
        LEFT JOIN em_prediction_run r ON r",
fresh-s2/D03-36-full-series-then-gate,24.77,1,1,"Query:executing:SELECT d.*, r.result_hash AS run_result_hash, b.output_hash AS batch_output_hash
        FROM em_prediction_display d
        LEFT JOIN em_prediction_run r ON r",
fresh-s2/D03-36-full-series-then-gate,25.779,1,1,"Query:executing:SELECT d.*, r.result_hash AS run_result_hash, b.output_hash AS batch_output_hash
        FROM em_prediction_display d
        LEFT JOIN em_prediction_run r ON r",
fresh-s2/D03-36-full-series-then-gate,26.789,1,1,"Query:executing:SELECT d.*, r.result_hash AS run_result_hash, b.output_hash AS batch_output_hash
        FROM em_prediction_display d
        LEFT JOIN em_prediction_run r ON r",
fresh-s2/D03-36-full-series-then-gate,27.798,1,1,"Query:executing:SELECT d.*, r.result_hash AS run_result_hash, b.output_hash AS batch_output_hash
        FROM em_prediction_display d
        LEFT JOIN em_prediction_run r ON r",
fresh-s2/D03-36-full-series-then-gate,28.806,1,1,"Query:executing:SELECT d.*, r.result_hash AS run_result_hash, b.output_hash AS batch_output_hash
        FROM em_prediction_display d
        LEFT JOIN em_prediction_run r ON r",
fresh-s2/D03-36-full-series-then-gate,29.814,1,1,"Query:executing:SELECT d.*, r.result_hash AS run_result_hash, b.output_hash AS batch_output_hash
        FROM em_prediction_display d
        LEFT JOIN em_prediction_run r ON r",
fresh-s2/D03-36-full-series-then-gate,30.834,1,1,"Query:executing:SELECT d.*, r.result_hash AS run_result_hash, b.output_hash AS batch_output_hash
        FROM em_prediction_display d
        LEFT JOIN em_prediction_run r ON r",
fresh-s2/D03-36-full-series-then-gate,33.055,1,1,"Query:executing:SELECT d.*, r.result_hash AS run_result_hash, b.output_hash AS batch_output_hash
        FROM em_prediction_display d
        LEFT JOIN em_prediction_run r ON r",
fresh-s2/D03-36-full-series-then-gate,34.071,1,1,"Query:executing:SELECT d.*, r.result_hash AS run_result_hash, b.output_hash AS batch_output_hash
        FROM em_prediction_display d
        LEFT JOIN em_prediction_run r ON r",
fresh-s2/D03-36-full-series-then-gate,35.091,1,1,"Query:executing:SELECT d.*, r.result_hash AS run_result_hash, b.output_hash AS batch_output_hash
        FROM em_prediction_display d
        LEFT JOIN em_prediction_run r ON r",
fresh-s2/D03-36-full-series-then-gate,36.099,1,1,"Query:executing:SELECT d.*, r.result_hash AS run_result_hash, b.output_hash AS batch_output_hash
        FROM em_prediction_display d
        LEFT JOIN em_prediction_run r ON r",
fresh-s2/D03-36-full-series-then-gate,37.108,1,1,"Query:executing:SELECT d.*, r.result_hash AS run_result_hash, b.output_hash AS batch_output_hash
        FROM em_prediction_display d
        LEFT JOIN em_prediction_run r ON r",
fresh-s2/D03-36-full-series-then-gate,38.126,1,1,"Query:executing:SELECT d.*, r.result_hash AS run_result_hash, b.output_hash AS batch_output_hash
        FROM em_prediction_display d
        LEFT JOIN em_prediction_run r ON r",
fresh-s2/D03-36-full-series-then-gate,39.143,1,1,"Query:executing:SELECT d.*, r.result_hash AS run_result_hash, b.output_hash AS batch_output_hash
        FROM em_prediction_display d
        LEFT JOIN em_prediction_run r ON r",
fresh-s2/D03-36-full-series-then-gate,40.158,1,1,"Query:executing:SELECT d.*, r.result_hash AS run_result_hash, b.output_hash AS batch_output_hash
        FROM em_prediction_display d
        LEFT JOIN em_prediction_run r ON r",
fresh-s2/D03-36-full-series-then-gate,41.167,1,1,"Query:executing:SELECT d.*, r.result_hash AS run_result_hash, b.output_hash AS batch_output_hash
        FROM em_prediction_display d
        LEFT JOIN em_prediction_run r ON r",
fresh-s2/D03-36-full-series-then-gate,42.181,1,1,"Query:executing:SELECT d.*, r.result_hash AS run_result_hash, b.output_hash AS batch_output_hash
        FROM em_prediction_display d
        LEFT JOIN em_prediction_run r ON r",
fresh-s2/D03-36-full-series-then-gate,43.203,1,1,"Query:executing:SELECT d.*, r.result_hash AS run_result_hash, b.output_hash AS batch_output_hash
        FROM em_prediction_display d
        LEFT JOIN em_prediction_run r ON r",
fresh-s2/D03-36-full-series-then-gate,44.213,1,1,"Query:executing:SELECT d.*, r.result_hash AS run_result_hash, b.output_hash AS batch_output_hash
        FROM em_prediction_display d
        LEFT JOIN em_prediction_run r ON r",
fresh-s2/D03-36-full-series-then-gate,45.234,1,1,"Query:executing:SELECT d.*, r.result_hash AS run_result_hash, b.output_hash AS batch_output_hash
        FROM em_prediction_display d
        LEFT JOIN em_prediction_run r ON r",
fresh-s2/D03-36-full-series-then-gate,46.255,1,1,"Query:executing:SELECT d.*, r.result_hash AS run_result_hash, b.output_hash AS batch_output_hash
        FROM em_prediction_display d
        LEFT JOIN em_prediction_run r ON r",
fresh-s2/D03-36-full-series-then-gate,47.273,1,1,"Query:executing:SELECT d.*, r.result_hash AS run_result_hash, b.output_hash AS batch_output_hash
        FROM em_prediction_display d
        LEFT JOIN em_prediction_run r ON r",
fresh-s2/D03-36-full-series-then-gate,48.294,1,1,"Query:executing:SELECT d.*, r.result_hash AS run_result_hash, b.output_hash AS batch_output_hash
        FROM em_prediction_display d
        LEFT JOIN em_prediction_run r ON r",
fresh-s2/D03-36-full-series-then-gate,49.317,1,1,"Query:executing:SELECT d.*, r.result_hash AS run_result_hash, b.output_hash AS batch_output_hash
        FROM em_prediction_display d
        LEFT JOIN em_prediction_run r ON r",
fresh-s2/D03-36-full-series-then-gate,50.339,1,1,"Query:executing:SELECT d.*, r.result_hash AS run_result_hash, b.output_hash AS batch_output_hash
        FROM em_prediction_display d
        LEFT JOIN em_prediction_run r ON r",
fresh-s2/D03-36-full-series-then-gate,51.352,1,1,"Query:executing:SELECT d.*, r.result_hash AS run_result_hash, b.output_hash AS batch_output_hash
        FROM em_prediction_display d
        LEFT JOIN em_prediction_run r ON r",
fresh-s2/D03-36-full-series-then-gate,52.359,1,1,"Query:executing:SELECT d.*, r.result_hash AS run_result_hash, b.output_hash AS batch_output_hash
        FROM em_prediction_display d
        LEFT JOIN em_prediction_run r ON r",
fresh-s2/D03-36-full-series-then-gate,53.38,1,1,"Query:executing:SELECT d.*, r.result_hash AS run_result_hash, b.output_hash AS batch_output_hash
        FROM em_prediction_display d
        LEFT JOIN em_prediction_run r ON r",
fresh-s2/D03-36-full-series-then-gate,54.401,1,1,"Query:executing:SELECT d.*, r.result_hash AS run_result_hash, b.output_hash AS batch_output_hash
        FROM em_prediction_display d
        LEFT JOIN em_prediction_run r ON r",
fresh-s2/D03-36-full-series-then-gate,55.421,1,1,"Query:executing:SELECT d.*, r.result_hash AS run_result_hash, b.output_hash AS batch_output_hash
        FROM em_prediction_display d
        LEFT JOIN em_prediction_run r ON r",
fresh-s2/D03-36-full-series-then-gate,56.444,1,1,"Query:executing:SELECT d.*, r.result_hash AS run_result_hash, b.output_hash AS batch_output_hash
        FROM em_prediction_display d
        LEFT JOIN em_prediction_run r ON r",
fresh-s2/D03-36-full-series-then-gate,57.455,1,1,"Query:executing:SELECT d.*, r.result_hash AS run_result_hash, b.output_hash AS batch_output_hash
        FROM em_prediction_display d
        LEFT JOIN em_prediction_run r ON r",
fresh-s2/D03-36-full-series-then-gate,58.468,1,1,"Query:executing:SELECT d.*, r.result_hash AS run_result_hash, b.output_hash AS batch_output_hash
        FROM em_prediction_display d
        LEFT JOIN em_prediction_run r ON r",
fresh-s2/D03-36-full-series-then-gate,59.487,1,1,"Query:executing:SELECT d.*, r.result_hash AS run_result_hash, b.output_hash AS batch_output_hash
        FROM em_prediction_display d
        LEFT JOIN em_prediction_run r ON r",
fresh-s2/D03-36-full-series-then-gate,60.504,1,1,"Query:executing:SELECT d.*, r.result_hash AS run_result_hash, b.output_hash AS batch_output_hash
        FROM em_prediction_display d
        LEFT JOIN em_prediction_run r ON r",
fresh-s2/D03-36-full-series-then-gate,62.583,1,1,"Query:executing:SELECT d.*, r.result_hash AS run_result_hash, b.output_hash AS batch_output_hash
        FROM em_prediction_display d
        LEFT JOIN em_prediction_run r ON r",
fresh-s2/D03-36-full-series-then-gate,63.602,1,1,"Query:executing:SELECT d.*, r.result_hash AS run_result_hash, b.output_hash AS batch_output_hash
        FROM em_prediction_display d
        LEFT JOIN em_prediction_run r ON r",
fresh-s2/D03-36-full-series-then-gate,64.624,1,1,"Query:executing:SELECT d.*, r.result_hash AS run_result_hash, b.output_hash AS batch_output_hash
        FROM em_prediction_display d
        LEFT JOIN em_prediction_run r ON r",
fresh-s2/D03-36-full-series-then-gate,65.647,1,1,"Query:executing:SELECT d.*, r.result_hash AS run_result_hash, b.output_hash AS batch_output_hash
        FROM em_prediction_display d
        LEFT JOIN em_prediction_run r ON r",
fresh-s2/D03-36-full-series-then-gate,66.668,1,1,"Query:executing:SELECT d.*, r.result_hash AS run_result_hash, b.output_hash AS batch_output_hash
        FROM em_prediction_display d
        LEFT JOIN em_prediction_run r ON r",
fresh-s2/D03-36-full-series-then-gate,67.689,1,1,"Query:executing:SELECT d.*, r.result_hash AS run_result_hash, b.output_hash AS batch_output_hash
        FROM em_prediction_display d
        LEFT JOIN em_prediction_run r ON r",
fresh-s2/D03-36-full-series-then-gate,68.711,1,1,"Query:executing:SELECT d.*, r.result_hash AS run_result_hash, b.output_hash AS batch_output_hash
        FROM em_prediction_display d
        LEFT JOIN em_prediction_run r ON r",
fresh-s2/D03-36-full-series-then-gate,69.731,1,1,"Query:executing:SELECT d.*, r.result_hash AS run_result_hash, b.output_hash AS batch_output_hash
        FROM em_prediction_display d
        LEFT JOIN em_prediction_run r ON r",
fresh-s2/D03-36-full-series-then-gate,70.754,1,1,"Query:executing:SELECT d.*, r.result_hash AS run_result_hash, b.output_hash AS batch_output_hash
        FROM em_prediction_display d
        LEFT JOIN em_prediction_run r ON r",
fresh-s2/D03-36-full-series-then-gate,71.761,1,1,"Query:executing:SELECT d.*, r.result_hash AS run_result_hash, b.output_hash AS batch_output_hash
        FROM em_prediction_display d
        LEFT JOIN em_prediction_run r ON r",
fresh-s2/D03-36-full-series-then-gate,72.773,1,1,"Query:executing:SELECT d.*, r.result_hash AS run_result_hash, b.output_hash AS batch_output_hash
        FROM em_prediction_display d
        LEFT JOIN em_prediction_run r ON r",
fresh-s2/D03-36-full-series-then-gate,73.788,1,1,"Query:executing:SELECT d.*, r.result_hash AS run_result_hash, b.output_hash AS batch_output_hash
        FROM em_prediction_display d
        LEFT JOIN em_prediction_run r ON r",
fresh-s2/D03-36-full-series-then-gate,74.812,1,1,"Query:executing:SELECT d.*, r.result_hash AS run_result_hash, b.output_hash AS batch_output_hash
        FROM em_prediction_display d
        LEFT JOIN em_prediction_run r ON r",
fresh-s2/D03-36-full-series-then-gate,75.832,1,1,"Query:executing:SELECT d.*, r.result_hash AS run_result_hash, b.output_hash AS batch_output_hash
        FROM em_prediction_display d
        LEFT JOIN em_prediction_run r ON r",
fresh-s2/D03-36-full-series-then-gate,76.855,1,1,"Query:executing:SELECT d.*, r.result_hash AS run_result_hash, b.output_hash AS batch_output_hash
        FROM em_prediction_display d
        LEFT JOIN em_prediction_run r ON r",
fresh-s2/D03-36-full-series-then-gate,77.866,1,1,"Query:executing:SELECT d.*, r.result_hash AS run_result_hash, b.output_hash AS batch_output_hash
        FROM em_prediction_display d
        LEFT JOIN em_prediction_run r ON r",
fresh-s2/D03-36-full-series-then-gate,78.886,1,1,"Query:executing:SELECT d.*, r.result_hash AS run_result_hash, b.output_hash AS batch_output_hash
        FROM em_prediction_display d
        LEFT JOIN em_prediction_run r ON r",
fresh-s2/D03-36-full-series-then-gate,79.898,1,1,"Query:executing:SELECT d.*, r.result_hash AS run_result_hash, b.output_hash AS batch_output_hash
        FROM em_prediction_display d
        LEFT JOIN em_prediction_run r ON r",
fresh-s2/D03-36-full-series-then-gate,80.908,1,1,"Query:executing:SELECT d.*, r.result_hash AS run_result_hash, b.output_hash AS batch_output_hash
        FROM em_prediction_display d
        LEFT JOIN em_prediction_run r ON r",
fresh-s2/D03-36-full-series-then-gate,81.931,1,1,"Query:executing:SELECT d.*, r.result_hash AS run_result_hash, b.output_hash AS batch_output_hash
        FROM em_prediction_display d
        LEFT JOIN em_prediction_run r ON r",
fresh-s2/D03-36-full-series-then-gate,82.94,1,1,"Query:executing:SELECT d.*, r.result_hash AS run_result_hash, b.output_hash AS batch_output_hash
        FROM em_prediction_display d
        LEFT JOIN em_prediction_run r ON r",
fresh-s2/D03-36-full-series-then-gate,83.956,1,1,"Query:executing:SELECT d.*, r.result_hash AS run_result_hash, b.output_hash AS batch_output_hash
        FROM em_prediction_display d
        LEFT JOIN em_prediction_run r ON r",
fresh-s2/D03-36-full-series-then-gate,84.976,1,1,"Query:executing:SELECT d.*, r.result_hash AS run_result_hash, b.output_hash AS batch_output_hash
        FROM em_prediction_display d
        LEFT JOIN em_prediction_run r ON r",
fresh-s2/D03-36-full-series-then-gate,85.997,1,1,"Query:executing:SELECT d.*, r.result_hash AS run_result_hash, b.output_hash AS batch_output_hash
        FROM em_prediction_display d
        LEFT JOIN em_prediction_run r ON r",
fresh-s2/D03-36-full-series-then-gate,87.013,1,1,"Query:executing:SELECT d.*, r.result_hash AS run_result_hash, b.output_hash AS batch_output_hash
        FROM em_prediction_display d
        LEFT JOIN em_prediction_run r ON r",
fresh-s2/D03-36-full-series-then-gate,88.03,1,1,"Query:executing:SELECT d.*, r.result_hash AS run_result_hash, b.output_hash AS batch_output_hash
        FROM em_prediction_display d
        LEFT JOIN em_prediction_run r ON r",
fresh-s2/D03-36-full-series-then-gate,89.051,1,1,"Query:executing:SELECT d.*, r.result_hash AS run_result_hash, b.output_hash AS batch_output_hash
        FROM em_prediction_display d
        LEFT JOIN em_prediction_run r ON r",
fresh-s2/D03-36-full-series-then-gate,90.07,1,1,"Query:executing:SELECT d.*, r.result_hash AS run_result_hash, b.output_hash AS batch_output_hash
        FROM em_prediction_display d
        LEFT JOIN em_prediction_run r ON r",
fresh-s2/D03-36-full-series-then-gate,91.082,1,1,"Query:executing:SELECT d.*, r.result_hash AS run_result_hash, b.output_hash AS batch_output_hash
        FROM em_prediction_display d
        LEFT JOIN em_prediction_run r ON r",
fresh-s2/D03-36-full-series-then-gate,92.097,1,1,"Query:executing:SELECT d.*, r.result_hash AS run_result_hash, b.output_hash AS batch_output_hash
        FROM em_prediction_display d
        LEFT JOIN em_prediction_run r ON r",
fresh-s2/D03-36-full-series-then-gate,93.107,1,1,"Query:executing:SELECT d.*, r.result_hash AS run_result_hash, b.output_hash AS batch_output_hash
        FROM em_prediction_display d
        LEFT JOIN em_prediction_run r ON r",
fresh-s2/D03-36-full-series-then-gate,94.126,1,1,"Query:executing:SELECT d.*, r.result_hash AS run_result_hash, b.output_hash AS batch_output_hash
        FROM em_prediction_display d
        LEFT JOIN em_prediction_run r ON r",
fresh-s2/D03-36-full-series-then-gate,95.148,1,1,"Query:executing:SELECT d.*, r.result_hash AS run_result_hash, b.output_hash AS batch_output_hash
        FROM em_prediction_display d
        LEFT JOIN em_prediction_run r ON r",
fresh-s2/D03-36-full-series-then-gate,96.16,1,1,"Query:executing:SELECT d.*, r.result_hash AS run_result_hash, b.output_hash AS batch_output_hash
        FROM em_prediction_display d
        LEFT JOIN em_prediction_run r ON r",
fresh-s2/D03-36-full-series-then-gate,97.181,1,1,"Query:executing:SELECT d.*, r.result_hash AS run_result_hash, b.output_hash AS batch_output_hash
        FROM em_prediction_display d
        LEFT JOIN em_prediction_run r ON r",
fresh-s2/D03-36-full-series-then-gate,98.19,1,1,"Query:executing:SELECT d.*, r.result_hash AS run_result_hash, b.output_hash AS batch_output_hash
        FROM em_prediction_display d
        LEFT JOIN em_prediction_run r ON r",
fresh-s2/D03-36-full-series-then-gate,99.198,1,1,"Query:executing:SELECT d.*, r.result_hash AS run_result_hash, b.output_hash AS batch_output_hash
        FROM em_prediction_display d
        LEFT JOIN em_prediction_run r ON r",
fresh-s2/D03-36-full-series-then-gate,100.21,1,1,"Query:executing:SELECT d.*, r.result_hash AS run_result_hash, b.output_hash AS batch_output_hash
        FROM em_prediction_display d
        LEFT JOIN em_prediction_run r ON r",
fresh-s2/D03-36-full-series-then-gate,101.23,1,1,"Query:executing:SELECT d.*, r.result_hash AS run_result_hash, b.output_hash AS batch_output_hash
        FROM em_prediction_display d
        LEFT JOIN em_prediction_run r ON r",
fresh-s2/D03-36-full-series-then-gate,102.238,1,1,"Query:executing:SELECT d.*, r.result_hash AS run_result_hash, b.output_hash AS batch_output_hash
        FROM em_prediction_display d
        LEFT JOIN em_prediction_run r ON r",
fresh-s2/D03-36-full-series-then-gate,103.245,1,1,"Query:executing:SELECT d.*, r.result_hash AS run_result_hash, b.output_hash AS batch_output_hash
        FROM em_prediction_display d
        LEFT JOIN em_prediction_run r ON r",
fresh-s2/D03-36-full-series-then-gate,104.252,1,1,"Query:executing:SELECT d.*, r.result_hash AS run_result_hash, b.output_hash AS batch_output_hash
        FROM em_prediction_display d
        LEFT JOIN em_prediction_run r ON r",
fresh-s2/D03-36-full-series-then-gate,105.264,1,1,"Query:executing:SELECT d.*, r.result_hash AS run_result_hash, b.output_hash AS batch_output_hash
        FROM em_prediction_display d
        LEFT JOIN em_prediction_run r ON r",
fresh-s2/D03-36-full-series-then-gate,106.273,1,1,"Query:executing:SELECT d.*, r.result_hash AS run_result_hash, b.output_hash AS batch_output_hash
        FROM em_prediction_display d
        LEFT JOIN em_prediction_run r ON r",
fresh-s2/D03-36-full-series-then-gate,107.284,1,1,"Query:executing:SELECT d.*, r.result_hash AS run_result_hash, b.output_hash AS batch_output_hash
        FROM em_prediction_display d
        LEFT JOIN em_prediction_run r ON r",
fresh-s2/D03-36-full-series-then-gate,108.293,1,1,"Query:executing:SELECT d.*, r.result_hash AS run_result_hash, b.output_hash AS batch_output_hash
        FROM em_prediction_display d
        LEFT JOIN em_prediction_run r ON r",
fresh-s2/D03-36-full-series-then-gate,109.304,1,1,"Query:executing:SELECT d.*, r.result_hash AS run_result_hash, b.output_hash AS batch_output_hash
        FROM em_prediction_display d
        LEFT JOIN em_prediction_run r ON r",
fresh-s2/D03-36-full-series-then-gate,110.327,1,1,"Query:executing:SELECT d.*, r.result_hash AS run_result_hash, b.output_hash AS batch_output_hash
        FROM em_prediction_display d
        LEFT JOIN em_prediction_run r ON r",
fresh-s2/D03-36-full-series-then-gate,111.342,1,1,"Query:executing:SELECT d.*, r.result_hash AS run_result_hash, b.output_hash AS batch_output_hash
        FROM em_prediction_display d
        LEFT JOIN em_prediction_run r ON r",
fresh-s2/D03-36-full-series-then-gate,112.352,1,1,"Query:executing:SELECT d.*, r.result_hash AS run_result_hash, b.output_hash AS batch_output_hash
        FROM em_prediction_display d
        LEFT JOIN em_prediction_run r ON r",
fresh-s2/D03-36-full-series-then-gate,113.365,1,1,"Query:executing:SELECT d.*, r.result_hash AS run_result_hash, b.output_hash AS batch_output_hash
        FROM em_prediction_display d
        LEFT JOIN em_prediction_run r ON r",
fresh-s2/D03-36-full-series-then-gate,114.378,1,1,"Query:executing:SELECT d.*, r.result_hash AS run_result_hash, b.output_hash AS batch_output_hash
        FROM em_prediction_display d
        LEFT JOIN em_prediction_run r ON r",
fresh-s2/D03-36-full-series-then-gate,115.388,1,1,"Query:executing:SELECT d.*, r.result_hash AS run_result_hash, b.output_hash AS batch_output_hash
        FROM em_prediction_display d
        LEFT JOIN em_prediction_run r ON r",
fresh-s2/D03-36-full-series-then-gate,116.4,1,1,"Query:executing:SELECT d.*, r.result_hash AS run_result_hash, b.output_hash AS batch_output_hash
        FROM em_prediction_display d
        LEFT JOIN em_prediction_run r ON r",
fresh-s2/D03-36-full-series-then-gate,117.411,1,1,"Query:executing:SELECT d.*, r.result_hash AS run_result_hash, b.output_hash AS batch_output_hash
        FROM em_prediction_display d
        LEFT JOIN em_prediction_run r ON r",
fresh-s2/D03-36-full-series-then-gate,118.423,1,1,"Query:executing:SELECT d.*, r.result_hash AS run_result_hash, b.output_hash AS batch_output_hash
        FROM em_prediction_display d
        LEFT JOIN em_prediction_run r ON r",
fresh-s2/D03-36-full-series-then-gate,119.437,1,1,"Query:executing:SELECT d.*, r.result_hash AS run_result_hash, b.output_hash AS batch_output_hash
        FROM em_prediction_display d
        LEFT JOIN em_prediction_run r ON r",
fresh-s2/D03-36-full-series-then-gate,120.454,1,1,"Query:executing:SELECT d.*, r.result_hash AS run_result_hash, b.output_hash AS batch_output_hash
        FROM em_prediction_display d
        LEFT JOIN em_prediction_run r ON r",
fresh-s2/D03-36-full-series-then-gate,122.61,1,1,"Query:executing:SELECT d.*, r.result_hash AS run_result_hash, b.output_hash AS batch_output_hash
        FROM em_prediction_display d
        LEFT JOIN em_prediction_run r ON r",
fresh-s2/D03-36-full-series-then-gate,123.622,1,1,"Query:executing:SELECT d.*, r.result_hash AS run_result_hash, b.output_hash AS batch_output_hash
        FROM em_prediction_display d
        LEFT JOIN em_prediction_run r ON r",
fresh-s2/D03-36-full-series-then-gate,124.628,1,1,"Query:executing:SELECT d.*, r.result_hash AS run_result_hash, b.output_hash AS batch_output_hash
        FROM em_prediction_display d
        LEFT JOIN em_prediction_run r ON r",
fresh-s2/D03-36-full-series-then-gate,125.639,1,1,"Query:executing:SELECT d.*, r.result_hash AS run_result_hash, b.output_hash AS batch_output_hash
        FROM em_prediction_display d
        LEFT JOIN em_prediction_run r ON r",
fresh-s2/D03-36-full-series-then-gate,126.656,1,1,"Query:executing:SELECT d.*, r.result_hash AS run_result_hash, b.output_hash AS batch_output_hash
        FROM em_prediction_display d
        LEFT JOIN em_prediction_run r ON r",
fresh-s2/D03-36-full-series-then-gate,127.668,1,1,"Query:executing:SELECT d.*, r.result_hash AS run_result_hash, b.output_hash AS batch_output_hash
        FROM em_prediction_display d
        LEFT JOIN em_prediction_run r ON r",
fresh-s2/D03-36-full-series-then-gate,128.681,1,1,"Query:executing:SELECT d.*, r.result_hash AS run_result_hash, b.output_hash AS batch_output_hash
        FROM em_prediction_display d
        LEFT JOIN em_prediction_run r ON r",
fresh-s2/D03-36-full-series-then-gate,129.692,1,1,"Query:executing:SELECT d.*, r.result_hash AS run_result_hash, b.output_hash AS batch_output_hash
        FROM em_prediction_display d
        LEFT JOIN em_prediction_run r ON r",
fresh-s2/D03-36-full-series-then-gate,130.7,1,1,"Query:executing:SELECT d.*, r.result_hash AS run_result_hash, b.output_hash AS batch_output_hash
        FROM em_prediction_display d
        LEFT JOIN em_prediction_run r ON r",
fresh-s2/D03-36-full-series-then-gate,131.712,1,1,"Query:executing:SELECT d.*, r.result_hash AS run_result_hash, b.output_hash AS batch_output_hash
        FROM em_prediction_display d
        LEFT JOIN em_prediction_run r ON r",
fresh-s2/D03-36-full-series-then-gate,132.726,1,1,"Query:executing:SELECT d.*, r.result_hash AS run_result_hash, b.output_hash AS batch_output_hash
        FROM em_prediction_display d
        LEFT JOIN em_prediction_run r ON r",
fresh-s2/D03-36-full-series-then-gate,133.735,1,1,"Query:executing:SELECT d.*, r.result_hash AS run_result_hash, b.output_hash AS batch_output_hash
        FROM em_prediction_display d
        LEFT JOIN em_prediction_run r ON r",
fresh-s2/D03-36-full-series-then-gate,134.757,1,1,"Query:executing:SELECT d.*, r.result_hash AS run_result_hash, b.output_hash AS batch_output_hash
        FROM em_prediction_display d
        LEFT JOIN em_prediction_run r ON r",
fresh-s2/D03-36-full-series-then-gate,135.77,1,1,"Query:executing:SELECT d.*, r.result_hash AS run_result_hash, b.output_hash AS batch_output_hash
        FROM em_prediction_display d
        LEFT JOIN em_prediction_run r ON r",
fresh-s2/D03-36-full-series-then-gate,136.794,1,1,"Query:executing:SELECT d.*, r.result_hash AS run_result_hash, b.output_hash AS batch_output_hash
        FROM em_prediction_display d
        LEFT JOIN em_prediction_run r ON r",
fresh-s2/D03-36-full-series-then-gate,137.813,1,1,"Query:executing:SELECT d.*, r.result_hash AS run_result_hash, b.output_hash AS batch_output_hash
        FROM em_prediction_display d
        LEFT JOIN em_prediction_run r ON r",
fresh-s2/D03-36-full-series-then-gate,138.833,1,1,"Query:executing:SELECT d.*, r.result_hash AS run_result_hash, b.output_hash AS batch_output_hash
        FROM em_prediction_display d
        LEFT JOIN em_prediction_run r ON r",
fresh-s2/D03-36-full-series-then-gate,139.847,1,1,"Query:executing:SELECT d.*, r.result_hash AS run_result_hash, b.output_hash AS batch_output_hash
        FROM em_prediction_display d
        LEFT JOIN em_prediction_run r ON r",
fresh-s2/D03-36-full-series-then-gate,140.858,1,1,"Query:executing:SELECT d.*, r.result_hash AS run_result_hash, b.output_hash AS batch_output_hash
        FROM em_prediction_display d
        LEFT JOIN em_prediction_run r ON r",
fresh-s2/D03-36-full-series-then-gate,141.871,1,1,"Query:executing:SELECT d.*, r.result_hash AS run_result_hash, b.output_hash AS batch_output_hash
        FROM em_prediction_display d
        LEFT JOIN em_prediction_run r ON r",
fresh-s2/D03-36-full-series-then-gate,142.883,1,1,"Query:executing:SELECT d.*, r.result_hash AS run_result_hash, b.output_hash AS batch_output_hash
        FROM em_prediction_display d
        LEFT JOIN em_prediction_run r ON r",
fresh-s2/D03-36-full-series-then-gate,143.897,1,1,"Query:executing:SELECT d.*, r.result_hash AS run_result_hash, b.output_hash AS batch_output_hash
        FROM em_prediction_display d
        LEFT JOIN em_prediction_run r ON r",
fresh-s2/D03-36-full-series-then-gate,144.912,1,1,"Query:executing:SELECT d.*, r.result_hash AS run_result_hash, b.output_hash AS batch_output_hash
        FROM em_prediction_display d
        LEFT JOIN em_prediction_run r ON r",
fresh-s2/D03-36-full-series-then-gate,145.931,1,1,"Query:executing:SELECT d.*, r.result_hash AS run_result_hash, b.output_hash AS batch_output_hash
        FROM em_prediction_display d
        LEFT JOIN em_prediction_run r ON r",
fresh-s2/D03-36-full-series-then-gate,146.942,1,1,"Query:executing:SELECT d.*, r.result_hash AS run_result_hash, b.output_hash AS batch_output_hash
        FROM em_prediction_display d
        LEFT JOIN em_prediction_run r ON r",
fresh-s2/D03-36-full-series-then-gate,147.956,1,1,"Query:executing:SELECT d.*, r.result_hash AS run_result_hash, b.output_hash AS batch_output_hash
        FROM em_prediction_display d
        LEFT JOIN em_prediction_run r ON r",
fresh-s2/D03-36-full-series-then-gate,148.969,1,1,"Query:executing:SELECT d.*, r.result_hash AS run_result_hash, b.output_hash AS batch_output_hash
        FROM em_prediction_display d
        LEFT JOIN em_prediction_run r ON r",
fresh-s2/D03-36-full-series-then-gate,149.978,1,1,"Query:executing:SELECT d.*, r.result_hash AS run_result_hash, b.output_hash AS batch_output_hash
        FROM em_prediction_display d
        LEFT JOIN em_prediction_run r ON r",
fresh-s2/D03-36-full-series-then-gate,150.99,1,1,"Query:executing:SELECT d.*, r.result_hash AS run_result_hash, b.output_hash AS batch_output_hash
        FROM em_prediction_display d
        LEFT JOIN em_prediction_run r ON r",
fresh-s2/D03-36-full-series-then-gate,152.006,1,1,"Query:executing:SELECT d.*, r.result_hash AS run_result_hash, b.output_hash AS batch_output_hash
        FROM em_prediction_display d
        LEFT JOIN em_prediction_run r ON r",
fresh-s2/D03-36-full-series-then-gate,153.019,1,1,"Query:executing:SELECT d.*, r.result_hash AS run_result_hash, b.output_hash AS batch_output_hash
        FROM em_prediction_display d
        LEFT JOIN em_prediction_run r ON r",
fresh-s2/D03-36-full-series-then-gate,154.037,1,1,"Query:executing:SELECT d.*, r.result_hash AS run_result_hash, b.output_hash AS batch_output_hash
        FROM em_prediction_display d
        LEFT JOIN em_prediction_run r ON r",
fresh-s2/D03-36-full-series-then-gate,155.053,1,1,"Query:executing:SELECT d.*, r.result_hash AS run_result_hash, b.output_hash AS batch_output_hash
        FROM em_prediction_display d
        LEFT JOIN em_prediction_run r ON r",
fresh-s2/D03-36-full-series-then-gate,156.063,1,1,"Query:executing:SELECT d.*, r.result_hash AS run_result_hash, b.output_hash AS batch_output_hash
        FROM em_prediction_display d
        LEFT JOIN em_prediction_run r ON r",
fresh-s2/D03-36-full-series-then-gate,157.077,1,1,"Query:executing:SELECT d.*, r.result_hash AS run_result_hash, b.output_hash AS batch_output_hash
        FROM em_prediction_display d
        LEFT JOIN em_prediction_run r ON r",
fresh-s2/D03-36-full-series-then-gate,158.101,1,1,"Query:executing:SELECT d.*, r.result_hash AS run_result_hash, b.output_hash AS batch_output_hash
        FROM em_prediction_display d
        LEFT JOIN em_prediction_run r ON r",
fresh-s2/D03-36-full-series-then-gate,159.114,1,1,"Query:executing:SELECT d.*, r.result_hash AS run_result_hash, b.output_hash AS batch_output_hash
        FROM em_prediction_display d
        LEFT JOIN em_prediction_run r ON r",
fresh-s2/D03-36-full-series-then-gate,160.122,1,1,"Query:executing:SELECT d.*, r.result_hash AS run_result_hash, b.output_hash AS batch_output_hash
        FROM em_prediction_display d
        LEFT JOIN em_prediction_run r ON r",
fresh-s2/D03-36-full-series-then-gate,161.143,1,1,"Query:executing:SELECT d.*, r.result_hash AS run_result_hash, b.output_hash AS batch_output_hash
        FROM em_prediction_display d
        LEFT JOIN em_prediction_run r ON r",
fresh-s2/D03-36-full-series-then-gate,162.162,1,1,"Query:executing:SELECT d.*, r.result_hash AS run_result_hash, b.output_hash AS batch_output_hash
        FROM em_prediction_display d
        LEFT JOIN em_prediction_run r ON r",
fresh-s2/D03-36-full-series-then-gate,163.175,1,1,"Query:executing:SELECT d.*, r.result_hash AS run_result_hash, b.output_hash AS batch_output_hash
        FROM em_prediction_display d
        LEFT JOIN em_prediction_run r ON r",
fresh-s2/D03-36-full-series-then-gate,164.196,1,1,"Query:executing:SELECT d.*, r.result_hash AS run_result_hash, b.output_hash AS batch_output_hash
        FROM em_prediction_display d
        LEFT JOIN em_prediction_run r ON r",
fresh-s2/D03-36-full-series-then-gate,165.207,1,1,"Query:executing:SELECT d.*, r.result_hash AS run_result_hash, b.output_hash AS batch_output_hash
        FROM em_prediction_display d
        LEFT JOIN em_prediction_run r ON r",
fresh-s2/D03-36-full-series-then-gate,166.225,1,1,"Query:executing:SELECT d.*, r.result_hash AS run_result_hash, b.output_hash AS batch_output_hash
        FROM em_prediction_display d
        LEFT JOIN em_prediction_run r ON r",
fresh-s2/D03-36-full-series-then-gate,167.236,1,1,"Query:executing:SELECT d.*, r.result_hash AS run_result_hash, b.output_hash AS batch_output_hash
        FROM em_prediction_display d
        LEFT JOIN em_prediction_run r ON r",
fresh-s2/D03-36-full-series-then-gate,168.259,1,1,"Query:executing:SELECT d.*, r.result_hash AS run_result_hash, b.output_hash AS batch_output_hash
        FROM em_prediction_display d
        LEFT JOIN em_prediction_run r ON r",
fresh-s2/D03-36-full-series-then-gate,169.28,1,1,"Query:executing:SELECT d.*, r.result_hash AS run_result_hash, b.output_hash AS batch_output_hash
        FROM em_prediction_display d
        LEFT JOIN em_prediction_run r ON r",
fresh-s2/D03-36-full-series-then-gate,170.293,1,1,"Query:executing:SELECT d.*, r.result_hash AS run_result_hash, b.output_hash AS batch_output_hash
        FROM em_prediction_display d
        LEFT JOIN em_prediction_run r ON r",
fresh-s2/D03-36-full-series-then-gate,171.301,1,1,"Query:executing:SELECT d.*, r.result_hash AS run_result_hash, b.output_hash AS batch_output_hash
        FROM em_prediction_display d
        LEFT JOIN em_prediction_run r ON r",
fresh-s2/D03-36-full-series-then-gate,172.316,1,1,"Query:executing:SELECT d.*, r.result_hash AS run_result_hash, b.output_hash AS batch_output_hash
        FROM em_prediction_display d
        LEFT JOIN em_prediction_run r ON r",
fresh-s2/D03-36-full-series-then-gate,173.334,1,1,"Query:executing:SELECT d.*, r.result_hash AS run_result_hash, b.output_hash AS batch_output_hash
        FROM em_prediction_display d
        LEFT JOIN em_prediction_run r ON r",
fresh-s2/D03-36-full-series-then-gate,174.347,1,1,"Query:executing:SELECT d.*, r.result_hash AS run_result_hash, b.output_hash AS batch_output_hash
        FROM em_prediction_display d
        LEFT JOIN em_prediction_run r ON r",
fresh-s2/D03-36-full-series-then-gate,175.36,1,1,"Query:executing:SELECT d.*, r.result_hash AS run_result_hash, b.output_hash AS batch_output_hash
        FROM em_prediction_display d
        LEFT JOIN em_prediction_run r ON r",
fresh-s2/D03-36-full-series-then-gate,176.369,1,1,"Query:executing:SELECT d.*, r.result_hash AS run_result_hash, b.output_hash AS batch_output_hash
        FROM em_prediction_display d
        LEFT JOIN em_prediction_run r ON r",
fresh-s2/D03-36-full-series-then-gate,177.38,1,1,"Query:executing:SELECT d.*, r.result_hash AS run_result_hash, b.output_hash AS batch_output_hash
        FROM em_prediction_display d
        LEFT JOIN em_prediction_run r ON r",
fresh-s2/D03-36-full-series-then-gate,178.392,1,1,"Query:executing:SELECT d.*, r.result_hash AS run_result_hash, b.output_hash AS batch_output_hash
        FROM em_prediction_display d
        LEFT JOIN em_prediction_run r ON r",
fresh-s2/D03-36-full-series-then-gate,179.404,1,1,"Query:executing:SELECT d.*, r.result_hash AS run_result_hash, b.output_hash AS batch_output_hash
        FROM em_prediction_display d
        LEFT JOIN em_prediction_run r ON r",
fresh-s2/D04-36-single-and-36-full-then-gate,0.001,1,0,Sleep::,
fresh-s2/D04-36-single-and-36-full-then-gate,1.026,1,1,"Query:executing:SELECT d.*, r.result_hash AS run_result_hash, b.output_hash AS batch_output_hash
        FROM em_prediction_display d
        LEFT JOIN em_prediction_run r ON r",
fresh-s2/D04-36-single-and-36-full-then-gate,2.035,1,1,"Query:executing:SELECT d.*, r.result_hash AS run_result_hash, b.output_hash AS batch_output_hash
        FROM em_prediction_display d
        LEFT JOIN em_prediction_run r ON r",
fresh-s2/D04-36-single-and-36-full-then-gate,3.056,1,1,"Query:executing:SELECT d.*, r.result_hash AS run_result_hash, b.output_hash AS batch_output_hash
        FROM em_prediction_display d
        LEFT JOIN em_prediction_run r ON r",
fresh-s2/D04-36-single-and-36-full-then-gate,4.081,1,1,"Query:executing:SELECT d.*, r.result_hash AS run_result_hash, b.output_hash AS batch_output_hash
        FROM em_prediction_display d
        LEFT JOIN em_prediction_run r ON r",
fresh-s2/D04-36-single-and-36-full-then-gate,5.091,1,1,"Query:executing:SELECT d.*, r.result_hash AS run_result_hash, b.output_hash AS batch_output_hash
        FROM em_prediction_display d
        LEFT JOIN em_prediction_run r ON r",
fresh-s2/D04-36-single-and-36-full-then-gate,7.223,1,1,"Query:executing:SELECT d.*, r.result_hash AS run_result_hash, b.output_hash AS batch_output_hash
        FROM em_prediction_display d
        LEFT JOIN em_prediction_run r ON r",
fresh-s2/D04-36-single-and-36-full-then-gate,8.233,1,1,"Query:executing:SELECT d.*, r.result_hash AS run_result_hash, b.output_hash AS batch_output_hash
        FROM em_prediction_display d
        LEFT JOIN em_prediction_run r ON r",
fresh-s2/D04-36-single-and-36-full-then-gate,9.255,1,1,"Query:executing:SELECT d.*, r.result_hash AS run_result_hash, b.output_hash AS batch_output_hash
        FROM em_prediction_display d
        LEFT JOIN em_prediction_run r ON r",
fresh-s2/D04-36-single-and-36-full-then-gate,10.269,1,1,"Query:executing:SELECT d.*, r.result_hash AS run_result_hash, b.output_hash AS batch_output_hash
        FROM em_prediction_display d
        LEFT JOIN em_prediction_run r ON r",
fresh-s2/D04-36-single-and-36-full-then-gate,11.279,1,1,"Query:executing:SELECT d.*, r.result_hash AS run_result_hash, b.output_hash AS batch_output_hash
        FROM em_prediction_display d
        LEFT JOIN em_prediction_run r ON r",
fresh-s2/D04-36-single-and-36-full-then-gate,12.295,1,1,"Query:executing:SELECT d.*, r.result_hash AS run_result_hash, b.output_hash AS batch_output_hash
        FROM em_prediction_display d
        LEFT JOIN em_prediction_run r ON r",
fresh-s2/D04-36-single-and-36-full-then-gate,13.309,1,1,"Query:executing:SELECT d.*, r.result_hash AS run_result_hash, b.output_hash AS batch_output_hash
        FROM em_prediction_display d
        LEFT JOIN em_prediction_run r ON r",
fresh-s2/D04-36-single-and-36-full-then-gate,14.323,1,1,"Query:executing:SELECT d.*, r.result_hash AS run_result_hash, b.output_hash AS batch_output_hash
        FROM em_prediction_display d
        LEFT JOIN em_prediction_run r ON r",
fresh-s2/D04-36-single-and-36-full-then-gate,15.336,1,1,"Query:executing:SELECT d.*, r.result_hash AS run_result_hash, b.output_hash AS batch_output_hash
        FROM em_prediction_display d
        LEFT JOIN em_prediction_run r ON r",
fresh-s2/D04-36-single-and-36-full-then-gate,17.222,1,1,"Query:executing:SELECT d.*, r.result_hash AS run_result_hash, b.output_hash AS batch_output_hash
        FROM em_prediction_display d
        LEFT JOIN em_prediction_run r ON r",
fresh-s2/D04-36-single-and-36-full-then-gate,18.229,1,1,"Query:executing:SELECT d.*, r.result_hash AS run_result_hash, b.output_hash AS batch_output_hash
        FROM em_prediction_display d
        LEFT JOIN em_prediction_run r ON r",
fresh-s2/D04-36-single-and-36-full-then-gate,19.242,1,1,"Query:executing:SELECT d.*, r.result_hash AS run_result_hash, b.output_hash AS batch_output_hash
        FROM em_prediction_display d
        LEFT JOIN em_prediction_run r ON r",
fresh-s2/D04-36-single-and-36-full-then-gate,20.263,1,1,"Query:executing:SELECT d.*, r.result_hash AS run_result_hash, b.output_hash AS batch_output_hash
        FROM em_prediction_display d
        LEFT JOIN em_prediction_run r ON r",
fresh-s2/D04-36-single-and-36-full-then-gate,21.275,1,1,"Query:executing:SELECT d.*, r.result_hash AS run_result_hash, b.output_hash AS batch_output_hash
        FROM em_prediction_display d
        LEFT JOIN em_prediction_run r ON r",
fresh-s2/D04-36-single-and-36-full-then-gate,22.297,1,1,"Query:executing:SELECT d.*, r.result_hash AS run_result_hash, b.output_hash AS batch_output_hash
        FROM em_prediction_display d
        LEFT JOIN em_prediction_run r ON r",
fresh-s2/D04-36-single-and-36-full-then-gate,23.318,1,1,"Query:executing:SELECT d.*, r.result_hash AS run_result_hash, b.output_hash AS batch_output_hash
        FROM em_prediction_display d
        LEFT JOIN em_prediction_run r ON r",
fresh-s2/D04-36-single-and-36-full-then-gate,24.329,1,1,"Query:executing:SELECT d.*, r.result_hash AS run_result_hash, b.output_hash AS batch_output_hash
        FROM em_prediction_display d
        LEFT JOIN em_prediction_run r ON r",
fresh-s2/D04-36-single-and-36-full-then-gate,25.353,1,1,"Query:executing:SELECT d.*, r.result_hash AS run_result_hash, b.output_hash AS batch_output_hash
        FROM em_prediction_display d
        LEFT JOIN em_prediction_run r ON r",
fresh-s2/D04-36-single-and-36-full-then-gate,26.379,1,1,"Query:executing:SELECT d.*, r.result_hash AS run_result_hash, b.output_hash AS batch_output_hash
        FROM em_prediction_display d
        LEFT JOIN em_prediction_run r ON r",
fresh-s2/D04-36-single-and-36-full-then-gate,27.386,1,1,"Query:executing:SELECT d.*, r.result_hash AS run_result_hash, b.output_hash AS batch_output_hash
        FROM em_prediction_display d
        LEFT JOIN em_prediction_run r ON r",
fresh-s2/D04-36-single-and-36-full-then-gate,28.394,1,1,"Query:executing:SELECT d.*, r.result_hash AS run_result_hash, b.output_hash AS batch_output_hash
        FROM em_prediction_display d
        LEFT JOIN em_prediction_run r ON r",
fresh-s2/D04-36-single-and-36-full-then-gate,29.409,1,1,"Query:executing:SELECT d.*, r.result_hash AS run_result_hash, b.output_hash AS batch_output_hash
        FROM em_prediction_display d
        LEFT JOIN em_prediction_run r ON r",
fresh-s2/D04-36-single-and-36-full-then-gate,30.422,1,1,"Query:executing:SELECT d.*, r.result_hash AS run_result_hash, b.output_hash AS batch_output_hash
        FROM em_prediction_display d
        LEFT JOIN em_prediction_run r ON r",
fresh-s2/D04-36-single-and-36-full-then-gate,32.433,1,1,"Query:executing:SELECT d.*, r.result_hash AS run_result_hash, b.output_hash AS batch_output_hash
        FROM em_prediction_display d
        LEFT JOIN em_prediction_run r ON r",
fresh-s2/D04-36-single-and-36-full-then-gate,33.443,1,1,"Query:executing:SELECT d.*, r.result_hash AS run_result_hash, b.output_hash AS batch_output_hash
        FROM em_prediction_display d
        LEFT JOIN em_prediction_run r ON r",
fresh-s2/D04-36-single-and-36-full-then-gate,34.467,1,1,"Query:executing:SELECT d.*, r.result_hash AS run_result_hash, b.output_hash AS batch_output_hash
        FROM em_prediction_display d
        LEFT JOIN em_prediction_run r ON r",
fresh-s2/D04-36-single-and-36-full-then-gate,35.478,1,1,"Query:executing:SELECT d.*, r.result_hash AS run_result_hash, b.output_hash AS batch_output_hash
        FROM em_prediction_display d
        LEFT JOIN em_prediction_run r ON r",
fresh-s2/D04-36-single-and-36-full-then-gate,36.501,1,1,"Query:executing:SELECT d.*, r.result_hash AS run_result_hash, b.output_hash AS batch_output_hash
        FROM em_prediction_display d
        LEFT JOIN em_prediction_run r ON r",
fresh-s2/D04-36-single-and-36-full-then-gate,37.524,1,1,"Query:executing:SELECT d.*, r.result_hash AS run_result_hash, b.output_hash AS batch_output_hash
        FROM em_prediction_display d
        LEFT JOIN em_prediction_run r ON r",
fresh-s2/D04-36-single-and-36-full-then-gate,38.539,1,1,"Query:executing:SELECT d.*, r.result_hash AS run_result_hash, b.output_hash AS batch_output_hash
        FROM em_prediction_display d
        LEFT JOIN em_prediction_run r ON r",
fresh-s2/D04-36-single-and-36-full-then-gate,39.552,1,1,"Query:executing:SELECT d.*, r.result_hash AS run_result_hash, b.output_hash AS batch_output_hash
        FROM em_prediction_display d
        LEFT JOIN em_prediction_run r ON r",
fresh-s2/D04-36-single-and-36-full-then-gate,40.561,1,1,"Query:executing:SELECT d.*, r.result_hash AS run_result_hash, b.output_hash AS batch_output_hash
        FROM em_prediction_display d
        LEFT JOIN em_prediction_run r ON r",
fresh-s2/D04-36-single-and-36-full-then-gate,41.568,1,1,"Query:executing:SELECT d.*, r.result_hash AS run_result_hash, b.output_hash AS batch_output_hash
        FROM em_prediction_display d
        LEFT JOIN em_prediction_run r ON r",
fresh-s2/D04-36-single-and-36-full-then-gate,42.587,1,1,"Query:executing:SELECT d.*, r.result_hash AS run_result_hash, b.output_hash AS batch_output_hash
        FROM em_prediction_display d
        LEFT JOIN em_prediction_run r ON r",
fresh-s2/D04-36-single-and-36-full-then-gate,43.61,1,1,"Query:executing:SELECT d.*, r.result_hash AS run_result_hash, b.output_hash AS batch_output_hash
        FROM em_prediction_display d
        LEFT JOIN em_prediction_run r ON r",
fresh-s2/D04-36-single-and-36-full-then-gate,44.625,1,1,"Query:executing:SELECT d.*, r.result_hash AS run_result_hash, b.output_hash AS batch_output_hash
        FROM em_prediction_display d
        LEFT JOIN em_prediction_run r ON r",
fresh-s2/D04-36-single-and-36-full-then-gate,45.635,1,1,"Query:executing:SELECT d.*, r.result_hash AS run_result_hash, b.output_hash AS batch_output_hash
        FROM em_prediction_display d
        LEFT JOIN em_prediction_run r ON r",
fresh-s2/D04-36-single-and-36-full-then-gate,46.648,1,1,"Query:executing:SELECT d.*, r.result_hash AS run_result_hash, b.output_hash AS batch_output_hash
        FROM em_prediction_display d
        LEFT JOIN em_prediction_run r ON r",
fresh-s2/D04-36-single-and-36-full-then-gate,47.665,1,1,"Query:executing:SELECT d.*, r.result_hash AS run_result_hash, b.output_hash AS batch_output_hash
        FROM em_prediction_display d
        LEFT JOIN em_prediction_run r ON r",
fresh-s2/D04-36-single-and-36-full-then-gate,48.686,1,1,"Query:executing:SELECT d.*, r.result_hash AS run_result_hash, b.output_hash AS batch_output_hash
        FROM em_prediction_display d
        LEFT JOIN em_prediction_run r ON r",
fresh-s2/D04-36-single-and-36-full-then-gate,49.706,1,1,"Query:executing:SELECT d.*, r.result_hash AS run_result_hash, b.output_hash AS batch_output_hash
        FROM em_prediction_display d
        LEFT JOIN em_prediction_run r ON r",
fresh-s2/D04-36-single-and-36-full-then-gate,50.726,1,1,"Query:executing:SELECT d.*, r.result_hash AS run_result_hash, b.output_hash AS batch_output_hash
        FROM em_prediction_display d
        LEFT JOIN em_prediction_run r ON r",
fresh-s2/D04-36-single-and-36-full-then-gate,51.738,1,1,"Query:executing:SELECT d.*, r.result_hash AS run_result_hash, b.output_hash AS batch_output_hash
        FROM em_prediction_display d
        LEFT JOIN em_prediction_run r ON r",
fresh-s2/D04-36-single-and-36-full-then-gate,52.748,1,1,"Query:executing:SELECT d.*, r.result_hash AS run_result_hash, b.output_hash AS batch_output_hash
        FROM em_prediction_display d
        LEFT JOIN em_prediction_run r ON r",
fresh-s2/D04-36-single-and-36-full-then-gate,53.762,1,1,"Query:executing:SELECT d.*, r.result_hash AS run_result_hash, b.output_hash AS batch_output_hash
        FROM em_prediction_display d
        LEFT JOIN em_prediction_run r ON r",
fresh-s2/D04-36-single-and-36-full-then-gate,54.777,1,1,"Query:executing:SELECT d.*, r.result_hash AS run_result_hash, b.output_hash AS batch_output_hash
        FROM em_prediction_display d
        LEFT JOIN em_prediction_run r ON r",
fresh-s2/D04-36-single-and-36-full-then-gate,55.803,1,1,"Query:executing:SELECT d.*, r.result_hash AS run_result_hash, b.output_hash AS batch_output_hash
        FROM em_prediction_display d
        LEFT JOIN em_prediction_run r ON r",
fresh-s2/D04-36-single-and-36-full-then-gate,56.824,1,1,"Query:executing:SELECT d.*, r.result_hash AS run_result_hash, b.output_hash AS batch_output_hash
        FROM em_prediction_display d
        LEFT JOIN em_prediction_run r ON r",
fresh-s2/D04-36-single-and-36-full-then-gate,57.845,1,1,"Query:executing:SELECT d.*, r.result_hash AS run_result_hash, b.output_hash AS batch_output_hash
        FROM em_prediction_display d
        LEFT JOIN em_prediction_run r ON r",
fresh-s2/D04-36-single-and-36-full-then-gate,58.869,1,1,"Query:executing:SELECT d.*, r.result_hash AS run_result_hash, b.output_hash AS batch_output_hash
        FROM em_prediction_display d
        LEFT JOIN em_prediction_run r ON r",
fresh-s2/D04-36-single-and-36-full-then-gate,59.883,1,1,"Query:executing:SELECT d.*, r.result_hash AS run_result_hash, b.output_hash AS batch_output_hash
        FROM em_prediction_display d
        LEFT JOIN em_prediction_run r ON r",
fresh-s2/D04-36-single-and-36-full-then-gate,60.913,1,1,"Query:executing:SELECT d.*, r.result_hash AS run_result_hash, b.output_hash AS batch_output_hash
        FROM em_prediction_display d
        LEFT JOIN em_prediction_run r ON r",
fresh-s2/D04-36-single-and-36-full-then-gate,62.713,1,1,"Query:executing:SELECT d.*, r.result_hash AS run_result_hash, b.output_hash AS batch_output_hash
        FROM em_prediction_display d
        LEFT JOIN em_prediction_run r ON r",
fresh-s2/D04-36-single-and-36-full-then-gate,63.728,1,1,"Query:executing:SELECT d.*, r.result_hash AS run_result_hash, b.output_hash AS batch_output_hash
        FROM em_prediction_display d
        LEFT JOIN em_prediction_run r ON r",
fresh-s2/D04-36-single-and-36-full-then-gate,64.741,1,1,"Query:executing:SELECT d.*, r.result_hash AS run_result_hash, b.output_hash AS batch_output_hash
        FROM em_prediction_display d
        LEFT JOIN em_prediction_run r ON r",
fresh-s2/D04-36-single-and-36-full-then-gate,65.752,1,1,"Query:executing:SELECT d.*, r.result_hash AS run_result_hash, b.output_hash AS batch_output_hash
        FROM em_prediction_display d
        LEFT JOIN em_prediction_run r ON r",
fresh-s2/D04-36-single-and-36-full-then-gate,66.764,1,1,"Query:executing:SELECT d.*, r.result_hash AS run_result_hash, b.output_hash AS batch_output_hash
        FROM em_prediction_display d
        LEFT JOIN em_prediction_run r ON r",
fresh-s2/D04-36-single-and-36-full-then-gate,67.778,1,1,"Query:executing:SELECT d.*, r.result_hash AS run_result_hash, b.output_hash AS batch_output_hash
        FROM em_prediction_display d
        LEFT JOIN em_prediction_run r ON r",
fresh-s2/D04-36-single-and-36-full-then-gate,68.789,1,1,"Query:executing:SELECT d.*, r.result_hash AS run_result_hash, b.output_hash AS batch_output_hash
        FROM em_prediction_display d
        LEFT JOIN em_prediction_run r ON r",
fresh-s2/D04-36-single-and-36-full-then-gate,69.804,1,1,"Query:executing:SELECT d.*, r.result_hash AS run_result_hash, b.output_hash AS batch_output_hash
        FROM em_prediction_display d
        LEFT JOIN em_prediction_run r ON r",
fresh-s2/D04-36-single-and-36-full-then-gate,70.818,1,1,"Query:executing:SELECT d.*, r.result_hash AS run_result_hash, b.output_hash AS batch_output_hash
        FROM em_prediction_display d
        LEFT JOIN em_prediction_run r ON r",
fresh-s2/D04-36-single-and-36-full-then-gate,71.829,1,1,"Query:executing:SELECT d.*, r.result_hash AS run_result_hash, b.output_hash AS batch_output_hash
        FROM em_prediction_display d
        LEFT JOIN em_prediction_run r ON r",
fresh-s2/D04-36-single-and-36-full-then-gate,72.842,1,1,"Query:executing:SELECT d.*, r.result_hash AS run_result_hash, b.output_hash AS batch_output_hash
        FROM em_prediction_display d
        LEFT JOIN em_prediction_run r ON r",
fresh-s2/D04-36-single-and-36-full-then-gate,73.854,1,1,"Query:executing:SELECT d.*, r.result_hash AS run_result_hash, b.output_hash AS batch_output_hash
        FROM em_prediction_display d
        LEFT JOIN em_prediction_run r ON r",
fresh-s2/D04-36-single-and-36-full-then-gate,74.866,1,1,"Query:executing:SELECT d.*, r.result_hash AS run_result_hash, b.output_hash AS batch_output_hash
        FROM em_prediction_display d
        LEFT JOIN em_prediction_run r ON r",
fresh-s2/D04-36-single-and-36-full-then-gate,75.878,1,1,"Query:executing:SELECT d.*, r.result_hash AS run_result_hash, b.output_hash AS batch_output_hash
        FROM em_prediction_display d
        LEFT JOIN em_prediction_run r ON r",
fresh-s2/D04-36-single-and-36-full-then-gate,76.901,1,1,"Query:executing:SELECT d.*, r.result_hash AS run_result_hash, b.output_hash AS batch_output_hash
        FROM em_prediction_display d
        LEFT JOIN em_prediction_run r ON r",
fresh-s2/D04-36-single-and-36-full-then-gate,77.911,1,1,"Query:executing:SELECT d.*, r.result_hash AS run_result_hash, b.output_hash AS batch_output_hash
        FROM em_prediction_display d
        LEFT JOIN em_prediction_run r ON r",
fresh-s2/D04-36-single-and-36-full-then-gate,78.927,1,1,"Query:executing:SELECT d.*, r.result_hash AS run_result_hash, b.output_hash AS batch_output_hash
        FROM em_prediction_display d
        LEFT JOIN em_prediction_run r ON r",
fresh-s2/D04-36-single-and-36-full-then-gate,79.936,1,1,"Query:executing:SELECT d.*, r.result_hash AS run_result_hash, b.output_hash AS batch_output_hash
        FROM em_prediction_display d
        LEFT JOIN em_prediction_run r ON r",
fresh-s2/D04-36-single-and-36-full-then-gate,80.947,1,1,"Query:executing:SELECT d.*, r.result_hash AS run_result_hash, b.output_hash AS batch_output_hash
        FROM em_prediction_display d
        LEFT JOIN em_prediction_run r ON r",
fresh-s2/D04-36-single-and-36-full-then-gate,81.961,1,1,"Query:executing:SELECT d.*, r.result_hash AS run_result_hash, b.output_hash AS batch_output_hash
        FROM em_prediction_display d
        LEFT JOIN em_prediction_run r ON r",
fresh-s2/D04-36-single-and-36-full-then-gate,82.969,1,1,"Query:executing:SELECT d.*, r.result_hash AS run_result_hash, b.output_hash AS batch_output_hash
        FROM em_prediction_display d
        LEFT JOIN em_prediction_run r ON r",
fresh-s2/D04-36-single-and-36-full-then-gate,83.979,1,1,"Query:executing:SELECT d.*, r.result_hash AS run_result_hash, b.output_hash AS batch_output_hash
        FROM em_prediction_display d
        LEFT JOIN em_prediction_run r ON r",
fresh-s2/D04-36-single-and-36-full-then-gate,84.998,1,1,"Query:executing:SELECT d.*, r.result_hash AS run_result_hash, b.output_hash AS batch_output_hash
        FROM em_prediction_display d
        LEFT JOIN em_prediction_run r ON r",
fresh-s2/D04-36-single-and-36-full-then-gate,86.011,1,1,"Query:executing:SELECT d.*, r.result_hash AS run_result_hash, b.output_hash AS batch_output_hash
        FROM em_prediction_display d
        LEFT JOIN em_prediction_run r ON r",
fresh-s2/D04-36-single-and-36-full-then-gate,87.032,1,1,"Query:executing:SELECT d.*, r.result_hash AS run_result_hash, b.output_hash AS batch_output_hash
        FROM em_prediction_display d
        LEFT JOIN em_prediction_run r ON r",
fresh-s2/D04-36-single-and-36-full-then-gate,88.042,1,1,"Query:executing:SELECT d.*, r.result_hash AS run_result_hash, b.output_hash AS batch_output_hash
        FROM em_prediction_display d
        LEFT JOIN em_prediction_run r ON r",
fresh-s2/D04-36-single-and-36-full-then-gate,89.056,1,1,"Query:executing:SELECT d.*, r.result_hash AS run_result_hash, b.output_hash AS batch_output_hash
        FROM em_prediction_display d
        LEFT JOIN em_prediction_run r ON r",
fresh-s2/D04-36-single-and-36-full-then-gate,90.075,1,1,"Query:executing:SELECT d.*, r.result_hash AS run_result_hash, b.output_hash AS batch_output_hash
        FROM em_prediction_display d
        LEFT JOIN em_prediction_run r ON r",
fresh-s2/D04-36-single-and-36-full-then-gate,91.094,1,1,"Query:executing:SELECT d.*, r.result_hash AS run_result_hash, b.output_hash AS batch_output_hash
        FROM em_prediction_display d
        LEFT JOIN em_prediction_run r ON r",
fresh-s2/D04-36-single-and-36-full-then-gate,92.106,1,1,"Query:executing:SELECT d.*, r.result_hash AS run_result_hash, b.output_hash AS batch_output_hash
        FROM em_prediction_display d
        LEFT JOIN em_prediction_run r ON r",
fresh-s2/D04-36-single-and-36-full-then-gate,93.114,1,1,"Query:executing:SELECT d.*, r.result_hash AS run_result_hash, b.output_hash AS batch_output_hash
        FROM em_prediction_display d
        LEFT JOIN em_prediction_run r ON r",
fresh-s2/D04-36-single-and-36-full-then-gate,94.134,1,1,"Query:executing:SELECT d.*, r.result_hash AS run_result_hash, b.output_hash AS batch_output_hash
        FROM em_prediction_display d
        LEFT JOIN em_prediction_run r ON r",
fresh-s2/D04-36-single-and-36-full-then-gate,95.147,1,1,"Query:executing:SELECT d.*, r.result_hash AS run_result_hash, b.output_hash AS batch_output_hash
        FROM em_prediction_display d
        LEFT JOIN em_prediction_run r ON r",
fresh-s2/D04-36-single-and-36-full-then-gate,96.164,1,1,"Query:executing:SELECT d.*, r.result_hash AS run_result_hash, b.output_hash AS batch_output_hash
        FROM em_prediction_display d
        LEFT JOIN em_prediction_run r ON r",
fresh-s2/D04-36-single-and-36-full-then-gate,97.185,1,1,"Query:executing:SELECT d.*, r.result_hash AS run_result_hash, b.output_hash AS batch_output_hash
        FROM em_prediction_display d
        LEFT JOIN em_prediction_run r ON r",
fresh-s2/D04-36-single-and-36-full-then-gate,98.194,1,1,"Query:executing:SELECT d.*, r.result_hash AS run_result_hash, b.output_hash AS batch_output_hash
        FROM em_prediction_display d
        LEFT JOIN em_prediction_run r ON r",
fresh-s2/D04-36-single-and-36-full-then-gate,99.216,1,1,"Query:executing:SELECT d.*, r.result_hash AS run_result_hash, b.output_hash AS batch_output_hash
        FROM em_prediction_display d
        LEFT JOIN em_prediction_run r ON r",
fresh-s2/D04-36-single-and-36-full-then-gate,100.223,1,1,"Query:executing:SELECT d.*, r.result_hash AS run_result_hash, b.output_hash AS batch_output_hash
        FROM em_prediction_display d
        LEFT JOIN em_prediction_run r ON r",
fresh-s2/D04-36-single-and-36-full-then-gate,101.235,1,1,"Query:executing:SELECT d.*, r.result_hash AS run_result_hash, b.output_hash AS batch_output_hash
        FROM em_prediction_display d
        LEFT JOIN em_prediction_run r ON r",
fresh-s2/D04-36-single-and-36-full-then-gate,102.247,1,1,"Query:executing:SELECT d.*, r.result_hash AS run_result_hash, b.output_hash AS batch_output_hash
        FROM em_prediction_display d
        LEFT JOIN em_prediction_run r ON r",
fresh-s2/D04-36-single-and-36-full-then-gate,103.261,1,1,"Query:executing:SELECT d.*, r.result_hash AS run_result_hash, b.output_hash AS batch_output_hash
        FROM em_prediction_display d
        LEFT JOIN em_prediction_run r ON r",
fresh-s2/D04-36-single-and-36-full-then-gate,104.273,1,1,"Query:executing:SELECT d.*, r.result_hash AS run_result_hash, b.output_hash AS batch_output_hash
        FROM em_prediction_display d
        LEFT JOIN em_prediction_run r ON r",
fresh-s2/D04-36-single-and-36-full-then-gate,105.295,1,1,"Query:executing:SELECT d.*, r.result_hash AS run_result_hash, b.output_hash AS batch_output_hash
        FROM em_prediction_display d
        LEFT JOIN em_prediction_run r ON r",
fresh-s2/D04-36-single-and-36-full-then-gate,106.312,1,1,"Query:executing:SELECT d.*, r.result_hash AS run_result_hash, b.output_hash AS batch_output_hash
        FROM em_prediction_display d
        LEFT JOIN em_prediction_run r ON r",
fresh-s2/D04-36-single-and-36-full-then-gate,107.326,1,1,"Query:executing:SELECT d.*, r.result_hash AS run_result_hash, b.output_hash AS batch_output_hash
        FROM em_prediction_display d
        LEFT JOIN em_prediction_run r ON r",
fresh-s2/D04-36-single-and-36-full-then-gate,108.337,1,1,"Query:executing:SELECT d.*, r.result_hash AS run_result_hash, b.output_hash AS batch_output_hash
        FROM em_prediction_display d
        LEFT JOIN em_prediction_run r ON r",
fresh-s2/D04-36-single-and-36-full-then-gate,109.352,1,1,"Query:executing:SELECT d.*, r.result_hash AS run_result_hash, b.output_hash AS batch_output_hash
        FROM em_prediction_display d
        LEFT JOIN em_prediction_run r ON r",
fresh-s2/D04-36-single-and-36-full-then-gate,110.376,1,1,"Query:executing:SELECT d.*, r.result_hash AS run_result_hash, b.output_hash AS batch_output_hash
        FROM em_prediction_display d
        LEFT JOIN em_prediction_run r ON r",
fresh-s2/D04-36-single-and-36-full-then-gate,111.386,1,1,"Query:executing:SELECT d.*, r.result_hash AS run_result_hash, b.output_hash AS batch_output_hash
        FROM em_prediction_display d
        LEFT JOIN em_prediction_run r ON r",
fresh-s2/D04-36-single-and-36-full-then-gate,112.406,1,1,"Query:executing:SELECT d.*, r.result_hash AS run_result_hash, b.output_hash AS batch_output_hash
        FROM em_prediction_display d
        LEFT JOIN em_prediction_run r ON r",
fresh-s2/D04-36-single-and-36-full-then-gate,113.423,1,1,"Query:executing:SELECT d.*, r.result_hash AS run_result_hash, b.output_hash AS batch_output_hash
        FROM em_prediction_display d
        LEFT JOIN em_prediction_run r ON r",
fresh-s2/D04-36-single-and-36-full-then-gate,114.438,1,1,"Query:executing:SELECT d.*, r.result_hash AS run_result_hash, b.output_hash AS batch_output_hash
        FROM em_prediction_display d
        LEFT JOIN em_prediction_run r ON r",
fresh-s2/D04-36-single-and-36-full-then-gate,115.455,1,1,"Query:executing:SELECT d.*, r.result_hash AS run_result_hash, b.output_hash AS batch_output_hash
        FROM em_prediction_display d
        LEFT JOIN em_prediction_run r ON r",
fresh-s2/D04-36-single-and-36-full-then-gate,116.47,1,1,"Query:executing:SELECT d.*, r.result_hash AS run_result_hash, b.output_hash AS batch_output_hash
        FROM em_prediction_display d
        LEFT JOIN em_prediction_run r ON r",
fresh-s2/D04-36-single-and-36-full-then-gate,117.491,1,1,"Query:executing:SELECT d.*, r.result_hash AS run_result_hash, b.output_hash AS batch_output_hash
        FROM em_prediction_display d
        LEFT JOIN em_prediction_run r ON r",
fresh-s2/D04-36-single-and-36-full-then-gate,118.501,1,1,"Query:executing:SELECT d.*, r.result_hash AS run_result_hash, b.output_hash AS batch_output_hash
        FROM em_prediction_display d
        LEFT JOIN em_prediction_run r ON r",
fresh-s2/D04-36-single-and-36-full-then-gate,119.514,1,1,"Query:executing:SELECT d.*, r.result_hash AS run_result_hash, b.output_hash AS batch_output_hash
        FROM em_prediction_display d
        LEFT JOIN em_prediction_run r ON r",
fresh-s2/D04-36-single-and-36-full-then-gate,120.527,1,1,"Query:executing:SELECT d.*, r.result_hash AS run_result_hash, b.output_hash AS batch_output_hash
        FROM em_prediction_display d
        LEFT JOIN em_prediction_run r ON r",
fresh-s2/D04-36-single-and-36-full-then-gate,122.565,1,1,"Query:executing:SELECT d.*, r.result_hash AS run_result_hash, b.output_hash AS batch_output_hash
        FROM em_prediction_display d
        LEFT JOIN em_prediction_run r ON r",
fresh-s2/D04-36-single-and-36-full-then-gate,123.574,1,1,"Query:executing:SELECT d.*, r.result_hash AS run_result_hash, b.output_hash AS batch_output_hash
        FROM em_prediction_display d
        LEFT JOIN em_prediction_run r ON r",
fresh-s2/D04-36-single-and-36-full-then-gate,124.588,1,1,"Query:executing:SELECT d.*, r.result_hash AS run_result_hash, b.output_hash AS batch_output_hash
        FROM em_prediction_display d
        LEFT JOIN em_prediction_run r ON r",
fresh-s2/D04-36-single-and-36-full-then-gate,125.598,1,1,"Query:executing:SELECT d.*, r.result_hash AS run_result_hash, b.output_hash AS batch_output_hash
        FROM em_prediction_display d
        LEFT JOIN em_prediction_run r ON r",
fresh-s2/D04-36-single-and-36-full-then-gate,126.611,1,1,"Query:executing:SELECT d.*, r.result_hash AS run_result_hash, b.output_hash AS batch_output_hash
        FROM em_prediction_display d
        LEFT JOIN em_prediction_run r ON r",
fresh-s2/D04-36-single-and-36-full-then-gate,127.623,1,1,"Query:executing:SELECT d.*, r.result_hash AS run_result_hash, b.output_hash AS batch_output_hash
        FROM em_prediction_display d
        LEFT JOIN em_prediction_run r ON r",
fresh-s2/D04-36-single-and-36-full-then-gate,128.635,1,1,"Query:executing:SELECT d.*, r.result_hash AS run_result_hash, b.output_hash AS batch_output_hash
        FROM em_prediction_display d
        LEFT JOIN em_prediction_run r ON r",
fresh-s2/D04-36-single-and-36-full-then-gate,129.656,1,1,"Query:executing:SELECT d.*, r.result_hash AS run_result_hash, b.output_hash AS batch_output_hash
        FROM em_prediction_display d
        LEFT JOIN em_prediction_run r ON r",
fresh-s2/D04-36-single-and-36-full-then-gate,130.672,1,1,"Query:executing:SELECT d.*, r.result_hash AS run_result_hash, b.output_hash AS batch_output_hash
        FROM em_prediction_display d
        LEFT JOIN em_prediction_run r ON r",
fresh-s2/D04-36-single-and-36-full-then-gate,131.682,1,1,"Query:executing:SELECT d.*, r.result_hash AS run_result_hash, b.output_hash AS batch_output_hash
        FROM em_prediction_display d
        LEFT JOIN em_prediction_run r ON r",
fresh-s2/D04-36-single-and-36-full-then-gate,132.708,1,1,"Query:executing:SELECT d.*, r.result_hash AS run_result_hash, b.output_hash AS batch_output_hash
        FROM em_prediction_display d
        LEFT JOIN em_prediction_run r ON r",
fresh-s2/D04-36-single-and-36-full-then-gate,133.72,1,1,"Query:executing:SELECT d.*, r.result_hash AS run_result_hash, b.output_hash AS batch_output_hash
        FROM em_prediction_display d
        LEFT JOIN em_prediction_run r ON r",
fresh-s2/D04-36-single-and-36-full-then-gate,134.735,1,1,"Query:executing:SELECT d.*, r.result_hash AS run_result_hash, b.output_hash AS batch_output_hash
        FROM em_prediction_display d
        LEFT JOIN em_prediction_run r ON r",
fresh-s2/D04-36-single-and-36-full-then-gate,135.745,1,1,"Query:executing:SELECT d.*, r.result_hash AS run_result_hash, b.output_hash AS batch_output_hash
        FROM em_prediction_display d
        LEFT JOIN em_prediction_run r ON r",
fresh-s2/D04-36-single-and-36-full-then-gate,136.761,1,1,"Query:executing:SELECT d.*, r.result_hash AS run_result_hash, b.output_hash AS batch_output_hash
        FROM em_prediction_display d
        LEFT JOIN em_prediction_run r ON r",
fresh-s2/D04-36-single-and-36-full-then-gate,137.778,1,1,"Query:executing:SELECT d.*, r.result_hash AS run_result_hash, b.output_hash AS batch_output_hash
        FROM em_prediction_display d
        LEFT JOIN em_prediction_run r ON r",
fresh-s2/D04-36-single-and-36-full-then-gate,138.787,1,1,"Query:executing:SELECT d.*, r.result_hash AS run_result_hash, b.output_hash AS batch_output_hash
        FROM em_prediction_display d
        LEFT JOIN em_prediction_run r ON r",
fresh-s2/D04-36-single-and-36-full-then-gate,139.798,1,1,"Query:executing:SELECT d.*, r.result_hash AS run_result_hash, b.output_hash AS batch_output_hash
        FROM em_prediction_display d
        LEFT JOIN em_prediction_run r ON r",
fresh-s2/D04-36-single-and-36-full-then-gate,140.811,1,1,"Query:executing:SELECT d.*, r.result_hash AS run_result_hash, b.output_hash AS batch_output_hash
        FROM em_prediction_display d
        LEFT JOIN em_prediction_run r ON r",
fresh-s2/D04-36-single-and-36-full-then-gate,141.828,1,1,"Query:executing:SELECT d.*, r.result_hash AS run_result_hash, b.output_hash AS batch_output_hash
        FROM em_prediction_display d
        LEFT JOIN em_prediction_run r ON r",
fresh-s2/D04-36-single-and-36-full-then-gate,142.836,1,1,"Query:executing:SELECT d.*, r.result_hash AS run_result_hash, b.output_hash AS batch_output_hash
        FROM em_prediction_display d
        LEFT JOIN em_prediction_run r ON r",
fresh-s2/D04-36-single-and-36-full-then-gate,143.862,1,1,"Query:executing:SELECT d.*, r.result_hash AS run_result_hash, b.output_hash AS batch_output_hash
        FROM em_prediction_display d
        LEFT JOIN em_prediction_run r ON r",
fresh-s2/D04-36-single-and-36-full-then-gate,144.878,1,1,"Query:executing:SELECT d.*, r.result_hash AS run_result_hash, b.output_hash AS batch_output_hash
        FROM em_prediction_display d
        LEFT JOIN em_prediction_run r ON r",
fresh-s2/D04-36-single-and-36-full-then-gate,145.889,1,1,"Query:executing:SELECT d.*, r.result_hash AS run_result_hash, b.output_hash AS batch_output_hash
        FROM em_prediction_display d
        LEFT JOIN em_prediction_run r ON r",
fresh-s2/D04-36-single-and-36-full-then-gate,146.908,1,1,"Query:executing:SELECT d.*, r.result_hash AS run_result_hash, b.output_hash AS batch_output_hash
        FROM em_prediction_display d
        LEFT JOIN em_prediction_run r ON r",
fresh-s2/D04-36-single-and-36-full-then-gate,147.919,1,1,"Query:executing:SELECT d.*, r.result_hash AS run_result_hash, b.output_hash AS batch_output_hash
        FROM em_prediction_display d
        LEFT JOIN em_prediction_run r ON r",
fresh-s2/D04-36-single-and-36-full-then-gate,148.93,1,1,"Query:executing:SELECT d.*, r.result_hash AS run_result_hash, b.output_hash AS batch_output_hash
        FROM em_prediction_display d
        LEFT JOIN em_prediction_run r ON r",
fresh-s2/D04-36-single-and-36-full-then-gate,149.951,1,1,"Query:executing:SELECT d.*, r.result_hash AS run_result_hash, b.output_hash AS batch_output_hash
        FROM em_prediction_display d
        LEFT JOIN em_prediction_run r ON r",
fresh-s2/D04-36-single-and-36-full-then-gate,150.961,1,1,"Query:executing:SELECT d.*, r.result_hash AS run_result_hash, b.output_hash AS batch_output_hash
        FROM em_prediction_display d
        LEFT JOIN em_prediction_run r ON r",
fresh-s2/D04-36-single-and-36-full-then-gate,151.97,1,1,"Query:executing:SELECT d.*, r.result_hash AS run_result_hash, b.output_hash AS batch_output_hash
        FROM em_prediction_display d
        LEFT JOIN em_prediction_run r ON r",
fresh-s2/D04-36-single-and-36-full-then-gate,152.982,1,1,"Query:executing:SELECT d.*, r.result_hash AS run_result_hash, b.output_hash AS batch_output_hash
        FROM em_prediction_display d
        LEFT JOIN em_prediction_run r ON r",
fresh-s2/D04-36-single-and-36-full-then-gate,153.996,1,1,"Query:executing:SELECT d.*, r.result_hash AS run_result_hash, b.output_hash AS batch_output_hash
        FROM em_prediction_display d
        LEFT JOIN em_prediction_run r ON r",
fresh-s2/D04-36-single-and-36-full-then-gate,155.009,1,1,"Query:executing:SELECT d.*, r.result_hash AS run_result_hash, b.output_hash AS batch_output_hash
        FROM em_prediction_display d
        LEFT JOIN em_prediction_run r ON r",
fresh-s2/D04-36-single-and-36-full-then-gate,156.043,1,1,"Query:executing:SELECT d.*, r.result_hash AS run_result_hash, b.output_hash AS batch_output_hash
        FROM em_prediction_display d
        LEFT JOIN em_prediction_run r ON r",
fresh-s2/D04-36-single-and-36-full-then-gate,157.058,1,1,"Query:executing:SELECT d.*, r.result_hash AS run_result_hash, b.output_hash AS batch_output_hash
        FROM em_prediction_display d
        LEFT JOIN em_prediction_run r ON r",
fresh-s2/D04-36-single-and-36-full-then-gate,158.071,1,1,"Query:executing:SELECT d.*, r.result_hash AS run_result_hash, b.output_hash AS batch_output_hash
        FROM em_prediction_display d
        LEFT JOIN em_prediction_run r ON r",
fresh-s2/D04-36-single-and-36-full-then-gate,159.085,1,1,"Query:executing:SELECT d.*, r.result_hash AS run_result_hash, b.output_hash AS batch_output_hash
        FROM em_prediction_display d
        LEFT JOIN em_prediction_run r ON r",
fresh-s2/D04-36-single-and-36-full-then-gate,160.094,1,1,"Query:executing:SELECT d.*, r.result_hash AS run_result_hash, b.output_hash AS batch_output_hash
        FROM em_prediction_display d
        LEFT JOIN em_prediction_run r ON r",
fresh-s2/D04-36-single-and-36-full-then-gate,161.119,1,1,"Query:executing:SELECT d.*, r.result_hash AS run_result_hash, b.output_hash AS batch_output_hash
        FROM em_prediction_display d
        LEFT JOIN em_prediction_run r ON r",
fresh-s2/D04-36-single-and-36-full-then-gate,162.131,1,1,"Query:executing:SELECT d.*, r.result_hash AS run_result_hash, b.output_hash AS batch_output_hash
        FROM em_prediction_display d
        LEFT JOIN em_prediction_run r ON r",
fresh-s2/D04-36-single-and-36-full-then-gate,163.155,1,1,"Query:executing:SELECT d.*, r.result_hash AS run_result_hash, b.output_hash AS batch_output_hash
        FROM em_prediction_display d
        LEFT JOIN em_prediction_run r ON r",
fresh-s2/D04-36-single-and-36-full-then-gate,164.175,1,1,"Query:executing:SELECT d.*, r.result_hash AS run_result_hash, b.output_hash AS batch_output_hash
        FROM em_prediction_display d
        LEFT JOIN em_prediction_run r ON r",
fresh-s2/D04-36-single-and-36-full-then-gate,165.197,1,1,"Query:executing:SELECT d.*, r.result_hash AS run_result_hash, b.output_hash AS batch_output_hash
        FROM em_prediction_display d
        LEFT JOIN em_prediction_run r ON r",
fresh-s2/D04-36-single-and-36-full-then-gate,166.212,1,1,"Query:executing:SELECT d.*, r.result_hash AS run_result_hash, b.output_hash AS batch_output_hash
        FROM em_prediction_display d
        LEFT JOIN em_prediction_run r ON r",
fresh-s2/D04-36-single-and-36-full-then-gate,167.229,1,1,"Query:executing:SELECT d.*, r.result_hash AS run_result_hash, b.output_hash AS batch_output_hash
        FROM em_prediction_display d
        LEFT JOIN em_prediction_run r ON r",
fresh-s2/D04-36-single-and-36-full-then-gate,168.243,1,1,"Query:executing:SELECT d.*, r.result_hash AS run_result_hash, b.output_hash AS batch_output_hash
        FROM em_prediction_display d
        LEFT JOIN em_prediction_run r ON r",
fresh-s2/D04-36-single-and-36-full-then-gate,169.252,1,1,"Query:executing:SELECT d.*, r.result_hash AS run_result_hash, b.output_hash AS batch_output_hash
        FROM em_prediction_display d
        LEFT JOIN em_prediction_run r ON r",
fresh-s2/D04-36-single-and-36-full-then-gate,170.267,1,1,"Query:executing:SELECT d.*, r.result_hash AS run_result_hash, b.output_hash AS batch_output_hash
        FROM em_prediction_display d
        LEFT JOIN em_prediction_run r ON r",
fresh-s2/D04-36-single-and-36-full-then-gate,171.275,1,1,"Query:executing:SELECT d.*, r.result_hash AS run_result_hash, b.output_hash AS batch_output_hash
        FROM em_prediction_display d
        LEFT JOIN em_prediction_run r ON r",
fresh-s2/D04-36-single-and-36-full-then-gate,172.297,1,1,"Query:executing:SELECT d.*, r.result_hash AS run_result_hash, b.output_hash AS batch_output_hash
        FROM em_prediction_display d
        LEFT JOIN em_prediction_run r ON r",
fresh-s2/D04-36-single-and-36-full-then-gate,173.308,1,1,"Query:executing:SELECT d.*, r.result_hash AS run_result_hash, b.output_hash AS batch_output_hash
        FROM em_prediction_display d
        LEFT JOIN em_prediction_run r ON r",
fresh-s2/D04-36-single-and-36-full-then-gate,174.327,1,1,"Query:executing:SELECT d.*, r.result_hash AS run_result_hash, b.output_hash AS batch_output_hash
        FROM em_prediction_display d
        LEFT JOIN em_prediction_run r ON r",
fresh-s2/D04-36-single-and-36-full-then-gate,175.34,1,1,"Query:executing:SELECT d.*, r.result_hash AS run_result_hash, b.output_hash AS batch_output_hash
        FROM em_prediction_display d
        LEFT JOIN em_prediction_run r ON r",
fresh-s2/D04-36-single-and-36-full-then-gate,176.361,1,1,"Query:executing:SELECT d.*, r.result_hash AS run_result_hash, b.output_hash AS batch_output_hash
        FROM em_prediction_display d
        LEFT JOIN em_prediction_run r ON r",
fresh-s2/D04-36-single-and-36-full-then-gate,177.387,1,1,"Query:executing:SELECT d.*, r.result_hash AS run_result_hash, b.output_hash AS batch_output_hash
        FROM em_prediction_display d
        LEFT JOIN em_prediction_run r ON r",
fresh-s2/D04-36-single-and-36-full-then-gate,178.397,1,1,"Query:executing:SELECT d.*, r.result_hash AS run_result_hash, b.output_hash AS batch_output_hash
        FROM em_prediction_display d
        LEFT JOIN em_prediction_run r ON r",
fresh-s2/D04-36-single-and-36-full-then-gate,179.407,1,1,"Query:executing:SELECT d.*, r.result_hash AS run_result_hash, b.output_hash AS batch_output_hash
        FROM em_prediction_display d
        LEFT JOIN em_prediction_run r ON r",
scaling/n124/first,0.001,1,0,Sleep::,
scaling/n124/first,1.025,1,1,"Query:executing:SELECT d.*, r.result_hash AS run_result_hash, b.output_hash AS batch_output_hash
        FROM em_prediction_display d
        LEFT JOIN em_prediction_run r ON r",
scaling/n124/first,2.04,1,1,"Query:executing:SELECT d.*, r.result_hash AS run_result_hash, b.output_hash AS batch_output_hash
        FROM em_prediction_display d
        LEFT JOIN em_prediction_run r ON r",
scaling/n1240/first,0.001,1,0,Sleep::,
scaling/n1240/first,1.012,1,1,"Query:executing:SELECT d.*, r.result_hash AS run_result_hash, b.output_hash AS batch_output_hash
        FROM em_prediction_display d
        LEFT JOIN em_prediction_run r ON r",
scaling/n1240/first,2.032,1,1,"Query:executing:SELECT d.*, r.result_hash AS run_result_hash, b.output_hash AS batch_output_hash
        FROM em_prediction_display d
        LEFT JOIN em_prediction_run r ON r",
scaling/n1240/first,3.044,1,1,"Query:executing:SELECT d.*, r.result_hash AS run_result_hash, b.output_hash AS batch_output_hash
        FROM em_prediction_display d
        LEFT JOIN em_prediction_run r ON r",
scaling/n1240/first,4.057,1,1,"Query:executing:SELECT d.*, r.result_hash AS run_result_hash, b.output_hash AS batch_output_hash
        FROM em_prediction_display d
        LEFT JOIN em_prediction_run r ON r",
scaling/n1240/first,5.071,1,1,"Query:executing:SELECT d.*, r.result_hash AS run_result_hash, b.output_hash AS batch_output_hash
        FROM em_prediction_display d
        LEFT JOIN em_prediction_run r ON r",
scaling/n1240/first,7.021,1,1,"Query:executing:SELECT d.*, r.result_hash AS run_result_hash, b.output_hash AS batch_output_hash
        FROM em_prediction_display d
        LEFT JOIN em_prediction_run r ON r",
scaling/n1240/first,8.03,1,1,"Query:executing:SELECT d.*, r.result_hash AS run_result_hash, b.output_hash AS batch_output_hash
        FROM em_prediction_display d
        LEFT JOIN em_prediction_run r ON r",
scaling/n1240/first,9.043,1,1,"Query:executing:SELECT d.*, r.result_hash AS run_result_hash, b.output_hash AS batch_output_hash
        FROM em_prediction_display d
        LEFT JOIN em_prediction_run r ON r",
scaling/n1240/first,10.056,1,1,"Query:executing:SELECT d.*, r.result_hash AS run_result_hash, b.output_hash AS batch_output_hash
        FROM em_prediction_display d
        LEFT JOIN em_prediction_run r ON r",
scaling/n1240/first,11.064,1,1,"Query:executing:SELECT d.*, r.result_hash AS run_result_hash, b.output_hash AS batch_output_hash
        FROM em_prediction_display d
        LEFT JOIN em_prediction_run r ON r",
scaling/n1240/first,12.086,1,1,"Query:executing:SELECT d.*, r.result_hash AS run_result_hash, b.output_hash AS batch_output_hash
        FROM em_prediction_display d
        LEFT JOIN em_prediction_run r ON r",
scaling/n1240/first,13.097,1,1,"Query:executing:SELECT d.*, r.result_hash AS run_result_hash, b.output_hash AS batch_output_hash
        FROM em_prediction_display d
        LEFT JOIN em_prediction_run r ON r",
scaling/n1240/first,14.122,1,1,"Query:executing:SELECT d.*, r.result_hash AS run_result_hash, b.output_hash AS batch_output_hash
        FROM em_prediction_display d
        LEFT JOIN em_prediction_run r ON r",
scaling/n1240/first,15.134,1,1,"Query:executing:SELECT d.*, r.result_hash AS run_result_hash, b.output_hash AS batch_output_hash
        FROM em_prediction_display d
        LEFT JOIN em_prediction_run r ON r",
scaling/n1240/first,17.178,1,1,"Query:executing:SELECT d.*, r.result_hash AS run_result_hash, b.output_hash AS batch_output_hash
        FROM em_prediction_display d
        LEFT JOIN em_prediction_run r ON r",
scaling/n1240/first,18.189,1,1,"Query:executing:SELECT d.*, r.result_hash AS run_result_hash, b.output_hash AS batch_output_hash
        FROM em_prediction_display d
        LEFT JOIN em_prediction_run r ON r",
scaling/n1240/first,19.211,1,1,"Query:executing:SELECT d.*, r.result_hash AS run_result_hash, b.output_hash AS batch_output_hash
        FROM em_prediction_display d
        LEFT JOIN em_prediction_run r ON r",
scaling/n1240/first,20.22,1,1,"Query:executing:SELECT d.*, r.result_hash AS run_result_hash, b.output_hash AS batch_output_hash
        FROM em_prediction_display d
        LEFT JOIN em_prediction_run r ON r",
scaling/n1240/first,21.232,1,1,"Query:executing:SELECT d.*, r.result_hash AS run_result_hash, b.output_hash AS batch_output_hash
        FROM em_prediction_display d
        LEFT JOIN em_prediction_run r ON r",
scaling/n1240/first,22.254,1,1,"Query:executing:SELECT d.*, r.result_hash AS run_result_hash, b.output_hash AS batch_output_hash
        FROM em_prediction_display d
        LEFT JOIN em_prediction_run r ON r",
scaling/n1240/first,23.269,1,1,"Query:executing:SELECT d.*, r.result_hash AS run_result_hash, b.output_hash AS batch_output_hash
        FROM em_prediction_display d
        LEFT JOIN em_prediction_run r ON r",
scaling/n1240/first,24.277,1,1,"Query:executing:SELECT d.*, r.result_hash AS run_result_hash, b.output_hash AS batch_output_hash
        FROM em_prediction_display d
        LEFT JOIN em_prediction_run r ON r",
scaling/n1240/first,25.3,1,1,"Query:executing:SELECT d.*, r.result_hash AS run_result_hash, b.output_hash AS batch_output_hash
        FROM em_prediction_display d
        LEFT JOIN em_prediction_run r ON r",
scaling/n1240/first,26.321,1,1,"Query:executing:SELECT d.*, r.result_hash AS run_result_hash, b.output_hash AS batch_output_hash
        FROM em_prediction_display d
        LEFT JOIN em_prediction_run r ON r",
scaling/n1240/first,27.335,1,1,"Query:executing:SELECT d.*, r.result_hash AS run_result_hash, b.output_hash AS batch_output_hash
        FROM em_prediction_display d
        LEFT JOIN em_prediction_run r ON r",
scaling/n1240/first,28.349,1,1,"Query:executing:SELECT d.*, r.result_hash AS run_result_hash, b.output_hash AS batch_output_hash
        FROM em_prediction_display d
        LEFT JOIN em_prediction_run r ON r",
scaling/n1240/first,29.361,1,1,"Query:executing:SELECT d.*, r.result_hash AS run_result_hash, b.output_hash AS batch_output_hash
        FROM em_prediction_display d
        LEFT JOIN em_prediction_run r ON r",
scaling/n1240/first,30.369,1,1,"Query:executing:SELECT d.*, r.result_hash AS run_result_hash, b.output_hash AS batch_output_hash
        FROM em_prediction_display d
        LEFT JOIN em_prediction_run r ON r",
scaling/n1240/first,32.206,1,1,"Query:executing:SELECT d.*, r.result_hash AS run_result_hash, b.output_hash AS batch_output_hash
        FROM em_prediction_display d
        LEFT JOIN em_prediction_run r ON r",
scaling/n1240/first,33.217,1,1,"Query:executing:SELECT d.*, r.result_hash AS run_result_hash, b.output_hash AS batch_output_hash
        FROM em_prediction_display d
        LEFT JOIN em_prediction_run r ON r",
scaling/n1240/first,34.227,1,1,"Query:executing:SELECT d.*, r.result_hash AS run_result_hash, b.output_hash AS batch_output_hash
        FROM em_prediction_display d
        LEFT JOIN em_prediction_run r ON r",
scaling/n1240/first,35.239,1,1,"Query:executing:SELECT d.*, r.result_hash AS run_result_hash, b.output_hash AS batch_output_hash
        FROM em_prediction_display d
        LEFT JOIN em_prediction_run r ON r",
scaling/n1240/first,36.25,1,1,"Query:executing:SELECT d.*, r.result_hash AS run_result_hash, b.output_hash AS batch_output_hash
        FROM em_prediction_display d
        LEFT JOIN em_prediction_run r ON r",
scaling/n1240/first,37.263,1,1,"Query:executing:SELECT d.*, r.result_hash AS run_result_hash, b.output_hash AS batch_output_hash
        FROM em_prediction_display d
        LEFT JOIN em_prediction_run r ON r",
scaling/n1240/first,38.277,1,1,"Query:executing:SELECT d.*, r.result_hash AS run_result_hash, b.output_hash AS batch_output_hash
        FROM em_prediction_display d
        LEFT JOIN em_prediction_run r ON r",
scaling/n1240/first,39.291,1,1,"Query:executing:SELECT d.*, r.result_hash AS run_result_hash, b.output_hash AS batch_output_hash
        FROM em_prediction_display d
        LEFT JOIN em_prediction_run r ON r",
scaling/n1240/first,40.316,1,1,"Query:executing:SELECT d.*, r.result_hash AS run_result_hash, b.output_hash AS batch_output_hash
        FROM em_prediction_display d
        LEFT JOIN em_prediction_run r ON r",
scaling/n1240/first,41.328,1,1,"Query:executing:SELECT d.*, r.result_hash AS run_result_hash, b.output_hash AS batch_output_hash
        FROM em_prediction_display d
        LEFT JOIN em_prediction_run r ON r",
scaling/n1240/first,42.336,1,1,"Query:executing:SELECT d.*, r.result_hash AS run_result_hash, b.output_hash AS batch_output_hash
        FROM em_prediction_display d
        LEFT JOIN em_prediction_run r ON r",
scaling/n1240/first,43.363,1,1,"Query:executing:SELECT d.*, r.result_hash AS run_result_hash, b.output_hash AS batch_output_hash
        FROM em_prediction_display d
        LEFT JOIN em_prediction_run r ON r",
scaling/n1240/first,44.375,1,1,"Query:executing:SELECT d.*, r.result_hash AS run_result_hash, b.output_hash AS batch_output_hash
        FROM em_prediction_display d
        LEFT JOIN em_prediction_run r ON r",
scaling/n1240/first,45.395,1,1,"Query:executing:SELECT d.*, r.result_hash AS run_result_hash, b.output_hash AS batch_output_hash
        FROM em_prediction_display d
        LEFT JOIN em_prediction_run r ON r",
scaling/n1240/first,46.41,1,1,"Query:executing:SELECT d.*, r.result_hash AS run_result_hash, b.output_hash AS batch_output_hash
        FROM em_prediction_display d
        LEFT JOIN em_prediction_run r ON r",
scaling/n1240/first,47.429,1,1,"Query:executing:SELECT d.*, r.result_hash AS run_result_hash, b.output_hash AS batch_output_hash
        FROM em_prediction_display d
        LEFT JOIN em_prediction_run r ON r",
scaling/n1240/first,48.451,1,1,"Query:executing:SELECT d.*, r.result_hash AS run_result_hash, b.output_hash AS batch_output_hash
        FROM em_prediction_display d
        LEFT JOIN em_prediction_run r ON r",
scaling/n1240/first,49.46,1,1,"Query:executing:SELECT d.*, r.result_hash AS run_result_hash, b.output_hash AS batch_output_hash
        FROM em_prediction_display d
        LEFT JOIN em_prediction_run r ON r",
scaling/n1240/first,50.483,1,1,"Query:executing:SELECT d.*, r.result_hash AS run_result_hash, b.output_hash AS batch_output_hash
        FROM em_prediction_display d
        LEFT JOIN em_prediction_run r ON r",
scaling/n1240/first,51.504,1,1,"Query:executing:SELECT d.*, r.result_hash AS run_result_hash, b.output_hash AS batch_output_hash
        FROM em_prediction_display d
        LEFT JOIN em_prediction_run r ON r",
scaling/n1240/first,52.512,1,1,"Query:executing:SELECT d.*, r.result_hash AS run_result_hash, b.output_hash AS batch_output_hash
        FROM em_prediction_display d
        LEFT JOIN em_prediction_run r ON r",
scaling/n1240/first,53.529,1,1,"Query:executing:SELECT d.*, r.result_hash AS run_result_hash, b.output_hash AS batch_output_hash
        FROM em_prediction_display d
        LEFT JOIN em_prediction_run r ON r",
scaling/n1240/first,54.54,1,1,"Query:executing:SELECT d.*, r.result_hash AS run_result_hash, b.output_hash AS batch_output_hash
        FROM em_prediction_display d
        LEFT JOIN em_prediction_run r ON r",
scaling/n1240/first,55.548,1,1,"Query:executing:SELECT d.*, r.result_hash AS run_result_hash, b.output_hash AS batch_output_hash
        FROM em_prediction_display d
        LEFT JOIN em_prediction_run r ON r",
scaling/n1240/first,56.56,1,1,"Query:executing:SELECT d.*, r.result_hash AS run_result_hash, b.output_hash AS batch_output_hash
        FROM em_prediction_display d
        LEFT JOIN em_prediction_run r ON r",
scaling/n1240/first,57.571,1,1,"Query:executing:SELECT d.*, r.result_hash AS run_result_hash, b.output_hash AS batch_output_hash
        FROM em_prediction_display d
        LEFT JOIN em_prediction_run r ON r",
scaling/n1240/first,58.582,1,1,"Query:executing:SELECT d.*, r.result_hash AS run_result_hash, b.output_hash AS batch_output_hash
        FROM em_prediction_display d
        LEFT JOIN em_prediction_run r ON r",
scaling/n1240/first,59.594,1,1,"Query:executing:SELECT d.*, r.result_hash AS run_result_hash, b.output_hash AS batch_output_hash
        FROM em_prediction_display d
        LEFT JOIN em_prediction_run r ON r",
scaling/n1240/first,60.617,1,1,"Query:executing:SELECT d.*, r.result_hash AS run_result_hash, b.output_hash AS batch_output_hash
        FROM em_prediction_display d
        LEFT JOIN em_prediction_run r ON r",
scaling/n1240/first,62.455,1,1,"Query:executing:SELECT d.*, r.result_hash AS run_result_hash, b.output_hash AS batch_output_hash
        FROM em_prediction_display d
        LEFT JOIN em_prediction_run r ON r",
scaling/n1240/first,63.468,1,1,"Query:executing:SELECT d.*, r.result_hash AS run_result_hash, b.output_hash AS batch_output_hash
        FROM em_prediction_display d
        LEFT JOIN em_prediction_run r ON r",
scaling/n1240/first,64.477,1,1,"Query:executing:SELECT d.*, r.result_hash AS run_result_hash, b.output_hash AS batch_output_hash
        FROM em_prediction_display d
        LEFT JOIN em_prediction_run r ON r",
scaling/n1240/first,65.489,1,1,"Query:executing:SELECT d.*, r.result_hash AS run_result_hash, b.output_hash AS batch_output_hash
        FROM em_prediction_display d
        LEFT JOIN em_prediction_run r ON r",
scaling/n1240/first,66.5,1,1,"Query:executing:SELECT d.*, r.result_hash AS run_result_hash, b.output_hash AS batch_output_hash
        FROM em_prediction_display d
        LEFT JOIN em_prediction_run r ON r",
scaling/n1240/first,67.513,1,1,"Query:executing:SELECT d.*, r.result_hash AS run_result_hash, b.output_hash AS batch_output_hash
        FROM em_prediction_display d
        LEFT JOIN em_prediction_run r ON r",
scaling/n1240/first,68.523,1,1,"Query:executing:SELECT d.*, r.result_hash AS run_result_hash, b.output_hash AS batch_output_hash
        FROM em_prediction_display d
        LEFT JOIN em_prediction_run r ON r",
scaling/n1240/first,69.532,1,1,"Query:executing:SELECT d.*, r.result_hash AS run_result_hash, b.output_hash AS batch_output_hash
        FROM em_prediction_display d
        LEFT JOIN em_prediction_run r ON r",
scaling/n1240/first,70.543,1,1,"Query:executing:SELECT d.*, r.result_hash AS run_result_hash, b.output_hash AS batch_output_hash
        FROM em_prediction_display d
        LEFT JOIN em_prediction_run r ON r",
scaling/n1240/first,71.557,1,1,"Query:executing:SELECT d.*, r.result_hash AS run_result_hash, b.output_hash AS batch_output_hash
        FROM em_prediction_display d
        LEFT JOIN em_prediction_run r ON r",
scaling/n1240/first,72.568,1,1,"Query:executing:SELECT d.*, r.result_hash AS run_result_hash, b.output_hash AS batch_output_hash
        FROM em_prediction_display d
        LEFT JOIN em_prediction_run r ON r",
scaling/n1240/first,73.581,1,1,"Query:executing:SELECT d.*, r.result_hash AS run_result_hash, b.output_hash AS batch_output_hash
        FROM em_prediction_display d
        LEFT JOIN em_prediction_run r ON r",
scaling/n1240/first,74.603,1,1,"Query:executing:SELECT d.*, r.result_hash AS run_result_hash, b.output_hash AS batch_output_hash
        FROM em_prediction_display d
        LEFT JOIN em_prediction_run r ON r",
scaling/n1240/first,75.623,1,1,"Query:executing:SELECT d.*, r.result_hash AS run_result_hash, b.output_hash AS batch_output_hash
        FROM em_prediction_display d
        LEFT JOIN em_prediction_run r ON r",
scaling/n1240/first,76.639,1,1,"Query:executing:SELECT d.*, r.result_hash AS run_result_hash, b.output_hash AS batch_output_hash
        FROM em_prediction_display d
        LEFT JOIN em_prediction_run r ON r",
scaling/n1240/first,77.65,1,1,"Query:executing:SELECT d.*, r.result_hash AS run_result_hash, b.output_hash AS batch_output_hash
        FROM em_prediction_display d
        LEFT JOIN em_prediction_run r ON r",
scaling/n1240/first,78.662,1,1,"Query:executing:SELECT d.*, r.result_hash AS run_result_hash, b.output_hash AS batch_output_hash
        FROM em_prediction_display d
        LEFT JOIN em_prediction_run r ON r",
scaling/n1240/first,79.681,1,1,"Query:executing:SELECT d.*, r.result_hash AS run_result_hash, b.output_hash AS batch_output_hash
        FROM em_prediction_display d
        LEFT JOIN em_prediction_run r ON r",
scaling/n1240/first,80.704,1,1,"Query:executing:SELECT d.*, r.result_hash AS run_result_hash, b.output_hash AS batch_output_hash
        FROM em_prediction_display d
        LEFT JOIN em_prediction_run r ON r",
scaling/n1240/first,81.72,1,1,"Query:executing:SELECT d.*, r.result_hash AS run_result_hash, b.output_hash AS batch_output_hash
        FROM em_prediction_display d
        LEFT JOIN em_prediction_run r ON r",
scaling/n1240/first,82.742,1,1,"Query:executing:SELECT d.*, r.result_hash AS run_result_hash, b.output_hash AS batch_output_hash
        FROM em_prediction_display d
        LEFT JOIN em_prediction_run r ON r",
scaling/n1240/first,83.759,1,1,"Query:executing:SELECT d.*, r.result_hash AS run_result_hash, b.output_hash AS batch_output_hash
        FROM em_prediction_display d
        LEFT JOIN em_prediction_run r ON r",
scaling/n1240/first,84.781,1,1,"Query:executing:SELECT d.*, r.result_hash AS run_result_hash, b.output_hash AS batch_output_hash
        FROM em_prediction_display d
        LEFT JOIN em_prediction_run r ON r",
scaling/n1240/first,85.795,1,1,"Query:executing:SELECT d.*, r.result_hash AS run_result_hash, b.output_hash AS batch_output_hash
        FROM em_prediction_display d
        LEFT JOIN em_prediction_run r ON r",
scaling/n1240/first,86.808,1,1,"Query:executing:SELECT d.*, r.result_hash AS run_result_hash, b.output_hash AS batch_output_hash
        FROM em_prediction_display d
        LEFT JOIN em_prediction_run r ON r",
scaling/n1240/first,87.819,1,1,"Query:executing:SELECT d.*, r.result_hash AS run_result_hash, b.output_hash AS batch_output_hash
        FROM em_prediction_display d
        LEFT JOIN em_prediction_run r ON r",
scaling/n1240/first,88.846,1,1,"Query:executing:SELECT d.*, r.result_hash AS run_result_hash, b.output_hash AS batch_output_hash
        FROM em_prediction_display d
        LEFT JOIN em_prediction_run r ON r",
scaling/n1240/first,89.87,1,1,"Query:executing:SELECT d.*, r.result_hash AS run_result_hash, b.output_hash AS batch_output_hash
        FROM em_prediction_display d
        LEFT JOIN em_prediction_run r ON r",
scaling/n1240/first,90.884,1,1,"Query:executing:SELECT d.*, r.result_hash AS run_result_hash, b.output_hash AS batch_output_hash
        FROM em_prediction_display d
        LEFT JOIN em_prediction_run r ON r",
scaling/n1240/first,91.893,1,1,"Query:executing:SELECT d.*, r.result_hash AS run_result_hash, b.output_hash AS batch_output_hash
        FROM em_prediction_display d
        LEFT JOIN em_prediction_run r ON r",
scaling/n1240/first,92.904,1,1,"Query:executing:SELECT d.*, r.result_hash AS run_result_hash, b.output_hash AS batch_output_hash
        FROM em_prediction_display d
        LEFT JOIN em_prediction_run r ON r",
scaling/n1240/first,93.919,1,1,"Query:executing:SELECT d.*, r.result_hash AS run_result_hash, b.output_hash AS batch_output_hash
        FROM em_prediction_display d
        LEFT JOIN em_prediction_run r ON r",
scaling/n1240/first,94.932,1,1,"Query:executing:SELECT d.*, r.result_hash AS run_result_hash, b.output_hash AS batch_output_hash
        FROM em_prediction_display d
        LEFT JOIN em_prediction_run r ON r",
scaling/n1240/first,95.943,1,1,"Query:executing:SELECT d.*, r.result_hash AS run_result_hash, b.output_hash AS batch_output_hash
        FROM em_prediction_display d
        LEFT JOIN em_prediction_run r ON r",
scaling/n1240/first,96.964,1,1,"Query:executing:SELECT d.*, r.result_hash AS run_result_hash, b.output_hash AS batch_output_hash
        FROM em_prediction_display d
        LEFT JOIN em_prediction_run r ON r",
scaling/n1240/first,97.977,1,1,"Query:executing:SELECT d.*, r.result_hash AS run_result_hash, b.output_hash AS batch_output_hash
        FROM em_prediction_display d
        LEFT JOIN em_prediction_run r ON r",
scaling/n1240/first,98.986,1,1,"Query:executing:SELECT d.*, r.result_hash AS run_result_hash, b.output_hash AS batch_output_hash
        FROM em_prediction_display d
        LEFT JOIN em_prediction_run r ON r",
scaling/n1240/first,99.999,1,1,"Query:executing:SELECT d.*, r.result_hash AS run_result_hash, b.output_hash AS batch_output_hash
        FROM em_prediction_display d
        LEFT JOIN em_prediction_run r ON r",
scaling/n1240/first,101.011,1,1,"Query:executing:SELECT d.*, r.result_hash AS run_result_hash, b.output_hash AS batch_output_hash
        FROM em_prediction_display d
        LEFT JOIN em_prediction_run r ON r",
scaling/n1240/first,102.021,1,1,"Query:executing:SELECT d.*, r.result_hash AS run_result_hash, b.output_hash AS batch_output_hash
        FROM em_prediction_display d
        LEFT JOIN em_prediction_run r ON r",
scaling/n1240/first,103.043,1,1,"Query:executing:SELECT d.*, r.result_hash AS run_result_hash, b.output_hash AS batch_output_hash
        FROM em_prediction_display d
        LEFT JOIN em_prediction_run r ON r",
scaling/n1240/first,104.057,1,1,"Query:executing:SELECT d.*, r.result_hash AS run_result_hash, b.output_hash AS batch_output_hash
        FROM em_prediction_display d
        LEFT JOIN em_prediction_run r ON r",
scaling/n1240/first,105.07,1,1,"Query:executing:SELECT d.*, r.result_hash AS run_result_hash, b.output_hash AS batch_output_hash
        FROM em_prediction_display d
        LEFT JOIN em_prediction_run r ON r",
scaling/n1240/first,106.079,1,1,"Query:executing:SELECT d.*, r.result_hash AS run_result_hash, b.output_hash AS batch_output_hash
        FROM em_prediction_display d
        LEFT JOIN em_prediction_run r ON r",
scaling/n1240/first,107.092,1,1,"Query:executing:SELECT d.*, r.result_hash AS run_result_hash, b.output_hash AS batch_output_hash
        FROM em_prediction_display d
        LEFT JOIN em_prediction_run r ON r",
scaling/n1240/first,108.104,1,1,"Query:executing:SELECT d.*, r.result_hash AS run_result_hash, b.output_hash AS batch_output_hash
        FROM em_prediction_display d
        LEFT JOIN em_prediction_run r ON r",
scaling/n1240/first,109.113,1,1,"Query:executing:SELECT d.*, r.result_hash AS run_result_hash, b.output_hash AS batch_output_hash
        FROM em_prediction_display d
        LEFT JOIN em_prediction_run r ON r",
scaling/n1240/first,110.121,1,1,"Query:executing:SELECT d.*, r.result_hash AS run_result_hash, b.output_hash AS batch_output_hash
        FROM em_prediction_display d
        LEFT JOIN em_prediction_run r ON r",
scaling/n1240/first,111.149,1,1,"Query:executing:SELECT d.*, r.result_hash AS run_result_hash, b.output_hash AS batch_output_hash
        FROM em_prediction_display d
        LEFT JOIN em_prediction_run r ON r",
scaling/n1240/first,112.166,1,1,"Query:executing:SELECT d.*, r.result_hash AS run_result_hash, b.output_hash AS batch_output_hash
        FROM em_prediction_display d
        LEFT JOIN em_prediction_run r ON r",
scaling/n1240/first,113.18,1,1,"Query:executing:SELECT d.*, r.result_hash AS run_result_hash, b.output_hash AS batch_output_hash
        FROM em_prediction_display d
        LEFT JOIN em_prediction_run r ON r",
scaling/n1240/first,114.201,1,1,"Query:executing:SELECT d.*, r.result_hash AS run_result_hash, b.output_hash AS batch_output_hash
        FROM em_prediction_display d
        LEFT JOIN em_prediction_run r ON r",
scaling/n1240/first,115.222,1,1,"Query:executing:SELECT d.*, r.result_hash AS run_result_hash, b.output_hash AS batch_output_hash
        FROM em_prediction_display d
        LEFT JOIN em_prediction_run r ON r",
scaling/n1240/first,116.242,1,1,"Query:executing:SELECT d.*, r.result_hash AS run_result_hash, b.output_hash AS batch_output_hash
        FROM em_prediction_display d
        LEFT JOIN em_prediction_run r ON r",
scaling/n1240/first,117.261,1,1,"Query:executing:SELECT d.*, r.result_hash AS run_result_hash, b.output_hash AS batch_output_hash
        FROM em_prediction_display d
        LEFT JOIN em_prediction_run r ON r",
scaling/n1240/first,118.282,1,1,"Query:executing:SELECT d.*, r.result_hash AS run_result_hash, b.output_hash AS batch_output_hash
        FROM em_prediction_display d
        LEFT JOIN em_prediction_run r ON r",
scaling/n1240/first,119.29,1,1,"Query:executing:SELECT d.*, r.result_hash AS run_result_hash, b.output_hash AS batch_output_hash
        FROM em_prediction_display d
        LEFT JOIN em_prediction_run r ON r",
scaling/n1240/first,120.303,1,1,"Query:executing:SELECT d.*, r.result_hash AS run_result_hash, b.output_hash AS batch_output_hash
        FROM em_prediction_display d
        LEFT JOIN em_prediction_run r ON r",
scaling/n1240/first,122.448,1,1,"Query:executing:SELECT d.*, r.result_hash AS run_result_hash, b.output_hash AS batch_output_hash
        FROM em_prediction_display d
        LEFT JOIN em_prediction_run r ON r",
scaling/n1240/first,123.464,1,1,"Query:executing:SELECT d.*, r.result_hash AS run_result_hash, b.output_hash AS batch_output_hash
        FROM em_prediction_display d
        LEFT JOIN em_prediction_run r ON r",
scaling/n1240/first,124.472,1,1,"Query:executing:SELECT d.*, r.result_hash AS run_result_hash, b.output_hash AS batch_output_hash
        FROM em_prediction_display d
        LEFT JOIN em_prediction_run r ON r",
scaling/n1240/first,125.489,1,1,"Query:executing:SELECT d.*, r.result_hash AS run_result_hash, b.output_hash AS batch_output_hash
        FROM em_prediction_display d
        LEFT JOIN em_prediction_run r ON r",
scaling/n1240/first,126.508,1,1,"Query:executing:SELECT d.*, r.result_hash AS run_result_hash, b.output_hash AS batch_output_hash
        FROM em_prediction_display d
        LEFT JOIN em_prediction_run r ON r",
scaling/n1240/first,127.542,1,1,"Query:executing:SELECT d.*, r.result_hash AS run_result_hash, b.output_hash AS batch_output_hash
        FROM em_prediction_display d
        LEFT JOIN em_prediction_run r ON r",
scaling/n1240/first,128.561,1,1,"Query:executing:SELECT d.*, r.result_hash AS run_result_hash, b.output_hash AS batch_output_hash
        FROM em_prediction_display d
        LEFT JOIN em_prediction_run r ON r",
scaling/n1240/first,129.577,1,1,"Query:executing:SELECT d.*, r.result_hash AS run_result_hash, b.output_hash AS batch_output_hash
        FROM em_prediction_display d
        LEFT JOIN em_prediction_run r ON r",
scaling/n1240/first,130.6,1,1,"Query:executing:SELECT d.*, r.result_hash AS run_result_hash, b.output_hash AS batch_output_hash
        FROM em_prediction_display d
        LEFT JOIN em_prediction_run r ON r",
scaling/n1240/first,131.612,1,1,"Query:executing:SELECT d.*, r.result_hash AS run_result_hash, b.output_hash AS batch_output_hash
        FROM em_prediction_display d
        LEFT JOIN em_prediction_run r ON r",
scaling/n1240/first,132.62,1,1,"Query:executing:SELECT d.*, r.result_hash AS run_result_hash, b.output_hash AS batch_output_hash
        FROM em_prediction_display d
        LEFT JOIN em_prediction_run r ON r",
scaling/n1240/first,133.643,1,1,"Query:executing:SELECT d.*, r.result_hash AS run_result_hash, b.output_hash AS batch_output_hash
        FROM em_prediction_display d
        LEFT JOIN em_prediction_run r ON r",
scaling/n1240/first,134.654,1,1,"Query:executing:SELECT d.*, r.result_hash AS run_result_hash, b.output_hash AS batch_output_hash
        FROM em_prediction_display d
        LEFT JOIN em_prediction_run r ON r",
scaling/n1240/first,135.671,1,1,"Query:executing:SELECT d.*, r.result_hash AS run_result_hash, b.output_hash AS batch_output_hash
        FROM em_prediction_display d
        LEFT JOIN em_prediction_run r ON r",
scaling/n1240/first,136.694,1,1,"Query:executing:SELECT d.*, r.result_hash AS run_result_hash, b.output_hash AS batch_output_hash
        FROM em_prediction_display d
        LEFT JOIN em_prediction_run r ON r",
scaling/n1240/first,137.705,1,1,"Query:executing:SELECT d.*, r.result_hash AS run_result_hash, b.output_hash AS batch_output_hash
        FROM em_prediction_display d
        LEFT JOIN em_prediction_run r ON r",
scaling/n1240/first,138.716,1,1,"Query:executing:SELECT d.*, r.result_hash AS run_result_hash, b.output_hash AS batch_output_hash
        FROM em_prediction_display d
        LEFT JOIN em_prediction_run r ON r",
scaling/n1240/first,139.727,1,1,"Query:executing:SELECT d.*, r.result_hash AS run_result_hash, b.output_hash AS batch_output_hash
        FROM em_prediction_display d
        LEFT JOIN em_prediction_run r ON r",
scaling/n1240/first,140.735,1,1,"Query:executing:SELECT d.*, r.result_hash AS run_result_hash, b.output_hash AS batch_output_hash
        FROM em_prediction_display d
        LEFT JOIN em_prediction_run r ON r",
scaling/n1240/first,141.748,1,1,"Query:executing:SELECT d.*, r.result_hash AS run_result_hash, b.output_hash AS batch_output_hash
        FROM em_prediction_display d
        LEFT JOIN em_prediction_run r ON r",
scaling/n1240/first,142.758,1,1,"Query:executing:SELECT d.*, r.result_hash AS run_result_hash, b.output_hash AS batch_output_hash
        FROM em_prediction_display d
        LEFT JOIN em_prediction_run r ON r",
scaling/n1240/first,143.772,1,1,"Query:executing:SELECT d.*, r.result_hash AS run_result_hash, b.output_hash AS batch_output_hash
        FROM em_prediction_display d
        LEFT JOIN em_prediction_run r ON r",
scaling/n1240/first,144.794,1,1,"Query:executing:SELECT d.*, r.result_hash AS run_result_hash, b.output_hash AS batch_output_hash
        FROM em_prediction_display d
        LEFT JOIN em_prediction_run r ON r",
scaling/n1240/first,145.818,1,1,"Query:executing:SELECT d.*, r.result_hash AS run_result_hash, b.output_hash AS batch_output_hash
        FROM em_prediction_display d
        LEFT JOIN em_prediction_run r ON r",
scaling/n1240/first,146.843,1,1,"Query:executing:SELECT d.*, r.result_hash AS run_result_hash, b.output_hash AS batch_output_hash
        FROM em_prediction_display d
        LEFT JOIN em_prediction_run r ON r",
scaling/n1240/first,147.862,1,1,"Query:executing:SELECT d.*, r.result_hash AS run_result_hash, b.output_hash AS batch_output_hash
        FROM em_prediction_display d
        LEFT JOIN em_prediction_run r ON r",
scaling/n1240/first,148.878,1,1,"Query:executing:SELECT d.*, r.result_hash AS run_result_hash, b.output_hash AS batch_output_hash
        FROM em_prediction_display d
        LEFT JOIN em_prediction_run r ON r",
scaling/n1240/first,149.891,1,1,"Query:executing:SELECT d.*, r.result_hash AS run_result_hash, b.output_hash AS batch_output_hash
        FROM em_prediction_display d
        LEFT JOIN em_prediction_run r ON r",
scaling/n1240/first,150.922,1,1,"Query:executing:SELECT d.*, r.result_hash AS run_result_hash, b.output_hash AS batch_output_hash
        FROM em_prediction_display d
        LEFT JOIN em_prediction_run r ON r",
scaling/n1240/first,151.935,1,1,"Query:executing:SELECT d.*, r.result_hash AS run_result_hash, b.output_hash AS batch_output_hash
        FROM em_prediction_display d
        LEFT JOIN em_prediction_run r ON r",
scaling/n1240/first,152.949,1,1,"Query:executing:SELECT d.*, r.result_hash AS run_result_hash, b.output_hash AS batch_output_hash
        FROM em_prediction_display d
        LEFT JOIN em_prediction_run r ON r",
scaling/n1240/first,153.965,1,1,"Query:executing:SELECT d.*, r.result_hash AS run_result_hash, b.output_hash AS batch_output_hash
        FROM em_prediction_display d
        LEFT JOIN em_prediction_run r ON r",
scaling/n1240/first,154.981,1,1,"Query:executing:SELECT d.*, r.result_hash AS run_result_hash, b.output_hash AS batch_output_hash
        FROM em_prediction_display d
        LEFT JOIN em_prediction_run r ON r",
scaling/n1240/first,155.994,1,1,"Query:executing:SELECT d.*, r.result_hash AS run_result_hash, b.output_hash AS batch_output_hash
        FROM em_prediction_display d
        LEFT JOIN em_prediction_run r ON r",
scaling/n1240/first,157.004,1,1,"Query:executing:SELECT d.*, r.result_hash AS run_result_hash, b.output_hash AS batch_output_hash
        FROM em_prediction_display d
        LEFT JOIN em_prediction_run r ON r",
scaling/n1240/first,158.019,1,1,"Query:executing:SELECT d.*, r.result_hash AS run_result_hash, b.output_hash AS batch_output_hash
        FROM em_prediction_display d
        LEFT JOIN em_prediction_run r ON r",
scaling/n1240/first,159.048,1,1,"Query:executing:SELECT d.*, r.result_hash AS run_result_hash, b.output_hash AS batch_output_hash
        FROM em_prediction_display d
        LEFT JOIN em_prediction_run r ON r",
scaling/n1240/first,160.07,1,1,"Query:executing:SELECT d.*, r.result_hash AS run_result_hash, b.output_hash AS batch_output_hash
        FROM em_prediction_display d
        LEFT JOIN em_prediction_run r ON r",
scaling/n1240/first,161.097,1,1,"Query:executing:SELECT d.*, r.result_hash AS run_result_hash, b.output_hash AS batch_output_hash
        FROM em_prediction_display d
        LEFT JOIN em_prediction_run r ON r",
scaling/n1240/first,162.109,1,1,"Query:executing:SELECT d.*, r.result_hash AS run_result_hash, b.output_hash AS batch_output_hash
        FROM em_prediction_display d
        LEFT JOIN em_prediction_run r ON r",
scaling/n1240/first,163.125,1,1,"Query:executing:SELECT d.*, r.result_hash AS run_result_hash, b.output_hash AS batch_output_hash
        FROM em_prediction_display d
        LEFT JOIN em_prediction_run r ON r",
scaling/n1240/first,164.137,1,1,"Query:executing:SELECT d.*, r.result_hash AS run_result_hash, b.output_hash AS batch_output_hash
        FROM em_prediction_display d
        LEFT JOIN em_prediction_run r ON r",
scaling/n1240/first,165.149,1,1,"Query:executing:SELECT d.*, r.result_hash AS run_result_hash, b.output_hash AS batch_output_hash
        FROM em_prediction_display d
        LEFT JOIN em_prediction_run r ON r",
scaling/n1240/first,166.173,1,1,"Query:executing:SELECT d.*, r.result_hash AS run_result_hash, b.output_hash AS batch_output_hash
        FROM em_prediction_display d
        LEFT JOIN em_prediction_run r ON r",
scaling/n1240/first,167.2,1,1,"Query:executing:SELECT d.*, r.result_hash AS run_result_hash, b.output_hash AS batch_output_hash
        FROM em_prediction_display d
        LEFT JOIN em_prediction_run r ON r",
scaling/n1240/first,168.213,1,1,"Query:executing:SELECT d.*, r.result_hash AS run_result_hash, b.output_hash AS batch_output_hash
        FROM em_prediction_display d
        LEFT JOIN em_prediction_run r ON r",
scaling/n1240/first,169.226,1,1,"Query:executing:SELECT d.*, r.result_hash AS run_result_hash, b.output_hash AS batch_output_hash
        FROM em_prediction_display d
        LEFT JOIN em_prediction_run r ON r",
scaling/n1240/first,170.241,1,1,"Query:executing:SELECT d.*, r.result_hash AS run_result_hash, b.output_hash AS batch_output_hash
        FROM em_prediction_display d
        LEFT JOIN em_prediction_run r ON r",
scaling/n1240/first,171.254,1,1,"Query:executing:SELECT d.*, r.result_hash AS run_result_hash, b.output_hash AS batch_output_hash
        FROM em_prediction_display d
        LEFT JOIN em_prediction_run r ON r",
scaling/n1240/first,172.262,1,1,"Query:executing:SELECT d.*, r.result_hash AS run_result_hash, b.output_hash AS batch_output_hash
        FROM em_prediction_display d
        LEFT JOIN em_prediction_run r ON r",
scaling/n1240/first,173.272,1,1,"Query:executing:SELECT d.*, r.result_hash AS run_result_hash, b.output_hash AS batch_output_hash
        FROM em_prediction_display d
        LEFT JOIN em_prediction_run r ON r",
scaling/n1240/first,174.288,1,1,"Query:executing:SELECT d.*, r.result_hash AS run_result_hash, b.output_hash AS batch_output_hash
        FROM em_prediction_display d
        LEFT JOIN em_prediction_run r ON r",
scaling/n1240/first,175.31,1,1,"Query:executing:SELECT d.*, r.result_hash AS run_result_hash, b.output_hash AS batch_output_hash
        FROM em_prediction_display d
        LEFT JOIN em_prediction_run r ON r",
scaling/n1240/first,176.332,1,1,"Query:executing:SELECT d.*, r.result_hash AS run_result_hash, b.output_hash AS batch_output_hash
        FROM em_prediction_display d
        LEFT JOIN em_prediction_run r ON r",
scaling/n1240/first,177.36,1,1,"Query:executing:SELECT d.*, r.result_hash AS run_result_hash, b.output_hash AS batch_output_hash
        FROM em_prediction_display d
        LEFT JOIN em_prediction_run r ON r",
scaling/n1240/first,178.378,1,1,"Query:executing:SELECT d.*, r.result_hash AS run_result_hash, b.output_hash AS batch_output_hash
        FROM em_prediction_display d
        LEFT JOIN em_prediction_run r ON r",
scaling/n1240/first,179.388,1,1,"Query:executing:SELECT d.*, r.result_hash AS run_result_hash, b.output_hash AS batch_output_hash
        FROM em_prediction_display d
        LEFT JOIN em_prediction_run r ON r",
scaling/n248/first,0.001,1,0,Sleep::,
scaling/n248/first,1.017,1,1,"Query:executing:SELECT d.*, r.result_hash AS run_result_hash, b.output_hash AS batch_output_hash
        FROM em_prediction_display d
        LEFT JOIN em_prediction_run r ON r",
scaling/n248/first,2.033,1,1,"Query:executing:SELECT d.*, r.result_hash AS run_result_hash, b.output_hash AS batch_output_hash
        FROM em_prediction_display d
        LEFT JOIN em_prediction_run r ON r",
scaling/n248/first,3.04,1,1,"Query:executing:SELECT d.*, r.result_hash AS run_result_hash, b.output_hash AS batch_output_hash
        FROM em_prediction_display d
        LEFT JOIN em_prediction_run r ON r",
scaling/n248/first,4.048,1,1,"Query:executing:SELECT d.*, r.result_hash AS run_result_hash, b.output_hash AS batch_output_hash
        FROM em_prediction_display d
        LEFT JOIN em_prediction_run r ON r",
scaling/n248/first,5.056,1,1,"Query:executing:SELECT d.*, r.result_hash AS run_result_hash, b.output_hash AS batch_output_hash
        FROM em_prediction_display d
        LEFT JOIN em_prediction_run r ON r",
scaling/n248/first,6.958,1,1,"Query:executing:SELECT d.*, r.result_hash AS run_result_hash, b.output_hash AS batch_output_hash
        FROM em_prediction_display d
        LEFT JOIN em_prediction_run r ON r",
scaling/n248/first,7.97,1,1,"Query:executing:SELECT d.*, r.result_hash AS run_result_hash, b.output_hash AS batch_output_hash
        FROM em_prediction_display d
        LEFT JOIN em_prediction_run r ON r",
scaling/n248/first,8.983,1,1,"Query:executing:SELECT d.*, r.result_hash AS run_result_hash, b.output_hash AS batch_output_hash
        FROM em_prediction_display d
        LEFT JOIN em_prediction_run r ON r",
scaling/n496/first,0.001,1,0,Sleep::,
scaling/n496/first,1.019,1,1,"Query:executing:SELECT d.*, r.result_hash AS run_result_hash, b.output_hash AS batch_output_hash
        FROM em_prediction_display d
        LEFT JOIN em_prediction_run r ON r",
scaling/n496/first,2.037,1,1,"Query:executing:SELECT d.*, r.result_hash AS run_result_hash, b.output_hash AS batch_output_hash
        FROM em_prediction_display d
        LEFT JOIN em_prediction_run r ON r",
scaling/n496/first,3.049,1,1,"Query:executing:SELECT d.*, r.result_hash AS run_result_hash, b.output_hash AS batch_output_hash
        FROM em_prediction_display d
        LEFT JOIN em_prediction_run r ON r",
scaling/n496/first,4.063,1,1,"Query:executing:SELECT d.*, r.result_hash AS run_result_hash, b.output_hash AS batch_output_hash
        FROM em_prediction_display d
        LEFT JOIN em_prediction_run r ON r",
scaling/n496/first,5.074,1,1,"Query:executing:SELECT d.*, r.result_hash AS run_result_hash, b.output_hash AS batch_output_hash
        FROM em_prediction_display d
        LEFT JOIN em_prediction_run r ON r",
scaling/n496/first,7.055,1,1,"Query:executing:SELECT d.*, r.result_hash AS run_result_hash, b.output_hash AS batch_output_hash
        FROM em_prediction_display d
        LEFT JOIN em_prediction_run r ON r",
scaling/n496/first,8.073,1,1,"Query:executing:SELECT d.*, r.result_hash AS run_result_hash, b.output_hash AS batch_output_hash
        FROM em_prediction_display d
        LEFT JOIN em_prediction_run r ON r",
scaling/n496/first,9.087,1,1,"Query:executing:SELECT d.*, r.result_hash AS run_result_hash, b.output_hash AS batch_output_hash
        FROM em_prediction_display d
        LEFT JOIN em_prediction_run r ON r",
scaling/n496/first,10.102,1,1,"Query:executing:SELECT d.*, r.result_hash AS run_result_hash, b.output_hash AS batch_output_hash
        FROM em_prediction_display d
        LEFT JOIN em_prediction_run r ON r",
scaling/n496/first,11.119,1,1,"Query:executing:SELECT d.*, r.result_hash AS run_result_hash, b.output_hash AS batch_output_hash
        FROM em_prediction_display d
        LEFT JOIN em_prediction_run r ON r",
scaling/n496/first,12.129,1,1,"Query:executing:SELECT d.*, r.result_hash AS run_result_hash, b.output_hash AS batch_output_hash
        FROM em_prediction_display d
        LEFT JOIN em_prediction_run r ON r",
scaling/n496/first,13.14,1,1,"Query:executing:SELECT d.*, r.result_hash AS run_result_hash, b.output_hash AS batch_output_hash
        FROM em_prediction_display d
        LEFT JOIN em_prediction_run r ON r",
scaling/n496/first,14.15,1,1,"Query:executing:SELECT d.*, r.result_hash AS run_result_hash, b.output_hash AS batch_output_hash
        FROM em_prediction_display d
        LEFT JOIN em_prediction_run r ON r",
scaling/n496/first,15.163,1,1,"Query:executing:SELECT d.*, r.result_hash AS run_result_hash, b.output_hash AS batch_output_hash
        FROM em_prediction_display d
        LEFT JOIN em_prediction_run r ON r",
scaling/n496/first,17.079,1,1,"Query:executing:SELECT d.*, r.result_hash AS run_result_hash, b.output_hash AS batch_output_hash
        FROM em_prediction_display d
        LEFT JOIN em_prediction_run r ON r",
scaling/n496/first,18.088,1,1,"Query:executing:SELECT d.*, r.result_hash AS run_result_hash, b.output_hash AS batch_output_hash
        FROM em_prediction_display d
        LEFT JOIN em_prediction_run r ON r",
scaling/n496/first,19.102,1,1,"Query:executing:SELECT d.*, r.result_hash AS run_result_hash, b.output_hash AS batch_output_hash
        FROM em_prediction_display d
        LEFT JOIN em_prediction_run r ON r",
scaling/n496/first,20.114,1,1,"Query:executing:SELECT d.*, r.result_hash AS run_result_hash, b.output_hash AS batch_output_hash
        FROM em_prediction_display d
        LEFT JOIN em_prediction_run r ON r",
scaling/n496/first,21.133,1,1,"Query:executing:SELECT d.*, r.result_hash AS run_result_hash, b.output_hash AS batch_output_hash
        FROM em_prediction_display d
        LEFT JOIN em_prediction_run r ON r",
scaling/n496/first,22.142,1,1,"Query:executing:SELECT d.*, r.result_hash AS run_result_hash, b.output_hash AS batch_output_hash
        FROM em_prediction_display d
        LEFT JOIN em_prediction_run r ON r",
scaling/n496/first,23.154,1,1,"Query:executing:SELECT d.*, r.result_hash AS run_result_hash, b.output_hash AS batch_output_hash
        FROM em_prediction_display d
        LEFT JOIN em_prediction_run r ON r",
scaling/n496/first,24.168,1,1,"Query:executing:SELECT d.*, r.result_hash AS run_result_hash, b.output_hash AS batch_output_hash
        FROM em_prediction_display d
        LEFT JOIN em_prediction_run r ON r",
scaling/n496/first,25.182,1,1,"Query:executing:SELECT d.*, r.result_hash AS run_result_hash, b.output_hash AS batch_output_hash
        FROM em_prediction_display d
        LEFT JOIN em_prediction_run r ON r",
scaling/n496/first,26.194,1,1,"Query:executing:SELECT d.*, r.result_hash AS run_result_hash, b.output_hash AS batch_output_hash
        FROM em_prediction_display d
        LEFT JOIN em_prediction_run r ON r",
scaling/n496/first,27.208,1,1,"Query:executing:SELECT d.*, r.result_hash AS run_result_hash, b.output_hash AS batch_output_hash
        FROM em_prediction_display d
        LEFT JOIN em_prediction_run r ON r",
scaling/n496/first,28.221,1,1,"Query:executing:SELECT d.*, r.result_hash AS run_result_hash, b.output_hash AS batch_output_hash
        FROM em_prediction_display d
        LEFT JOIN em_prediction_run r ON r",
scaling/n496/first,29.238,1,1,"Query:executing:SELECT d.*, r.result_hash AS run_result_hash, b.output_hash AS batch_output_hash
        FROM em_prediction_display d
        LEFT JOIN em_prediction_run r ON r",
scaling/n496/first,30.261,1,1,"Query:executing:SELECT d.*, r.result_hash AS run_result_hash, b.output_hash AS batch_output_hash
        FROM em_prediction_display d
        LEFT JOIN em_prediction_run r ON r",
scaling/n496/first,32.237,1,1,"Query:executing:SELECT d.*, r.result_hash AS run_result_hash, b.output_hash AS batch_output_hash
        FROM em_prediction_display d
        LEFT JOIN em_prediction_run r ON r",
scaling/n496/first,33.259,1,1,"Query:executing:SELECT d.*, r.result_hash AS run_result_hash, b.output_hash AS batch_output_hash
        FROM em_prediction_display d
        LEFT JOIN em_prediction_run r ON r",
scaling/n496/first,34.274,1,1,"Query:executing:SELECT d.*, r.result_hash AS run_result_hash, b.output_hash AS batch_output_hash
        FROM em_prediction_display d
        LEFT JOIN em_prediction_run r ON r",
scaling/n496/first,35.287,1,1,"Query:executing:SELECT d.*, r.result_hash AS run_result_hash, b.output_hash AS batch_output_hash
        FROM em_prediction_display d
        LEFT JOIN em_prediction_run r ON r",
scaling/n496/first,36.295,1,1,"Query:executing:SELECT d.*, r.result_hash AS run_result_hash, b.output_hash AS batch_output_hash
        FROM em_prediction_display d
        LEFT JOIN em_prediction_run r ON r",
scaling/n496/first,37.323,1,0,Sleep::,
scaling/n744/first,0.001,1,0,Sleep::,
scaling/n744/first,1.015,1,1,"Query:executing:SELECT d.*, r.result_hash AS run_result_hash, b.output_hash AS batch_output_hash
        FROM em_prediction_display d
        LEFT JOIN em_prediction_run r ON r",
scaling/n744/first,2.026,1,1,"Query:executing:SELECT d.*, r.result_hash AS run_result_hash, b.output_hash AS batch_output_hash
        FROM em_prediction_display d
        LEFT JOIN em_prediction_run r ON r",
scaling/n744/first,3.035,1,1,"Query:executing:SELECT d.*, r.result_hash AS run_result_hash, b.output_hash AS batch_output_hash
        FROM em_prediction_display d
        LEFT JOIN em_prediction_run r ON r",
scaling/n744/first,4.044,1,1,"Query:executing:SELECT d.*, r.result_hash AS run_result_hash, b.output_hash AS batch_output_hash
        FROM em_prediction_display d
        LEFT JOIN em_prediction_run r ON r",
scaling/n744/first,5.056,1,1,"Query:executing:SELECT d.*, r.result_hash AS run_result_hash, b.output_hash AS batch_output_hash
        FROM em_prediction_display d
        LEFT JOIN em_prediction_run r ON r",
scaling/n744/first,6.974,1,1,"Query:executing:SELECT d.*, r.result_hash AS run_result_hash, b.output_hash AS batch_output_hash
        FROM em_prediction_display d
        LEFT JOIN em_prediction_run r ON r",
scaling/n744/first,7.988,1,1,"Query:executing:SELECT d.*, r.result_hash AS run_result_hash, b.output_hash AS batch_output_hash
        FROM em_prediction_display d
        LEFT JOIN em_prediction_run r ON r",
scaling/n744/first,8.996,1,1,"Query:executing:SELECT d.*, r.result_hash AS run_result_hash, b.output_hash AS batch_output_hash
        FROM em_prediction_display d
        LEFT JOIN em_prediction_run r ON r",
scaling/n744/first,10.006,1,1,"Query:executing:SELECT d.*, r.result_hash AS run_result_hash, b.output_hash AS batch_output_hash
        FROM em_prediction_display d
        LEFT JOIN em_prediction_run r ON r",
scaling/n744/first,11.02,1,1,"Query:executing:SELECT d.*, r.result_hash AS run_result_hash, b.output_hash AS batch_output_hash
        FROM em_prediction_display d
        LEFT JOIN em_prediction_run r ON r",
scaling/n744/first,12.028,1,1,"Query:executing:SELECT d.*, r.result_hash AS run_result_hash, b.output_hash AS batch_output_hash
        FROM em_prediction_display d
        LEFT JOIN em_prediction_run r ON r",
scaling/n744/first,13.038,1,1,"Query:executing:SELECT d.*, r.result_hash AS run_result_hash, b.output_hash AS batch_output_hash
        FROM em_prediction_display d
        LEFT JOIN em_prediction_run r ON r",
scaling/n744/first,14.054,1,1,"Query:executing:SELECT d.*, r.result_hash AS run_result_hash, b.output_hash AS batch_output_hash
        FROM em_prediction_display d
        LEFT JOIN em_prediction_run r ON r",
scaling/n744/first,15.066,1,1,"Query:executing:SELECT d.*, r.result_hash AS run_result_hash, b.output_hash AS batch_output_hash
        FROM em_prediction_display d
        LEFT JOIN em_prediction_run r ON r",
scaling/n744/first,16.907,1,1,"Query:executing:SELECT d.*, r.result_hash AS run_result_hash, b.output_hash AS batch_output_hash
        FROM em_prediction_display d
        LEFT JOIN em_prediction_run r ON r",
scaling/n744/first,17.918,1,1,"Query:executing:SELECT d.*, r.result_hash AS run_result_hash, b.output_hash AS batch_output_hash
        FROM em_prediction_display d
        LEFT JOIN em_prediction_run r ON r",
scaling/n744/first,18.927,1,1,"Query:executing:SELECT d.*, r.result_hash AS run_result_hash, b.output_hash AS batch_output_hash
        FROM em_prediction_display d
        LEFT JOIN em_prediction_run r ON r",
scaling/n744/first,19.941,1,1,"Query:executing:SELECT d.*, r.result_hash AS run_result_hash, b.output_hash AS batch_output_hash
        FROM em_prediction_display d
        LEFT JOIN em_prediction_run r ON r",
scaling/n744/first,20.957,1,1,"Query:executing:SELECT d.*, r.result_hash AS run_result_hash, b.output_hash AS batch_output_hash
        FROM em_prediction_display d
        LEFT JOIN em_prediction_run r ON r",
scaling/n744/first,21.967,1,1,"Query:executing:SELECT d.*, r.result_hash AS run_result_hash, b.output_hash AS batch_output_hash
        FROM em_prediction_display d
        LEFT JOIN em_prediction_run r ON r",
scaling/n744/first,22.993,1,1,"Query:executing:SELECT d.*, r.result_hash AS run_result_hash, b.output_hash AS batch_output_hash
        FROM em_prediction_display d
        LEFT JOIN em_prediction_run r ON r",
scaling/n744/first,24.008,1,1,"Query:executing:SELECT d.*, r.result_hash AS run_result_hash, b.output_hash AS batch_output_hash
        FROM em_prediction_display d
        LEFT JOIN em_prediction_run r ON r",
scaling/n744/first,25.027,1,1,"Query:executing:SELECT d.*, r.result_hash AS run_result_hash, b.output_hash AS batch_output_hash
        FROM em_prediction_display d
        LEFT JOIN em_prediction_run r ON r",
scaling/n744/first,26.052,1,1,"Query:executing:SELECT d.*, r.result_hash AS run_result_hash, b.output_hash AS batch_output_hash
        FROM em_prediction_display d
        LEFT JOIN em_prediction_run r ON r",
scaling/n744/first,27.062,1,1,"Query:executing:SELECT d.*, r.result_hash AS run_result_hash, b.output_hash AS batch_output_hash
        FROM em_prediction_display d
        LEFT JOIN em_prediction_run r ON r",
scaling/n744/first,28.084,1,1,"Query:executing:SELECT d.*, r.result_hash AS run_result_hash, b.output_hash AS batch_output_hash
        FROM em_prediction_display d
        LEFT JOIN em_prediction_run r ON r",
scaling/n744/first,29.1,1,1,"Query:executing:SELECT d.*, r.result_hash AS run_result_hash, b.output_hash AS batch_output_hash
        FROM em_prediction_display d
        LEFT JOIN em_prediction_run r ON r",
scaling/n744/first,30.13,1,1,"Query:executing:SELECT d.*, r.result_hash AS run_result_hash, b.output_hash AS batch_output_hash
        FROM em_prediction_display d
        LEFT JOIN em_prediction_run r ON r",
scaling/n744/first,32.057,1,1,"Query:executing:SELECT d.*, r.result_hash AS run_result_hash, b.output_hash AS batch_output_hash
        FROM em_prediction_display d
        LEFT JOIN em_prediction_run r ON r",
scaling/n744/first,33.07,1,1,"Query:executing:SELECT d.*, r.result_hash AS run_result_hash, b.output_hash AS batch_output_hash
        FROM em_prediction_display d
        LEFT JOIN em_prediction_run r ON r",
scaling/n744/first,34.082,1,1,"Query:executing:SELECT d.*, r.result_hash AS run_result_hash, b.output_hash AS batch_output_hash
        FROM em_prediction_display d
        LEFT JOIN em_prediction_run r ON r",
scaling/n744/first,35.098,1,1,"Query:executing:SELECT d.*, r.result_hash AS run_result_hash, b.output_hash AS batch_output_hash
        FROM em_prediction_display d
        LEFT JOIN em_prediction_run r ON r",
scaling/n744/first,36.109,1,1,"Query:executing:SELECT d.*, r.result_hash AS run_result_hash, b.output_hash AS batch_output_hash
        FROM em_prediction_display d
        LEFT JOIN em_prediction_run r ON r",
scaling/n744/first,37.124,1,1,"Query:executing:SELECT d.*, r.result_hash AS run_result_hash, b.output_hash AS batch_output_hash
        FROM em_prediction_display d
        LEFT JOIN em_prediction_run r ON r",
scaling/n744/first,38.148,1,1,"Query:executing:SELECT d.*, r.result_hash AS run_result_hash, b.output_hash AS batch_output_hash
        FROM em_prediction_display d
        LEFT JOIN em_prediction_run r ON r",
scaling/n744/first,39.161,1,1,"Query:executing:SELECT d.*, r.result_hash AS run_result_hash, b.output_hash AS batch_output_hash
        FROM em_prediction_display d
        LEFT JOIN em_prediction_run r ON r",
scaling/n744/first,40.172,1,1,"Query:executing:SELECT d.*, r.result_hash AS run_result_hash, b.output_hash AS batch_output_hash
        FROM em_prediction_display d
        LEFT JOIN em_prediction_run r ON r",
scaling/n744/first,41.184,1,1,"Query:executing:SELECT d.*, r.result_hash AS run_result_hash, b.output_hash AS batch_output_hash
        FROM em_prediction_display d
        LEFT JOIN em_prediction_run r ON r",
scaling/n744/first,42.21,1,1,"Query:executing:SELECT d.*, r.result_hash AS run_result_hash, b.output_hash AS batch_output_hash
        FROM em_prediction_display d
        LEFT JOIN em_prediction_run r ON r",
scaling/n744/first,43.22,1,1,"Query:executing:SELECT d.*, r.result_hash AS run_result_hash, b.output_hash AS batch_output_hash
        FROM em_prediction_display d
        LEFT JOIN em_prediction_run r ON r",
scaling/n744/first,44.232,1,1,"Query:executing:SELECT d.*, r.result_hash AS run_result_hash, b.output_hash AS batch_output_hash
        FROM em_prediction_display d
        LEFT JOIN em_prediction_run r ON r",
scaling/n744/first,45.244,1,1,"Query:executing:SELECT d.*, r.result_hash AS run_result_hash, b.output_hash AS batch_output_hash
        FROM em_prediction_display d
        LEFT JOIN em_prediction_run r ON r",
scaling/n744/first,46.259,1,1,"Query:executing:SELECT d.*, r.result_hash AS run_result_hash, b.output_hash AS batch_output_hash
        FROM em_prediction_display d
        LEFT JOIN em_prediction_run r ON r",
scaling/n744/first,47.27,1,1,"Query:executing:SELECT d.*, r.result_hash AS run_result_hash, b.output_hash AS batch_output_hash
        FROM em_prediction_display d
        LEFT JOIN em_prediction_run r ON r",
scaling/n744/first,48.281,1,1,"Query:executing:SELECT d.*, r.result_hash AS run_result_hash, b.output_hash AS batch_output_hash
        FROM em_prediction_display d
        LEFT JOIN em_prediction_run r ON r",
scaling/n744/first,49.306,1,1,"Query:executing:SELECT d.*, r.result_hash AS run_result_hash, b.output_hash AS batch_output_hash
        FROM em_prediction_display d
        LEFT JOIN em_prediction_run r ON r",
scaling/n744/first,50.318,1,1,"Query:executing:SELECT d.*, r.result_hash AS run_result_hash, b.output_hash AS batch_output_hash
        FROM em_prediction_display d
        LEFT JOIN em_prediction_run r ON r",
scaling/n744/first,51.333,1,1,"Query:executing:SELECT d.*, r.result_hash AS run_result_hash, b.output_hash AS batch_output_hash
        FROM em_prediction_display d
        LEFT JOIN em_prediction_run r ON r",
scaling/n744/first,52.343,1,1,"Query:executing:SELECT d.*, r.result_hash AS run_result_hash, b.output_hash AS batch_output_hash
        FROM em_prediction_display d
        LEFT JOIN em_prediction_run r ON r",
scaling/n744/first,53.351,1,1,"Query:executing:SELECT d.*, r.result_hash AS run_result_hash, b.output_hash AS batch_output_hash
        FROM em_prediction_display d
        LEFT JOIN em_prediction_run r ON r",
scaling/n744/first,54.362,1,1,"Query:executing:SELECT d.*, r.result_hash AS run_result_hash, b.output_hash AS batch_output_hash
        FROM em_prediction_display d
        LEFT JOIN em_prediction_run r ON r",
scaling/n744/first,55.384,1,1,"Query:executing:SELECT d.*, r.result_hash AS run_result_hash, b.output_hash AS batch_output_hash
        FROM em_prediction_display d
        LEFT JOIN em_prediction_run r ON r",
scaling/n744/first,56.398,1,1,"Query:executing:SELECT d.*, r.result_hash AS run_result_hash, b.output_hash AS batch_output_hash
        FROM em_prediction_display d
        LEFT JOIN em_prediction_run r ON r",
scaling/n744/first,57.407,1,1,"Query:executing:SELECT d.*, r.result_hash AS run_result_hash, b.output_hash AS batch_output_hash
        FROM em_prediction_display d
        LEFT JOIN em_prediction_run r ON r",
scaling/n744/first,58.427,1,1,"Query:executing:SELECT d.*, r.result_hash AS run_result_hash, b.output_hash AS batch_output_hash
        FROM em_prediction_display d
        LEFT JOIN em_prediction_run r ON r",
scaling/n744/first,59.442,1,1,"Query:executing:SELECT d.*, r.result_hash AS run_result_hash, b.output_hash AS batch_output_hash
        FROM em_prediction_display d
        LEFT JOIN em_prediction_run r ON r",
scaling/n744/first,60.466,1,1,"Query:executing:SELECT d.*, r.result_hash AS run_result_hash, b.output_hash AS batch_output_hash
        FROM em_prediction_display d
        LEFT JOIN em_prediction_run r ON r",
scaling/n744/first,62.45,1,1,"Query:executing:SELECT d.*, r.result_hash AS run_result_hash, b.output_hash AS batch_output_hash
        FROM em_prediction_display d
        LEFT JOIN em_prediction_run r ON r",
scaling/n744/first,63.461,1,1,"Query:executing:SELECT d.*, r.result_hash AS run_result_hash, b.output_hash AS batch_output_hash
        FROM em_prediction_display d
        LEFT JOIN em_prediction_run r ON r",
scaling/n744/first,64.485,1,1,"Query:executing:SELECT d.*, r.result_hash AS run_result_hash, b.output_hash AS batch_output_hash
        FROM em_prediction_display d
        LEFT JOIN em_prediction_run r ON r",
scaling/n744/first,65.506,1,1,"Query:executing:SELECT d.*, r.result_hash AS run_result_hash, b.output_hash AS batch_output_hash
        FROM em_prediction_display d
        LEFT JOIN em_prediction_run r ON r",
scaling/n744/first,66.516,1,1,"Query:executing:SELECT d.*, r.result_hash AS run_result_hash, b.output_hash AS batch_output_hash
        FROM em_prediction_display d
        LEFT JOIN em_prediction_run r ON r",
scaling/n744/first,67.54,1,1,"Query:executing:SELECT d.*, r.result_hash AS run_result_hash, b.output_hash AS batch_output_hash
        FROM em_prediction_display d
        LEFT JOIN em_prediction_run r ON r",
scaling/n744/first,68.553,1,1,"Query:executing:SELECT d.*, r.result_hash AS run_result_hash, b.output_hash AS batch_output_hash
        FROM em_prediction_display d
        LEFT JOIN em_prediction_run r ON r",
scaling/n744/first,69.565,1,1,"Query:executing:SELECT d.*, r.result_hash AS run_result_hash, b.output_hash AS batch_output_hash
        FROM em_prediction_display d
        LEFT JOIN em_prediction_run r ON r",
scaling/n744/first,70.576,1,1,"Query:executing:SELECT d.*, r.result_hash AS run_result_hash, b.output_hash AS batch_output_hash
        FROM em_prediction_display d
        LEFT JOIN em_prediction_run r ON r",
scaling/n744/first,71.6,1,1,"Query:executing:SELECT d.*, r.result_hash AS run_result_hash, b.output_hash AS batch_output_hash
        FROM em_prediction_display d
        LEFT JOIN em_prediction_run r ON r",
scaling/n744/first,72.618,1,1,"Query:executing:SELECT d.*, r.result_hash AS run_result_hash, b.output_hash AS batch_output_hash
        FROM em_prediction_display d
        LEFT JOIN em_prediction_run r ON r",
scaling/n744/first,73.637,1,1,"Query:executing:SELECT d.*, r.result_hash AS run_result_hash, b.output_hash AS batch_output_hash
        FROM em_prediction_display d
        LEFT JOIN em_prediction_run r ON r",
scaling/n744/first,74.655,1,1,"Query:executing:SELECT d.*, r.result_hash AS run_result_hash, b.output_hash AS batch_output_hash
        FROM em_prediction_display d
        LEFT JOIN em_prediction_run r ON r",
scaling/n744/first,75.667,1,0,Sleep::,
scaling/n992/first,0.001,1,0,Sleep::,
scaling/n992/first,1.01,1,1,"Query:executing:SELECT d.*, r.result_hash AS run_result_hash, b.output_hash AS batch_output_hash
        FROM em_prediction_display d
        LEFT JOIN em_prediction_run r ON r",
scaling/n992/first,2.036,1,1,"Query:executing:SELECT d.*, r.result_hash AS run_result_hash, b.output_hash AS batch_output_hash
        FROM em_prediction_display d
        LEFT JOIN em_prediction_run r ON r",
scaling/n992/first,3.048,1,1,"Query:executing:SELECT d.*, r.result_hash AS run_result_hash, b.output_hash AS batch_output_hash
        FROM em_prediction_display d
        LEFT JOIN em_prediction_run r ON r",
scaling/n992/first,4.057,1,1,"Query:executing:SELECT d.*, r.result_hash AS run_result_hash, b.output_hash AS batch_output_hash
        FROM em_prediction_display d
        LEFT JOIN em_prediction_run r ON r",
scaling/n992/first,5.067,1,1,"Query:executing:SELECT d.*, r.result_hash AS run_result_hash, b.output_hash AS batch_output_hash
        FROM em_prediction_display d
        LEFT JOIN em_prediction_run r ON r",
scaling/n992/first,7.046,1,1,"Query:executing:SELECT d.*, r.result_hash AS run_result_hash, b.output_hash AS batch_output_hash
        FROM em_prediction_display d
        LEFT JOIN em_prediction_run r ON r",
scaling/n992/first,8.059,1,1,"Query:executing:SELECT d.*, r.result_hash AS run_result_hash, b.output_hash AS batch_output_hash
        FROM em_prediction_display d
        LEFT JOIN em_prediction_run r ON r",
scaling/n992/first,9.072,1,1,"Query:executing:SELECT d.*, r.result_hash AS run_result_hash, b.output_hash AS batch_output_hash
        FROM em_prediction_display d
        LEFT JOIN em_prediction_run r ON r",
scaling/n992/first,10.086,1,1,"Query:executing:SELECT d.*, r.result_hash AS run_result_hash, b.output_hash AS batch_output_hash
        FROM em_prediction_display d
        LEFT JOIN em_prediction_run r ON r",
scaling/n992/first,11.099,1,1,"Query:executing:SELECT d.*, r.result_hash AS run_result_hash, b.output_hash AS batch_output_hash
        FROM em_prediction_display d
        LEFT JOIN em_prediction_run r ON r",
scaling/n992/first,12.107,1,1,"Query:executing:SELECT d.*, r.result_hash AS run_result_hash, b.output_hash AS batch_output_hash
        FROM em_prediction_display d
        LEFT JOIN em_prediction_run r ON r",
scaling/n992/first,13.12,1,1,"Query:executing:SELECT d.*, r.result_hash AS run_result_hash, b.output_hash AS batch_output_hash
        FROM em_prediction_display d
        LEFT JOIN em_prediction_run r ON r",
scaling/n992/first,14.138,1,1,"Query:executing:SELECT d.*, r.result_hash AS run_result_hash, b.output_hash AS batch_output_hash
        FROM em_prediction_display d
        LEFT JOIN em_prediction_run r ON r",
scaling/n992/first,15.147,1,1,"Query:executing:SELECT d.*, r.result_hash AS run_result_hash, b.output_hash AS batch_output_hash
        FROM em_prediction_display d
        LEFT JOIN em_prediction_run r ON r",
scaling/n992/first,17.209,1,1,"Query:executing:SELECT d.*, r.result_hash AS run_result_hash, b.output_hash AS batch_output_hash
        FROM em_prediction_display d
        LEFT JOIN em_prediction_run r ON r",
scaling/n992/first,18.222,1,1,"Query:executing:SELECT d.*, r.result_hash AS run_result_hash, b.output_hash AS batch_output_hash
        FROM em_prediction_display d
        LEFT JOIN em_prediction_run r ON r",
scaling/n992/first,19.241,1,1,"Query:executing:SELECT d.*, r.result_hash AS run_result_hash, b.output_hash AS batch_output_hash
        FROM em_prediction_display d
        LEFT JOIN em_prediction_run r ON r",
scaling/n992/first,20.26,1,1,"Query:executing:SELECT d.*, r.result_hash AS run_result_hash, b.output_hash AS batch_output_hash
        FROM em_prediction_display d
        LEFT JOIN em_prediction_run r ON r",
scaling/n992/first,21.301,1,1,"Query:executing:SELECT d.*, r.result_hash AS run_result_hash, b.output_hash AS batch_output_hash
        FROM em_prediction_display d
        LEFT JOIN em_prediction_run r ON r",
scaling/n992/first,22.328,1,1,"Query:executing:SELECT d.*, r.result_hash AS run_result_hash, b.output_hash AS batch_output_hash
        FROM em_prediction_display d
        LEFT JOIN em_prediction_run r ON r",
scaling/n992/first,23.338,1,1,"Query:executing:SELECT d.*, r.result_hash AS run_result_hash, b.output_hash AS batch_output_hash
        FROM em_prediction_display d
        LEFT JOIN em_prediction_run r ON r",
scaling/n992/first,24.349,1,1,"Query:executing:SELECT d.*, r.result_hash AS run_result_hash, b.output_hash AS batch_output_hash
        FROM em_prediction_display d
        LEFT JOIN em_prediction_run r ON r",
scaling/n992/first,25.366,1,1,"Query:executing:SELECT d.*, r.result_hash AS run_result_hash, b.output_hash AS batch_output_hash
        FROM em_prediction_display d
        LEFT JOIN em_prediction_run r ON r",
scaling/n992/first,26.392,1,1,"Query:executing:SELECT d.*, r.result_hash AS run_result_hash, b.output_hash AS batch_output_hash
        FROM em_prediction_display d
        LEFT JOIN em_prediction_run r ON r",
scaling/n992/first,27.418,1,1,"Query:executing:SELECT d.*, r.result_hash AS run_result_hash, b.output_hash AS batch_output_hash
        FROM em_prediction_display d
        LEFT JOIN em_prediction_run r ON r",
scaling/n992/first,28.441,1,1,"Query:executing:SELECT d.*, r.result_hash AS run_result_hash, b.output_hash AS batch_output_hash
        FROM em_prediction_display d
        LEFT JOIN em_prediction_run r ON r",
scaling/n992/first,29.461,1,1,"Query:executing:SELECT d.*, r.result_hash AS run_result_hash, b.output_hash AS batch_output_hash
        FROM em_prediction_display d
        LEFT JOIN em_prediction_run r ON r",
scaling/n992/first,30.483,1,1,"Query:executing:SELECT d.*, r.result_hash AS run_result_hash, b.output_hash AS batch_output_hash
        FROM em_prediction_display d
        LEFT JOIN em_prediction_run r ON r",
scaling/n992/first,32.377,1,1,"Query:executing:SELECT d.*, r.result_hash AS run_result_hash, b.output_hash AS batch_output_hash
        FROM em_prediction_display d
        LEFT JOIN em_prediction_run r ON r",
scaling/n992/first,33.4,1,1,"Query:executing:SELECT d.*, r.result_hash AS run_result_hash, b.output_hash AS batch_output_hash
        FROM em_prediction_display d
        LEFT JOIN em_prediction_run r ON r",
scaling/n992/first,34.412,1,1,"Query:executing:SELECT d.*, r.result_hash AS run_result_hash, b.output_hash AS batch_output_hash
        FROM em_prediction_display d
        LEFT JOIN em_prediction_run r ON r",
scaling/n992/first,35.436,1,1,"Query:executing:SELECT d.*, r.result_hash AS run_result_hash, b.output_hash AS batch_output_hash
        FROM em_prediction_display d
        LEFT JOIN em_prediction_run r ON r",
scaling/n992/first,36.444,1,1,"Query:executing:SELECT d.*, r.result_hash AS run_result_hash, b.output_hash AS batch_output_hash
        FROM em_prediction_display d
        LEFT JOIN em_prediction_run r ON r",
scaling/n992/first,37.455,1,1,"Query:executing:SELECT d.*, r.result_hash AS run_result_hash, b.output_hash AS batch_output_hash
        FROM em_prediction_display d
        LEFT JOIN em_prediction_run r ON r",
scaling/n992/first,38.477,1,1,"Query:executing:SELECT d.*, r.result_hash AS run_result_hash, b.output_hash AS batch_output_hash
        FROM em_prediction_display d
        LEFT JOIN em_prediction_run r ON r",
scaling/n992/first,39.487,1,1,"Query:executing:SELECT d.*, r.result_hash AS run_result_hash, b.output_hash AS batch_output_hash
        FROM em_prediction_display d
        LEFT JOIN em_prediction_run r ON r",
scaling/n992/first,40.51,1,1,"Query:executing:SELECT d.*, r.result_hash AS run_result_hash, b.output_hash AS batch_output_hash
        FROM em_prediction_display d
        LEFT JOIN em_prediction_run r ON r",
scaling/n992/first,41.531,1,1,"Query:executing:SELECT d.*, r.result_hash AS run_result_hash, b.output_hash AS batch_output_hash
        FROM em_prediction_display d
        LEFT JOIN em_prediction_run r ON r",
scaling/n992/first,42.549,1,1,"Query:executing:SELECT d.*, r.result_hash AS run_result_hash, b.output_hash AS batch_output_hash
        FROM em_prediction_display d
        LEFT JOIN em_prediction_run r ON r",
scaling/n992/first,43.569,1,1,"Query:executing:SELECT d.*, r.result_hash AS run_result_hash, b.output_hash AS batch_output_hash
        FROM em_prediction_display d
        LEFT JOIN em_prediction_run r ON r",
scaling/n992/first,44.589,1,1,"Query:executing:SELECT d.*, r.result_hash AS run_result_hash, b.output_hash AS batch_output_hash
        FROM em_prediction_display d
        LEFT JOIN em_prediction_run r ON r",
scaling/n992/first,45.604,1,1,"Query:executing:SELECT d.*, r.result_hash AS run_result_hash, b.output_hash AS batch_output_hash
        FROM em_prediction_display d
        LEFT JOIN em_prediction_run r ON r",
scaling/n992/first,46.621,1,1,"Query:executing:SELECT d.*, r.result_hash AS run_result_hash, b.output_hash AS batch_output_hash
        FROM em_prediction_display d
        LEFT JOIN em_prediction_run r ON r",
scaling/n992/first,47.64,1,1,"Query:executing:SELECT d.*, r.result_hash AS run_result_hash, b.output_hash AS batch_output_hash
        FROM em_prediction_display d
        LEFT JOIN em_prediction_run r ON r",
scaling/n992/first,48.654,1,1,"Query:executing:SELECT d.*, r.result_hash AS run_result_hash, b.output_hash AS batch_output_hash
        FROM em_prediction_display d
        LEFT JOIN em_prediction_run r ON r",
scaling/n992/first,49.669,1,1,"Query:executing:SELECT d.*, r.result_hash AS run_result_hash, b.output_hash AS batch_output_hash
        FROM em_prediction_display d
        LEFT JOIN em_prediction_run r ON r",
scaling/n992/first,50.681,1,1,"Query:executing:SELECT d.*, r.result_hash AS run_result_hash, b.output_hash AS batch_output_hash
        FROM em_prediction_display d
        LEFT JOIN em_prediction_run r ON r",
scaling/n992/first,51.692,1,1,"Query:executing:SELECT d.*, r.result_hash AS run_result_hash, b.output_hash AS batch_output_hash
        FROM em_prediction_display d
        LEFT JOIN em_prediction_run r ON r",
scaling/n992/first,52.706,1,1,"Query:executing:SELECT d.*, r.result_hash AS run_result_hash, b.output_hash AS batch_output_hash
        FROM em_prediction_display d
        LEFT JOIN em_prediction_run r ON r",
scaling/n992/first,53.718,1,1,"Query:executing:SELECT d.*, r.result_hash AS run_result_hash, b.output_hash AS batch_output_hash
        FROM em_prediction_display d
        LEFT JOIN em_prediction_run r ON r",
scaling/n992/first,54.726,1,1,"Query:executing:SELECT d.*, r.result_hash AS run_result_hash, b.output_hash AS batch_output_hash
        FROM em_prediction_display d
        LEFT JOIN em_prediction_run r ON r",
scaling/n992/first,55.735,1,1,"Query:executing:SELECT d.*, r.result_hash AS run_result_hash, b.output_hash AS batch_output_hash
        FROM em_prediction_display d
        LEFT JOIN em_prediction_run r ON r",
scaling/n992/first,56.744,1,1,"Query:executing:SELECT d.*, r.result_hash AS run_result_hash, b.output_hash AS batch_output_hash
        FROM em_prediction_display d
        LEFT JOIN em_prediction_run r ON r",
scaling/n992/first,57.766,1,1,"Query:executing:SELECT d.*, r.result_hash AS run_result_hash, b.output_hash AS batch_output_hash
        FROM em_prediction_display d
        LEFT JOIN em_prediction_run r ON r",
scaling/n992/first,58.78,1,1,"Query:executing:SELECT d.*, r.result_hash AS run_result_hash, b.output_hash AS batch_output_hash
        FROM em_prediction_display d
        LEFT JOIN em_prediction_run r ON r",
scaling/n992/first,59.787,1,1,"Query:executing:SELECT d.*, r.result_hash AS run_result_hash, b.output_hash AS batch_output_hash
        FROM em_prediction_display d
        LEFT JOIN em_prediction_run r ON r",
scaling/n992/first,60.796,1,1,"Query:executing:SELECT d.*, r.result_hash AS run_result_hash, b.output_hash AS batch_output_hash
        FROM em_prediction_display d
        LEFT JOIN em_prediction_run r ON r",
scaling/n992/first,62.768,1,1,"Query:executing:SELECT d.*, r.result_hash AS run_result_hash, b.output_hash AS batch_output_hash
        FROM em_prediction_display d
        LEFT JOIN em_prediction_run r ON r",
scaling/n992/first,63.782,1,1,"Query:executing:SELECT d.*, r.result_hash AS run_result_hash, b.output_hash AS batch_output_hash
        FROM em_prediction_display d
        LEFT JOIN em_prediction_run r ON r",
scaling/n992/first,64.797,1,1,"Query:executing:SELECT d.*, r.result_hash AS run_result_hash, b.output_hash AS batch_output_hash
        FROM em_prediction_display d
        LEFT JOIN em_prediction_run r ON r",
scaling/n992/first,65.82,1,1,"Query:executing:SELECT d.*, r.result_hash AS run_result_hash, b.output_hash AS batch_output_hash
        FROM em_prediction_display d
        LEFT JOIN em_prediction_run r ON r",
scaling/n992/first,66.831,1,1,"Query:executing:SELECT d.*, r.result_hash AS run_result_hash, b.output_hash AS batch_output_hash
        FROM em_prediction_display d
        LEFT JOIN em_prediction_run r ON r",
scaling/n992/first,67.849,1,1,"Query:executing:SELECT d.*, r.result_hash AS run_result_hash, b.output_hash AS batch_output_hash
        FROM em_prediction_display d
        LEFT JOIN em_prediction_run r ON r",
scaling/n992/first,68.861,1,1,"Query:executing:SELECT d.*, r.result_hash AS run_result_hash, b.output_hash AS batch_output_hash
        FROM em_prediction_display d
        LEFT JOIN em_prediction_run r ON r",
scaling/n992/first,69.871,1,1,"Query:executing:SELECT d.*, r.result_hash AS run_result_hash, b.output_hash AS batch_output_hash
        FROM em_prediction_display d
        LEFT JOIN em_prediction_run r ON r",
scaling/n992/first,70.882,1,1,"Query:executing:SELECT d.*, r.result_hash AS run_result_hash, b.output_hash AS batch_output_hash
        FROM em_prediction_display d
        LEFT JOIN em_prediction_run r ON r",
scaling/n992/first,71.891,1,1,"Query:executing:SELECT d.*, r.result_hash AS run_result_hash, b.output_hash AS batch_output_hash
        FROM em_prediction_display d
        LEFT JOIN em_prediction_run r ON r",
scaling/n992/first,72.906,1,1,"Query:executing:SELECT d.*, r.result_hash AS run_result_hash, b.output_hash AS batch_output_hash
        FROM em_prediction_display d
        LEFT JOIN em_prediction_run r ON r",
scaling/n992/first,73.92,1,1,"Query:executing:SELECT d.*, r.result_hash AS run_result_hash, b.output_hash AS batch_output_hash
        FROM em_prediction_display d
        LEFT JOIN em_prediction_run r ON r",
scaling/n992/first,74.935,1,1,"Query:executing:SELECT d.*, r.result_hash AS run_result_hash, b.output_hash AS batch_output_hash
        FROM em_prediction_display d
        LEFT JOIN em_prediction_run r ON r",
scaling/n992/first,75.946,1,1,"Query:executing:SELECT d.*, r.result_hash AS run_result_hash, b.output_hash AS batch_output_hash
        FROM em_prediction_display d
        LEFT JOIN em_prediction_run r ON r",
scaling/n992/first,76.97,1,1,"Query:executing:SELECT d.*, r.result_hash AS run_result_hash, b.output_hash AS batch_output_hash
        FROM em_prediction_display d
        LEFT JOIN em_prediction_run r ON r",
scaling/n992/first,77.981,1,1,"Query:executing:SELECT d.*, r.result_hash AS run_result_hash, b.output_hash AS batch_output_hash
        FROM em_prediction_display d
        LEFT JOIN em_prediction_run r ON r",
scaling/n992/first,79.003,1,1,"Query:executing:SELECT d.*, r.result_hash AS run_result_hash, b.output_hash AS batch_output_hash
        FROM em_prediction_display d
        LEFT JOIN em_prediction_run r ON r",
scaling/n992/first,80.019,1,1,"Query:executing:SELECT d.*, r.result_hash AS run_result_hash, b.output_hash AS batch_output_hash
        FROM em_prediction_display d
        LEFT JOIN em_prediction_run r ON r",
scaling/n992/first,81.028,1,1,"Query:executing:SELECT d.*, r.result_hash AS run_result_hash, b.output_hash AS batch_output_hash
        FROM em_prediction_display d
        LEFT JOIN em_prediction_run r ON r",
scaling/n992/first,82.041,1,1,"Query:executing:SELECT d.*, r.result_hash AS run_result_hash, b.output_hash AS batch_output_hash
        FROM em_prediction_display d
        LEFT JOIN em_prediction_run r ON r",
scaling/n992/first,83.053,1,1,"Query:executing:SELECT d.*, r.result_hash AS run_result_hash, b.output_hash AS batch_output_hash
        FROM em_prediction_display d
        LEFT JOIN em_prediction_run r ON r",
scaling/n992/first,84.067,1,1,"Query:executing:SELECT d.*, r.result_hash AS run_result_hash, b.output_hash AS batch_output_hash
        FROM em_prediction_display d
        LEFT JOIN em_prediction_run r ON r",
scaling/n992/first,85.092,1,1,"Query:executing:SELECT d.*, r.result_hash AS run_result_hash, b.output_hash AS batch_output_hash
        FROM em_prediction_display d
        LEFT JOIN em_prediction_run r ON r",
scaling/n992/first,86.112,1,1,"Query:executing:SELECT d.*, r.result_hash AS run_result_hash, b.output_hash AS batch_output_hash
        FROM em_prediction_display d
        LEFT JOIN em_prediction_run r ON r",
scaling/n992/first,87.121,1,1,"Query:executing:SELECT d.*, r.result_hash AS run_result_hash, b.output_hash AS batch_output_hash
        FROM em_prediction_display d
        LEFT JOIN em_prediction_run r ON r",
scaling/n992/first,88.139,1,1,"Query:executing:SELECT d.*, r.result_hash AS run_result_hash, b.output_hash AS batch_output_hash
        FROM em_prediction_display d
        LEFT JOIN em_prediction_run r ON r",
scaling/n992/first,89.148,1,1,"Query:executing:SELECT d.*, r.result_hash AS run_result_hash, b.output_hash AS batch_output_hash
        FROM em_prediction_display d
        LEFT JOIN em_prediction_run r ON r",
scaling/n992/first,90.164,1,1,"Query:executing:SELECT d.*, r.result_hash AS run_result_hash, b.output_hash AS batch_output_hash
        FROM em_prediction_display d
        LEFT JOIN em_prediction_run r ON r",
scaling/n992/first,91.179,1,1,"Query:executing:SELECT d.*, r.result_hash AS run_result_hash, b.output_hash AS batch_output_hash
        FROM em_prediction_display d
        LEFT JOIN em_prediction_run r ON r",
scaling/n992/first,92.193,1,1,"Query:executing:SELECT d.*, r.result_hash AS run_result_hash, b.output_hash AS batch_output_hash
        FROM em_prediction_display d
        LEFT JOIN em_prediction_run r ON r",
scaling/n992/first,93.209,1,1,"Query:executing:SELECT d.*, r.result_hash AS run_result_hash, b.output_hash AS batch_output_hash
        FROM em_prediction_display d
        LEFT JOIN em_prediction_run r ON r",
scaling/n992/first,94.223,1,1,"Query:executing:SELECT d.*, r.result_hash AS run_result_hash, b.output_hash AS batch_output_hash
        FROM em_prediction_display d
        LEFT JOIN em_prediction_run r ON r",
scaling/n992/first,95.234,1,1,"Query:executing:SELECT d.*, r.result_hash AS run_result_hash, b.output_hash AS batch_output_hash
        FROM em_prediction_display d
        LEFT JOIN em_prediction_run r ON r",
scaling/n992/first,96.248,1,1,"Query:executing:SELECT d.*, r.result_hash AS run_result_hash, b.output_hash AS batch_output_hash
        FROM em_prediction_display d
        LEFT JOIN em_prediction_run r ON r",
scaling/n992/first,97.264,1,1,"Query:executing:SELECT d.*, r.result_hash AS run_result_hash, b.output_hash AS batch_output_hash
        FROM em_prediction_display d
        LEFT JOIN em_prediction_run r ON r",
scaling/n992/first,98.282,1,1,"Query:executing:SELECT d.*, r.result_hash AS run_result_hash, b.output_hash AS batch_output_hash
        FROM em_prediction_display d
        LEFT JOIN em_prediction_run r ON r",
scaling/n992/first,99.293,1,1,"Query:executing:SELECT d.*, r.result_hash AS run_result_hash, b.output_hash AS batch_output_hash
        FROM em_prediction_display d
        LEFT JOIN em_prediction_run r ON r",
scaling/n992/first,100.308,1,1,"Query:executing:SELECT d.*, r.result_hash AS run_result_hash, b.output_hash AS batch_output_hash
        FROM em_prediction_display d
        LEFT JOIN em_prediction_run r ON r",
scaling/n992/first,101.324,1,1,"Query:executing:SELECT d.*, r.result_hash AS run_result_hash, b.output_hash AS batch_output_hash
        FROM em_prediction_display d
        LEFT JOIN em_prediction_run r ON r",
scaling/n992/first,102.333,1,1,"Query:executing:SELECT d.*, r.result_hash AS run_result_hash, b.output_hash AS batch_output_hash
        FROM em_prediction_display d
        LEFT JOIN em_prediction_run r ON r",
scaling/n992/first,103.345,1,1,"Query:executing:SELECT d.*, r.result_hash AS run_result_hash, b.output_hash AS batch_output_hash
        FROM em_prediction_display d
        LEFT JOIN em_prediction_run r ON r",
scaling/n992/first,104.368,1,1,"Query:executing:SELECT d.*, r.result_hash AS run_result_hash, b.output_hash AS batch_output_hash
        FROM em_prediction_display d
        LEFT JOIN em_prediction_run r ON r",
scaling/n992/first,105.378,1,1,"Query:executing:SELECT d.*, r.result_hash AS run_result_hash, b.output_hash AS batch_output_hash
        FROM em_prediction_display d
        LEFT JOIN em_prediction_run r ON r",
scaling/n992/first,106.39,1,1,"Query:executing:SELECT d.*, r.result_hash AS run_result_hash, b.output_hash AS batch_output_hash
        FROM em_prediction_display d
        LEFT JOIN em_prediction_run r ON r",
scaling/n992/first,107.407,1,1,"Query:executing:SELECT d.*, r.result_hash AS run_result_hash, b.output_hash AS batch_output_hash
        FROM em_prediction_display d
        LEFT JOIN em_prediction_run r ON r",
scaling/n992/first,108.429,1,1,"Query:executing:SELECT d.*, r.result_hash AS run_result_hash, b.output_hash AS batch_output_hash
        FROM em_prediction_display d
        LEFT JOIN em_prediction_run r ON r",
scaling/n992/first,109.444,1,1,"Query:executing:SELECT d.*, r.result_hash AS run_result_hash, b.output_hash AS batch_output_hash
        FROM em_prediction_display d
        LEFT JOIN em_prediction_run r ON r",
scaling/n992/first,110.456,1,1,"Query:executing:SELECT d.*, r.result_hash AS run_result_hash, b.output_hash AS batch_output_hash
        FROM em_prediction_display d
        LEFT JOIN em_prediction_run r ON r",
scaling/n992/first,111.465,1,1,"Query:executing:SELECT d.*, r.result_hash AS run_result_hash, b.output_hash AS batch_output_hash
        FROM em_prediction_display d
        LEFT JOIN em_prediction_run r ON r",
scaling/n992/first,112.481,1,1,"Query:executing:SELECT d.*, r.result_hash AS run_result_hash, b.output_hash AS batch_output_hash
        FROM em_prediction_display d
        LEFT JOIN em_prediction_run r ON r",
scaling/n992/first,113.493,1,1,"Query:executing:SELECT d.*, r.result_hash AS run_result_hash, b.output_hash AS batch_output_hash
        FROM em_prediction_display d
        LEFT JOIN em_prediction_run r ON r",
scaling/n992/first,114.504,1,1,"Query:executing:SELECT d.*, r.result_hash AS run_result_hash, b.output_hash AS batch_output_hash
        FROM em_prediction_display d
        LEFT JOIN em_prediction_run r ON r",
scaling/n992/first,115.521,1,1,"Query:executing:SELECT d.*, r.result_hash AS run_result_hash, b.output_hash AS batch_output_hash
        FROM em_prediction_display d
        LEFT JOIN em_prediction_run r ON r",
scaling/n992/first,116.535,1,1,"Query:executing:SELECT d.*, r.result_hash AS run_result_hash, b.output_hash AS batch_output_hash
        FROM em_prediction_display d
        LEFT JOIN em_prediction_run r ON r",
scaling/n992/first,117.549,1,1,"Query:executing:SELECT d.*, r.result_hash AS run_result_hash, b.output_hash AS batch_output_hash
        FROM em_prediction_display d
        LEFT JOIN em_prediction_run r ON r",
scaling/n992/first,118.562,1,1,"Query:executing:SELECT d.*, r.result_hash AS run_result_hash, b.output_hash AS batch_output_hash
        FROM em_prediction_display d
        LEFT JOIN em_prediction_run r ON r",
scaling/n992/first,119.58,1,1,"Query:executing:SELECT d.*, r.result_hash AS run_result_hash, b.output_hash AS batch_output_hash
        FROM em_prediction_display d
        LEFT JOIN em_prediction_run r ON r",
scaling/n992/first,120.593,1,1,"Query:executing:SELECT d.*, r.result_hash AS run_result_hash, b.output_hash AS batch_output_hash
        FROM em_prediction_display d
        LEFT JOIN em_prediction_run r ON r",
scaling/n992/first,122.357,1,1,"Query:executing:SELECT d.*, r.result_hash AS run_result_hash, b.output_hash AS batch_output_hash
        FROM em_prediction_display d
        LEFT JOIN em_prediction_run r ON r",
scaling/n992/first,123.367,1,1,"Query:executing:SELECT d.*, r.result_hash AS run_result_hash, b.output_hash AS batch_output_hash
        FROM em_prediction_display d
        LEFT JOIN em_prediction_run r ON r",
scaling/n992/first,124.378,1,1,"Query:executing:SELECT d.*, r.result_hash AS run_result_hash, b.output_hash AS batch_output_hash
        FROM em_prediction_display d
        LEFT JOIN em_prediction_run r ON r",
scaling/n992/first,125.394,1,1,"Query:executing:SELECT d.*, r.result_hash AS run_result_hash, b.output_hash AS batch_output_hash
        FROM em_prediction_display d
        LEFT JOIN em_prediction_run r ON r",
scaling/n992/first,126.407,1,1,"Query:executing:SELECT d.*, r.result_hash AS run_result_hash, b.output_hash AS batch_output_hash
        FROM em_prediction_display d
        LEFT JOIN em_prediction_run r ON r",
scaling/n992/first,127.421,1,1,"Query:executing:SELECT d.*, r.result_hash AS run_result_hash, b.output_hash AS batch_output_hash
        FROM em_prediction_display d
        LEFT JOIN em_prediction_run r ON r",
scaling/n992/first,128.434,1,1,"Query:executing:SELECT d.*, r.result_hash AS run_result_hash, b.output_hash AS batch_output_hash
        FROM em_prediction_display d
        LEFT JOIN em_prediction_run r ON r",
scaling/n992/first,129.446,1,1,"Query:executing:SELECT d.*, r.result_hash AS run_result_hash, b.output_hash AS batch_output_hash
        FROM em_prediction_display d
        LEFT JOIN em_prediction_run r ON r",
scaling/n992/first,130.459,1,1,"Query:executing:SELECT d.*, r.result_hash AS run_result_hash, b.output_hash AS batch_output_hash
        FROM em_prediction_display d
        LEFT JOIN em_prediction_run r ON r",
scaling/n992/first,131.468,1,1,"Query:executing:SELECT d.*, r.result_hash AS run_result_hash, b.output_hash AS batch_output_hash
        FROM em_prediction_display d
        LEFT JOIN em_prediction_run r ON r",
scaling/n992/first,132.48,1,1,"Query:executing:SELECT d.*, r.result_hash AS run_result_hash, b.output_hash AS batch_output_hash
        FROM em_prediction_display d
        LEFT JOIN em_prediction_run r ON r",
scaling/n992/first,133.507,1,1,"Query:executing:SELECT d.*, r.result_hash AS run_result_hash, b.output_hash AS batch_output_hash
        FROM em_prediction_display d
        LEFT JOIN em_prediction_run r ON r",
scaling/n992/first,134.519,1,1,"Query:executing:SELECT d.*, r.result_hash AS run_result_hash, b.output_hash AS batch_output_hash
        FROM em_prediction_display d
        LEFT JOIN em_prediction_run r ON r",
scaling/n992/first,135.529,1,0,Sleep::,
gpt-review-package/evidence/scaling/n124/first,0.001,1,0,Sleep::,
gpt-review-package/evidence/scaling/n124/first,1.025,1,1,"Query:executing:SELECT d.*, r.result_hash AS run_result_hash, b.output_hash AS batch_output_hash
        FROM em_prediction_display d
        LEFT JOIN em_prediction_run r ON r",
gpt-review-package/evidence/scaling/n124/first,2.04,1,1,"Query:executing:SELECT d.*, r.result_hash AS run_result_hash, b.output_hash AS batch_output_hash
        FROM em_prediction_display d
        LEFT JOIN em_prediction_run r ON r",
gpt-review-package/evidence/scaling/n1240/first,0.001,1,0,Sleep::,
gpt-review-package/evidence/scaling/n1240/first,1.012,1,1,"Query:executing:SELECT d.*, r.result_hash AS run_result_hash, b.output_hash AS batch_output_hash
        FROM em_prediction_display d
        LEFT JOIN em_prediction_run r ON r",
gpt-review-package/evidence/scaling/n1240/first,2.032,1,1,"Query:executing:SELECT d.*, r.result_hash AS run_result_hash, b.output_hash AS batch_output_hash
        FROM em_prediction_display d
        LEFT JOIN em_prediction_run r ON r",
gpt-review-package/evidence/scaling/n1240/first,3.044,1,1,"Query:executing:SELECT d.*, r.result_hash AS run_result_hash, b.output_hash AS batch_output_hash
        FROM em_prediction_display d
        LEFT JOIN em_prediction_run r ON r",
gpt-review-package/evidence/scaling/n1240/first,4.057,1,1,"Query:executing:SELECT d.*, r.result_hash AS run_result_hash, b.output_hash AS batch_output_hash
        FROM em_prediction_display d
        LEFT JOIN em_prediction_run r ON r",
gpt-review-package/evidence/scaling/n1240/first,5.071,1,1,"Query:executing:SELECT d.*, r.result_hash AS run_result_hash, b.output_hash AS batch_output_hash
        FROM em_prediction_display d
        LEFT JOIN em_prediction_run r ON r",
gpt-review-package/evidence/scaling/n1240/first,7.021,1,1,"Query:executing:SELECT d.*, r.result_hash AS run_result_hash, b.output_hash AS batch_output_hash
        FROM em_prediction_display d
        LEFT JOIN em_prediction_run r ON r",
gpt-review-package/evidence/scaling/n1240/first,8.03,1,1,"Query:executing:SELECT d.*, r.result_hash AS run_result_hash, b.output_hash AS batch_output_hash
        FROM em_prediction_display d
        LEFT JOIN em_prediction_run r ON r",
gpt-review-package/evidence/scaling/n1240/first,9.043,1,1,"Query:executing:SELECT d.*, r.result_hash AS run_result_hash, b.output_hash AS batch_output_hash
        FROM em_prediction_display d
        LEFT JOIN em_prediction_run r ON r",
gpt-review-package/evidence/scaling/n1240/first,10.056,1,1,"Query:executing:SELECT d.*, r.result_hash AS run_result_hash, b.output_hash AS batch_output_hash
        FROM em_prediction_display d
        LEFT JOIN em_prediction_run r ON r",
gpt-review-package/evidence/scaling/n1240/first,11.064,1,1,"Query:executing:SELECT d.*, r.result_hash AS run_result_hash, b.output_hash AS batch_output_hash
        FROM em_prediction_display d
        LEFT JOIN em_prediction_run r ON r",
gpt-review-package/evidence/scaling/n1240/first,12.086,1,1,"Query:executing:SELECT d.*, r.result_hash AS run_result_hash, b.output_hash AS batch_output_hash
        FROM em_prediction_display d
        LEFT JOIN em_prediction_run r ON r",
gpt-review-package/evidence/scaling/n1240/first,13.097,1,1,"Query:executing:SELECT d.*, r.result_hash AS run_result_hash, b.output_hash AS batch_output_hash
        FROM em_prediction_display d
        LEFT JOIN em_prediction_run r ON r",
gpt-review-package/evidence/scaling/n1240/first,14.122,1,1,"Query:executing:SELECT d.*, r.result_hash AS run_result_hash, b.output_hash AS batch_output_hash
        FROM em_prediction_display d
        LEFT JOIN em_prediction_run r ON r",
gpt-review-package/evidence/scaling/n1240/first,15.134,1,1,"Query:executing:SELECT d.*, r.result_hash AS run_result_hash, b.output_hash AS batch_output_hash
        FROM em_prediction_display d
        LEFT JOIN em_prediction_run r ON r",
gpt-review-package/evidence/scaling/n1240/first,17.178,1,1,"Query:executing:SELECT d.*, r.result_hash AS run_result_hash, b.output_hash AS batch_output_hash
        FROM em_prediction_display d
        LEFT JOIN em_prediction_run r ON r",
gpt-review-package/evidence/scaling/n1240/first,18.189,1,1,"Query:executing:SELECT d.*, r.result_hash AS run_result_hash, b.output_hash AS batch_output_hash
        FROM em_prediction_display d
        LEFT JOIN em_prediction_run r ON r",
gpt-review-package/evidence/scaling/n1240/first,19.211,1,1,"Query:executing:SELECT d.*, r.result_hash AS run_result_hash, b.output_hash AS batch_output_hash
        FROM em_prediction_display d
        LEFT JOIN em_prediction_run r ON r",
gpt-review-package/evidence/scaling/n1240/first,20.22,1,1,"Query:executing:SELECT d.*, r.result_hash AS run_result_hash, b.output_hash AS batch_output_hash
        FROM em_prediction_display d
        LEFT JOIN em_prediction_run r ON r",
gpt-review-package/evidence/scaling/n1240/first,21.232,1,1,"Query:executing:SELECT d.*, r.result_hash AS run_result_hash, b.output_hash AS batch_output_hash
        FROM em_prediction_display d
        LEFT JOIN em_prediction_run r ON r",
gpt-review-package/evidence/scaling/n1240/first,22.254,1,1,"Query:executing:SELECT d.*, r.result_hash AS run_result_hash, b.output_hash AS batch_output_hash
        FROM em_prediction_display d
        LEFT JOIN em_prediction_run r ON r",
gpt-review-package/evidence/scaling/n1240/first,23.269,1,1,"Query:executing:SELECT d.*, r.result_hash AS run_result_hash, b.output_hash AS batch_output_hash
        FROM em_prediction_display d
        LEFT JOIN em_prediction_run r ON r",
gpt-review-package/evidence/scaling/n1240/first,24.277,1,1,"Query:executing:SELECT d.*, r.result_hash AS run_result_hash, b.output_hash AS batch_output_hash
        FROM em_prediction_display d
        LEFT JOIN em_prediction_run r ON r",
gpt-review-package/evidence/scaling/n1240/first,25.3,1,1,"Query:executing:SELECT d.*, r.result_hash AS run_result_hash, b.output_hash AS batch_output_hash
        FROM em_prediction_display d
        LEFT JOIN em_prediction_run r ON r",
gpt-review-package/evidence/scaling/n1240/first,26.321,1,1,"Query:executing:SELECT d.*, r.result_hash AS run_result_hash, b.output_hash AS batch_output_hash
        FROM em_prediction_display d
        LEFT JOIN em_prediction_run r ON r",
gpt-review-package/evidence/scaling/n1240/first,27.335,1,1,"Query:executing:SELECT d.*, r.result_hash AS run_result_hash, b.output_hash AS batch_output_hash
        FROM em_prediction_display d
        LEFT JOIN em_prediction_run r ON r",
gpt-review-package/evidence/scaling/n1240/first,28.349,1,1,"Query:executing:SELECT d.*, r.result_hash AS run_result_hash, b.output_hash AS batch_output_hash
        FROM em_prediction_display d
        LEFT JOIN em_prediction_run r ON r",
gpt-review-package/evidence/scaling/n1240/first,29.361,1,1,"Query:executing:SELECT d.*, r.result_hash AS run_result_hash, b.output_hash AS batch_output_hash
        FROM em_prediction_display d
        LEFT JOIN em_prediction_run r ON r",
gpt-review-package/evidence/scaling/n1240/first,30.369,1,1,"Query:executing:SELECT d.*, r.result_hash AS run_result_hash, b.output_hash AS batch_output_hash
        FROM em_prediction_display d
        LEFT JOIN em_prediction_run r ON r",
gpt-review-package/evidence/scaling/n1240/first,32.206,1,1,"Query:executing:SELECT d.*, r.result_hash AS run_result_hash, b.output_hash AS batch_output_hash
        FROM em_prediction_display d
        LEFT JOIN em_prediction_run r ON r",
gpt-review-package/evidence/scaling/n1240/first,33.217,1,1,"Query:executing:SELECT d.*, r.result_hash AS run_result_hash, b.output_hash AS batch_output_hash
        FROM em_prediction_display d
        LEFT JOIN em_prediction_run r ON r",
gpt-review-package/evidence/scaling/n1240/first,34.227,1,1,"Query:executing:SELECT d.*, r.result_hash AS run_result_hash, b.output_hash AS batch_output_hash
        FROM em_prediction_display d
        LEFT JOIN em_prediction_run r ON r",
gpt-review-package/evidence/scaling/n1240/first,35.239,1,1,"Query:executing:SELECT d.*, r.result_hash AS run_result_hash, b.output_hash AS batch_output_hash
        FROM em_prediction_display d
        LEFT JOIN em_prediction_run r ON r",
gpt-review-package/evidence/scaling/n1240/first,36.25,1,1,"Query:executing:SELECT d.*, r.result_hash AS run_result_hash, b.output_hash AS batch_output_hash
        FROM em_prediction_display d
        LEFT JOIN em_prediction_run r ON r",
gpt-review-package/evidence/scaling/n1240/first,37.263,1,1,"Query:executing:SELECT d.*, r.result_hash AS run_result_hash, b.output_hash AS batch_output_hash
        FROM em_prediction_display d
        LEFT JOIN em_prediction_run r ON r",
gpt-review-package/evidence/scaling/n1240/first,38.277,1,1,"Query:executing:SELECT d.*, r.result_hash AS run_result_hash, b.output_hash AS batch_output_hash
        FROM em_prediction_display d
        LEFT JOIN em_prediction_run r ON r",
gpt-review-package/evidence/scaling/n1240/first,39.291,1,1,"Query:executing:SELECT d.*, r.result_hash AS run_result_hash, b.output_hash AS batch_output_hash
        FROM em_prediction_display d
        LEFT JOIN em_prediction_run r ON r",
gpt-review-package/evidence/scaling/n1240/first,40.316,1,1,"Query:executing:SELECT d.*, r.result_hash AS run_result_hash, b.output_hash AS batch_output_hash
        FROM em_prediction_display d
        LEFT JOIN em_prediction_run r ON r",
gpt-review-package/evidence/scaling/n1240/first,41.328,1,1,"Query:executing:SELECT d.*, r.result_hash AS run_result_hash, b.output_hash AS batch_output_hash
        FROM em_prediction_display d
        LEFT JOIN em_prediction_run r ON r",
gpt-review-package/evidence/scaling/n1240/first,42.336,1,1,"Query:executing:SELECT d.*, r.result_hash AS run_result_hash, b.output_hash AS batch_output_hash
        FROM em_prediction_display d
        LEFT JOIN em_prediction_run r ON r",
gpt-review-package/evidence/scaling/n1240/first,43.363,1,1,"Query:executing:SELECT d.*, r.result_hash AS run_result_hash, b.output_hash AS batch_output_hash
        FROM em_prediction_display d
        LEFT JOIN em_prediction_run r ON r",
gpt-review-package/evidence/scaling/n1240/first,44.375,1,1,"Query:executing:SELECT d.*, r.result_hash AS run_result_hash, b.output_hash AS batch_output_hash
        FROM em_prediction_display d
        LEFT JOIN em_prediction_run r ON r",
gpt-review-package/evidence/scaling/n1240/first,45.395,1,1,"Query:executing:SELECT d.*, r.result_hash AS run_result_hash, b.output_hash AS batch_output_hash
        FROM em_prediction_display d
        LEFT JOIN em_prediction_run r ON r",
gpt-review-package/evidence/scaling/n1240/first,46.41,1,1,"Query:executing:SELECT d.*, r.result_hash AS run_result_hash, b.output_hash AS batch_output_hash
        FROM em_prediction_display d
        LEFT JOIN em_prediction_run r ON r",
gpt-review-package/evidence/scaling/n1240/first,47.429,1,1,"Query:executing:SELECT d.*, r.result_hash AS run_result_hash, b.output_hash AS batch_output_hash
        FROM em_prediction_display d
        LEFT JOIN em_prediction_run r ON r",
gpt-review-package/evidence/scaling/n1240/first,48.451,1,1,"Query:executing:SELECT d.*, r.result_hash AS run_result_hash, b.output_hash AS batch_output_hash
        FROM em_prediction_display d
        LEFT JOIN em_prediction_run r ON r",
gpt-review-package/evidence/scaling/n1240/first,49.46,1,1,"Query:executing:SELECT d.*, r.result_hash AS run_result_hash, b.output_hash AS batch_output_hash
        FROM em_prediction_display d
        LEFT JOIN em_prediction_run r ON r",
gpt-review-package/evidence/scaling/n1240/first,50.483,1,1,"Query:executing:SELECT d.*, r.result_hash AS run_result_hash, b.output_hash AS batch_output_hash
        FROM em_prediction_display d
        LEFT JOIN em_prediction_run r ON r",
gpt-review-package/evidence/scaling/n1240/first,51.504,1,1,"Query:executing:SELECT d.*, r.result_hash AS run_result_hash, b.output_hash AS batch_output_hash
        FROM em_prediction_display d
        LEFT JOIN em_prediction_run r ON r",
gpt-review-package/evidence/scaling/n1240/first,52.512,1,1,"Query:executing:SELECT d.*, r.result_hash AS run_result_hash, b.output_hash AS batch_output_hash
        FROM em_prediction_display d
        LEFT JOIN em_prediction_run r ON r",
gpt-review-package/evidence/scaling/n1240/first,53.529,1,1,"Query:executing:SELECT d.*, r.result_hash AS run_result_hash, b.output_hash AS batch_output_hash
        FROM em_prediction_display d
        LEFT JOIN em_prediction_run r ON r",
gpt-review-package/evidence/scaling/n1240/first,54.54,1,1,"Query:executing:SELECT d.*, r.result_hash AS run_result_hash, b.output_hash AS batch_output_hash
        FROM em_prediction_display d
        LEFT JOIN em_prediction_run r ON r",
gpt-review-package/evidence/scaling/n1240/first,55.548,1,1,"Query:executing:SELECT d.*, r.result_hash AS run_result_hash, b.output_hash AS batch_output_hash
        FROM em_prediction_display d
        LEFT JOIN em_prediction_run r ON r",
gpt-review-package/evidence/scaling/n1240/first,56.56,1,1,"Query:executing:SELECT d.*, r.result_hash AS run_result_hash, b.output_hash AS batch_output_hash
        FROM em_prediction_display d
        LEFT JOIN em_prediction_run r ON r",
gpt-review-package/evidence/scaling/n1240/first,57.571,1,1,"Query:executing:SELECT d.*, r.result_hash AS run_result_hash, b.output_hash AS batch_output_hash
        FROM em_prediction_display d
        LEFT JOIN em_prediction_run r ON r",
gpt-review-package/evidence/scaling/n1240/first,58.582,1,1,"Query:executing:SELECT d.*, r.result_hash AS run_result_hash, b.output_hash AS batch_output_hash
        FROM em_prediction_display d
        LEFT JOIN em_prediction_run r ON r",
gpt-review-package/evidence/scaling/n1240/first,59.594,1,1,"Query:executing:SELECT d.*, r.result_hash AS run_result_hash, b.output_hash AS batch_output_hash
        FROM em_prediction_display d
        LEFT JOIN em_prediction_run r ON r",
gpt-review-package/evidence/scaling/n1240/first,60.617,1,1,"Query:executing:SELECT d.*, r.result_hash AS run_result_hash, b.output_hash AS batch_output_hash
        FROM em_prediction_display d
        LEFT JOIN em_prediction_run r ON r",
gpt-review-package/evidence/scaling/n1240/first,62.455,1,1,"Query:executing:SELECT d.*, r.result_hash AS run_result_hash, b.output_hash AS batch_output_hash
        FROM em_prediction_display d
        LEFT JOIN em_prediction_run r ON r",
gpt-review-package/evidence/scaling/n1240/first,63.468,1,1,"Query:executing:SELECT d.*, r.result_hash AS run_result_hash, b.output_hash AS batch_output_hash
        FROM em_prediction_display d
        LEFT JOIN em_prediction_run r ON r",
gpt-review-package/evidence/scaling/n1240/first,64.477,1,1,"Query:executing:SELECT d.*, r.result_hash AS run_result_hash, b.output_hash AS batch_output_hash
        FROM em_prediction_display d
        LEFT JOIN em_prediction_run r ON r",
gpt-review-package/evidence/scaling/n1240/first,65.489,1,1,"Query:executing:SELECT d.*, r.result_hash AS run_result_hash, b.output_hash AS batch_output_hash
        FROM em_prediction_display d
        LEFT JOIN em_prediction_run r ON r",
gpt-review-package/evidence/scaling/n1240/first,66.5,1,1,"Query:executing:SELECT d.*, r.result_hash AS run_result_hash, b.output_hash AS batch_output_hash
        FROM em_prediction_display d
        LEFT JOIN em_prediction_run r ON r",
gpt-review-package/evidence/scaling/n1240/first,67.513,1,1,"Query:executing:SELECT d.*, r.result_hash AS run_result_hash, b.output_hash AS batch_output_hash
        FROM em_prediction_display d
        LEFT JOIN em_prediction_run r ON r",
gpt-review-package/evidence/scaling/n1240/first,68.523,1,1,"Query:executing:SELECT d.*, r.result_hash AS run_result_hash, b.output_hash AS batch_output_hash
        FROM em_prediction_display d
        LEFT JOIN em_prediction_run r ON r",
gpt-review-package/evidence/scaling/n1240/first,69.532,1,1,"Query:executing:SELECT d.*, r.result_hash AS run_result_hash, b.output_hash AS batch_output_hash
        FROM em_prediction_display d
        LEFT JOIN em_prediction_run r ON r",
gpt-review-package/evidence/scaling/n1240/first,70.543,1,1,"Query:executing:SELECT d.*, r.result_hash AS run_result_hash, b.output_hash AS batch_output_hash
        FROM em_prediction_display d
        LEFT JOIN em_prediction_run r ON r",
gpt-review-package/evidence/scaling/n1240/first,71.557,1,1,"Query:executing:SELECT d.*, r.result_hash AS run_result_hash, b.output_hash AS batch_output_hash
        FROM em_prediction_display d
        LEFT JOIN em_prediction_run r ON r",
gpt-review-package/evidence/scaling/n1240/first,72.568,1,1,"Query:executing:SELECT d.*, r.result_hash AS run_result_hash, b.output_hash AS batch_output_hash
        FROM em_prediction_display d
        LEFT JOIN em_prediction_run r ON r",
gpt-review-package/evidence/scaling/n1240/first,73.581,1,1,"Query:executing:SELECT d.*, r.result_hash AS run_result_hash, b.output_hash AS batch_output_hash
        FROM em_prediction_display d
        LEFT JOIN em_prediction_run r ON r",
gpt-review-package/evidence/scaling/n1240/first,74.603,1,1,"Query:executing:SELECT d.*, r.result_hash AS run_result_hash, b.output_hash AS batch_output_hash
        FROM em_prediction_display d
        LEFT JOIN em_prediction_run r ON r",
gpt-review-package/evidence/scaling/n1240/first,75.623,1,1,"Query:executing:SELECT d.*, r.result_hash AS run_result_hash, b.output_hash AS batch_output_hash
        FROM em_prediction_display d
        LEFT JOIN em_prediction_run r ON r",
gpt-review-package/evidence/scaling/n1240/first,76.639,1,1,"Query:executing:SELECT d.*, r.result_hash AS run_result_hash, b.output_hash AS batch_output_hash
        FROM em_prediction_display d
        LEFT JOIN em_prediction_run r ON r",
gpt-review-package/evidence/scaling/n1240/first,77.65,1,1,"Query:executing:SELECT d.*, r.result_hash AS run_result_hash, b.output_hash AS batch_output_hash
        FROM em_prediction_display d
        LEFT JOIN em_prediction_run r ON r",
gpt-review-package/evidence/scaling/n1240/first,78.662,1,1,"Query:executing:SELECT d.*, r.result_hash AS run_result_hash, b.output_hash AS batch_output_hash
        FROM em_prediction_display d
        LEFT JOIN em_prediction_run r ON r",
gpt-review-package/evidence/scaling/n1240/first,79.681,1,1,"Query:executing:SELECT d.*, r.result_hash AS run_result_hash, b.output_hash AS batch_output_hash
        FROM em_prediction_display d
        LEFT JOIN em_prediction_run r ON r",
gpt-review-package/evidence/scaling/n1240/first,80.704,1,1,"Query:executing:SELECT d.*, r.result_hash AS run_result_hash, b.output_hash AS batch_output_hash
        FROM em_prediction_display d
        LEFT JOIN em_prediction_run r ON r",
gpt-review-package/evidence/scaling/n1240/first,81.72,1,1,"Query:executing:SELECT d.*, r.result_hash AS run_result_hash, b.output_hash AS batch_output_hash
        FROM em_prediction_display d
        LEFT JOIN em_prediction_run r ON r",
gpt-review-package/evidence/scaling/n1240/first,82.742,1,1,"Query:executing:SELECT d.*, r.result_hash AS run_result_hash, b.output_hash AS batch_output_hash
        FROM em_prediction_display d
        LEFT JOIN em_prediction_run r ON r",
gpt-review-package/evidence/scaling/n1240/first,83.759,1,1,"Query:executing:SELECT d.*, r.result_hash AS run_result_hash, b.output_hash AS batch_output_hash
        FROM em_prediction_display d
        LEFT JOIN em_prediction_run r ON r",
gpt-review-package/evidence/scaling/n1240/first,84.781,1,1,"Query:executing:SELECT d.*, r.result_hash AS run_result_hash, b.output_hash AS batch_output_hash
        FROM em_prediction_display d
        LEFT JOIN em_prediction_run r ON r",
gpt-review-package/evidence/scaling/n1240/first,85.795,1,1,"Query:executing:SELECT d.*, r.result_hash AS run_result_hash, b.output_hash AS batch_output_hash
        FROM em_prediction_display d
        LEFT JOIN em_prediction_run r ON r",
gpt-review-package/evidence/scaling/n1240/first,86.808,1,1,"Query:executing:SELECT d.*, r.result_hash AS run_result_hash, b.output_hash AS batch_output_hash
        FROM em_prediction_display d
        LEFT JOIN em_prediction_run r ON r",
gpt-review-package/evidence/scaling/n1240/first,87.819,1,1,"Query:executing:SELECT d.*, r.result_hash AS run_result_hash, b.output_hash AS batch_output_hash
        FROM em_prediction_display d
        LEFT JOIN em_prediction_run r ON r",
gpt-review-package/evidence/scaling/n1240/first,88.846,1,1,"Query:executing:SELECT d.*, r.result_hash AS run_result_hash, b.output_hash AS batch_output_hash
        FROM em_prediction_display d
        LEFT JOIN em_prediction_run r ON r",
gpt-review-package/evidence/scaling/n1240/first,89.87,1,1,"Query:executing:SELECT d.*, r.result_hash AS run_result_hash, b.output_hash AS batch_output_hash
        FROM em_prediction_display d
        LEFT JOIN em_prediction_run r ON r",
gpt-review-package/evidence/scaling/n1240/first,90.884,1,1,"Query:executing:SELECT d.*, r.result_hash AS run_result_hash, b.output_hash AS batch_output_hash
        FROM em_prediction_display d
        LEFT JOIN em_prediction_run r ON r",
gpt-review-package/evidence/scaling/n1240/first,91.893,1,1,"Query:executing:SELECT d.*, r.result_hash AS run_result_hash, b.output_hash AS batch_output_hash
        FROM em_prediction_display d
        LEFT JOIN em_prediction_run r ON r",
gpt-review-package/evidence/scaling/n1240/first,92.904,1,1,"Query:executing:SELECT d.*, r.result_hash AS run_result_hash, b.output_hash AS batch_output_hash
        FROM em_prediction_display d
        LEFT JOIN em_prediction_run r ON r",
gpt-review-package/evidence/scaling/n1240/first,93.919,1,1,"Query:executing:SELECT d.*, r.result_hash AS run_result_hash, b.output_hash AS batch_output_hash
        FROM em_prediction_display d
        LEFT JOIN em_prediction_run r ON r",
gpt-review-package/evidence/scaling/n1240/first,94.932,1,1,"Query:executing:SELECT d.*, r.result_hash AS run_result_hash, b.output_hash AS batch_output_hash
        FROM em_prediction_display d
        LEFT JOIN em_prediction_run r ON r",
gpt-review-package/evidence/scaling/n1240/first,95.943,1,1,"Query:executing:SELECT d.*, r.result_hash AS run_result_hash, b.output_hash AS batch_output_hash
        FROM em_prediction_display d
        LEFT JOIN em_prediction_run r ON r",
gpt-review-package/evidence/scaling/n1240/first,96.964,1,1,"Query:executing:SELECT d.*, r.result_hash AS run_result_hash, b.output_hash AS batch_output_hash
        FROM em_prediction_display d
        LEFT JOIN em_prediction_run r ON r",
gpt-review-package/evidence/scaling/n1240/first,97.977,1,1,"Query:executing:SELECT d.*, r.result_hash AS run_result_hash, b.output_hash AS batch_output_hash
        FROM em_prediction_display d
        LEFT JOIN em_prediction_run r ON r",
gpt-review-package/evidence/scaling/n1240/first,98.986,1,1,"Query:executing:SELECT d.*, r.result_hash AS run_result_hash, b.output_hash AS batch_output_hash
        FROM em_prediction_display d
        LEFT JOIN em_prediction_run r ON r",
gpt-review-package/evidence/scaling/n1240/first,99.999,1,1,"Query:executing:SELECT d.*, r.result_hash AS run_result_hash, b.output_hash AS batch_output_hash
        FROM em_prediction_display d
        LEFT JOIN em_prediction_run r ON r",
gpt-review-package/evidence/scaling/n1240/first,101.011,1,1,"Query:executing:SELECT d.*, r.result_hash AS run_result_hash, b.output_hash AS batch_output_hash
        FROM em_prediction_display d
        LEFT JOIN em_prediction_run r ON r",
gpt-review-package/evidence/scaling/n1240/first,102.021,1,1,"Query:executing:SELECT d.*, r.result_hash AS run_result_hash, b.output_hash AS batch_output_hash
        FROM em_prediction_display d
        LEFT JOIN em_prediction_run r ON r",
gpt-review-package/evidence/scaling/n1240/first,103.043,1,1,"Query:executing:SELECT d.*, r.result_hash AS run_result_hash, b.output_hash AS batch_output_hash
        FROM em_prediction_display d
        LEFT JOIN em_prediction_run r ON r",
gpt-review-package/evidence/scaling/n1240/first,104.057,1,1,"Query:executing:SELECT d.*, r.result_hash AS run_result_hash, b.output_hash AS batch_output_hash
        FROM em_prediction_display d
        LEFT JOIN em_prediction_run r ON r",
gpt-review-package/evidence/scaling/n1240/first,105.07,1,1,"Query:executing:SELECT d.*, r.result_hash AS run_result_hash, b.output_hash AS batch_output_hash
        FROM em_prediction_display d
        LEFT JOIN em_prediction_run r ON r",
gpt-review-package/evidence/scaling/n1240/first,106.079,1,1,"Query:executing:SELECT d.*, r.result_hash AS run_result_hash, b.output_hash AS batch_output_hash
        FROM em_prediction_display d
        LEFT JOIN em_prediction_run r ON r",
gpt-review-package/evidence/scaling/n1240/first,107.092,1,1,"Query:executing:SELECT d.*, r.result_hash AS run_result_hash, b.output_hash AS batch_output_hash
        FROM em_prediction_display d
        LEFT JOIN em_prediction_run r ON r",
gpt-review-package/evidence/scaling/n1240/first,108.104,1,1,"Query:executing:SELECT d.*, r.result_hash AS run_result_hash, b.output_hash AS batch_output_hash
        FROM em_prediction_display d
        LEFT JOIN em_prediction_run r ON r",
gpt-review-package/evidence/scaling/n1240/first,109.113,1,1,"Query:executing:SELECT d.*, r.result_hash AS run_result_hash, b.output_hash AS batch_output_hash
        FROM em_prediction_display d
        LEFT JOIN em_prediction_run r ON r",
gpt-review-package/evidence/scaling/n1240/first,110.121,1,1,"Query:executing:SELECT d.*, r.result_hash AS run_result_hash, b.output_hash AS batch_output_hash
        FROM em_prediction_display d
        LEFT JOIN em_prediction_run r ON r",
gpt-review-package/evidence/scaling/n1240/first,111.149,1,1,"Query:executing:SELECT d.*, r.result_hash AS run_result_hash, b.output_hash AS batch_output_hash
        FROM em_prediction_display d
        LEFT JOIN em_prediction_run r ON r",
gpt-review-package/evidence/scaling/n1240/first,112.166,1,1,"Query:executing:SELECT d.*, r.result_hash AS run_result_hash, b.output_hash AS batch_output_hash
        FROM em_prediction_display d
        LEFT JOIN em_prediction_run r ON r",
gpt-review-package/evidence/scaling/n1240/first,113.18,1,1,"Query:executing:SELECT d.*, r.result_hash AS run_result_hash, b.output_hash AS batch_output_hash
        FROM em_prediction_display d
        LEFT JOIN em_prediction_run r ON r",
gpt-review-package/evidence/scaling/n1240/first,114.201,1,1,"Query:executing:SELECT d.*, r.result_hash AS run_result_hash, b.output_hash AS batch_output_hash
        FROM em_prediction_display d
        LEFT JOIN em_prediction_run r ON r",
gpt-review-package/evidence/scaling/n1240/first,115.222,1,1,"Query:executing:SELECT d.*, r.result_hash AS run_result_hash, b.output_hash AS batch_output_hash
        FROM em_prediction_display d
        LEFT JOIN em_prediction_run r ON r",
gpt-review-package/evidence/scaling/n1240/first,116.242,1,1,"Query:executing:SELECT d.*, r.result_hash AS run_result_hash, b.output_hash AS batch_output_hash
        FROM em_prediction_display d
        LEFT JOIN em_prediction_run r ON r",
gpt-review-package/evidence/scaling/n1240/first,117.261,1,1,"Query:executing:SELECT d.*, r.result_hash AS run_result_hash, b.output_hash AS batch_output_hash
        FROM em_prediction_display d
        LEFT JOIN em_prediction_run r ON r",
gpt-review-package/evidence/scaling/n1240/first,118.282,1,1,"Query:executing:SELECT d.*, r.result_hash AS run_result_hash, b.output_hash AS batch_output_hash
        FROM em_prediction_display d
        LEFT JOIN em_prediction_run r ON r",
gpt-review-package/evidence/scaling/n1240/first,119.29,1,1,"Query:executing:SELECT d.*, r.result_hash AS run_result_hash, b.output_hash AS batch_output_hash
        FROM em_prediction_display d
        LEFT JOIN em_prediction_run r ON r",
gpt-review-package/evidence/scaling/n1240/first,120.303,1,1,"Query:executing:SELECT d.*, r.result_hash AS run_result_hash, b.output_hash AS batch_output_hash
        FROM em_prediction_display d
        LEFT JOIN em_prediction_run r ON r",
gpt-review-package/evidence/scaling/n1240/first,122.448,1,1,"Query:executing:SELECT d.*, r.result_hash AS run_result_hash, b.output_hash AS batch_output_hash
        FROM em_prediction_display d
        LEFT JOIN em_prediction_run r ON r",
gpt-review-package/evidence/scaling/n1240/first,123.464,1,1,"Query:executing:SELECT d.*, r.result_hash AS run_result_hash, b.output_hash AS batch_output_hash
        FROM em_prediction_display d
        LEFT JOIN em_prediction_run r ON r",
gpt-review-package/evidence/scaling/n1240/first,124.472,1,1,"Query:executing:SELECT d.*, r.result_hash AS run_result_hash, b.output_hash AS batch_output_hash
        FROM em_prediction_display d
        LEFT JOIN em_prediction_run r ON r",
gpt-review-package/evidence/scaling/n1240/first,125.489,1,1,"Query:executing:SELECT d.*, r.result_hash AS run_result_hash, b.output_hash AS batch_output_hash
        FROM em_prediction_display d
        LEFT JOIN em_prediction_run r ON r",
gpt-review-package/evidence/scaling/n1240/first,126.508,1,1,"Query:executing:SELECT d.*, r.result_hash AS run_result_hash, b.output_hash AS batch_output_hash
        FROM em_prediction_display d
        LEFT JOIN em_prediction_run r ON r",
gpt-review-package/evidence/scaling/n1240/first,127.542,1,1,"Query:executing:SELECT d.*, r.result_hash AS run_result_hash, b.output_hash AS batch_output_hash
        FROM em_prediction_display d
        LEFT JOIN em_prediction_run r ON r",
gpt-review-package/evidence/scaling/n1240/first,128.561,1,1,"Query:executing:SELECT d.*, r.result_hash AS run_result_hash, b.output_hash AS batch_output_hash
        FROM em_prediction_display d
        LEFT JOIN em_prediction_run r ON r",
gpt-review-package/evidence/scaling/n1240/first,129.577,1,1,"Query:executing:SELECT d.*, r.result_hash AS run_result_hash, b.output_hash AS batch_output_hash
        FROM em_prediction_display d
        LEFT JOIN em_prediction_run r ON r",
gpt-review-package/evidence/scaling/n1240/first,130.6,1,1,"Query:executing:SELECT d.*, r.result_hash AS run_result_hash, b.output_hash AS batch_output_hash
        FROM em_prediction_display d
        LEFT JOIN em_prediction_run r ON r",
gpt-review-package/evidence/scaling/n1240/first,131.612,1,1,"Query:executing:SELECT d.*, r.result_hash AS run_result_hash, b.output_hash AS batch_output_hash
        FROM em_prediction_display d
        LEFT JOIN em_prediction_run r ON r",
gpt-review-package/evidence/scaling/n1240/first,132.62,1,1,"Query:executing:SELECT d.*, r.result_hash AS run_result_hash, b.output_hash AS batch_output_hash
        FROM em_prediction_display d
        LEFT JOIN em_prediction_run r ON r",
gpt-review-package/evidence/scaling/n1240/first,133.643,1,1,"Query:executing:SELECT d.*, r.result_hash AS run_result_hash, b.output_hash AS batch_output_hash
        FROM em_prediction_display d
        LEFT JOIN em_prediction_run r ON r",
gpt-review-package/evidence/scaling/n1240/first,134.654,1,1,"Query:executing:SELECT d.*, r.result_hash AS run_result_hash, b.output_hash AS batch_output_hash
        FROM em_prediction_display d
        LEFT JOIN em_prediction_run r ON r",
gpt-review-package/evidence/scaling/n1240/first,135.671,1,1,"Query:executing:SELECT d.*, r.result_hash AS run_result_hash, b.output_hash AS batch_output_hash
        FROM em_prediction_display d
        LEFT JOIN em_prediction_run r ON r",
gpt-review-package/evidence/scaling/n1240/first,136.694,1,1,"Query:executing:SELECT d.*, r.result_hash AS run_result_hash, b.output_hash AS batch_output_hash
        FROM em_prediction_display d
        LEFT JOIN em_prediction_run r ON r",
gpt-review-package/evidence/scaling/n1240/first,137.705,1,1,"Query:executing:SELECT d.*, r.result_hash AS run_result_hash, b.output_hash AS batch_output_hash
        FROM em_prediction_display d
        LEFT JOIN em_prediction_run r ON r",
gpt-review-package/evidence/scaling/n1240/first,138.716,1,1,"Query:executing:SELECT d.*, r.result_hash AS run_result_hash, b.output_hash AS batch_output_hash
        FROM em_prediction_display d
        LEFT JOIN em_prediction_run r ON r",
gpt-review-package/evidence/scaling/n1240/first,139.727,1,1,"Query:executing:SELECT d.*, r.result_hash AS run_result_hash, b.output_hash AS batch_output_hash
        FROM em_prediction_display d
        LEFT JOIN em_prediction_run r ON r",
gpt-review-package/evidence/scaling/n1240/first,140.735,1,1,"Query:executing:SELECT d.*, r.result_hash AS run_result_hash, b.output_hash AS batch_output_hash
        FROM em_prediction_display d
        LEFT JOIN em_prediction_run r ON r",
gpt-review-package/evidence/scaling/n1240/first,141.748,1,1,"Query:executing:SELECT d.*, r.result_hash AS run_result_hash, b.output_hash AS batch_output_hash
        FROM em_prediction_display d
        LEFT JOIN em_prediction_run r ON r",
gpt-review-package/evidence/scaling/n1240/first,142.758,1,1,"Query:executing:SELECT d.*, r.result_hash AS run_result_hash, b.output_hash AS batch_output_hash
        FROM em_prediction_display d
        LEFT JOIN em_prediction_run r ON r",
gpt-review-package/evidence/scaling/n1240/first,143.772,1,1,"Query:executing:SELECT d.*, r.result_hash AS run_result_hash, b.output_hash AS batch_output_hash
        FROM em_prediction_display d
        LEFT JOIN em_prediction_run r ON r",
gpt-review-package/evidence/scaling/n1240/first,144.794,1,1,"Query:executing:SELECT d.*, r.result_hash AS run_result_hash, b.output_hash AS batch_output_hash
        FROM em_prediction_display d
        LEFT JOIN em_prediction_run r ON r",
gpt-review-package/evidence/scaling/n1240/first,145.818,1,1,"Query:executing:SELECT d.*, r.result_hash AS run_result_hash, b.output_hash AS batch_output_hash
        FROM em_prediction_display d
        LEFT JOIN em_prediction_run r ON r",
gpt-review-package/evidence/scaling/n1240/first,146.843,1,1,"Query:executing:SELECT d.*, r.result_hash AS run_result_hash, b.output_hash AS batch_output_hash
        FROM em_prediction_display d
        LEFT JOIN em_prediction_run r ON r",
gpt-review-package/evidence/scaling/n1240/first,147.862,1,1,"Query:executing:SELECT d.*, r.result_hash AS run_result_hash, b.output_hash AS batch_output_hash
        FROM em_prediction_display d
        LEFT JOIN em_prediction_run r ON r",
gpt-review-package/evidence/scaling/n1240/first,148.878,1,1,"Query:executing:SELECT d.*, r.result_hash AS run_result_hash, b.output_hash AS batch_output_hash
        FROM em_prediction_display d
        LEFT JOIN em_prediction_run r ON r",
gpt-review-package/evidence/scaling/n1240/first,149.891,1,1,"Query:executing:SELECT d.*, r.result_hash AS run_result_hash, b.output_hash AS batch_output_hash
        FROM em_prediction_display d
        LEFT JOIN em_prediction_run r ON r",
gpt-review-package/evidence/scaling/n1240/first,150.922,1,1,"Query:executing:SELECT d.*, r.result_hash AS run_result_hash, b.output_hash AS batch_output_hash
        FROM em_prediction_display d
        LEFT JOIN em_prediction_run r ON r",
gpt-review-package/evidence/scaling/n1240/first,151.935,1,1,"Query:executing:SELECT d.*, r.result_hash AS run_result_hash, b.output_hash AS batch_output_hash
        FROM em_prediction_display d
        LEFT JOIN em_prediction_run r ON r",
gpt-review-package/evidence/scaling/n1240/first,152.949,1,1,"Query:executing:SELECT d.*, r.result_hash AS run_result_hash, b.output_hash AS batch_output_hash
        FROM em_prediction_display d
        LEFT JOIN em_prediction_run r ON r",
gpt-review-package/evidence/scaling/n1240/first,153.965,1,1,"Query:executing:SELECT d.*, r.result_hash AS run_result_hash, b.output_hash AS batch_output_hash
        FROM em_prediction_display d
        LEFT JOIN em_prediction_run r ON r",
gpt-review-package/evidence/scaling/n1240/first,154.981,1,1,"Query:executing:SELECT d.*, r.result_hash AS run_result_hash, b.output_hash AS batch_output_hash
        FROM em_prediction_display d
        LEFT JOIN em_prediction_run r ON r",
gpt-review-package/evidence/scaling/n1240/first,155.994,1,1,"Query:executing:SELECT d.*, r.result_hash AS run_result_hash, b.output_hash AS batch_output_hash
        FROM em_prediction_display d
        LEFT JOIN em_prediction_run r ON r",
gpt-review-package/evidence/scaling/n1240/first,157.004,1,1,"Query:executing:SELECT d.*, r.result_hash AS run_result_hash, b.output_hash AS batch_output_hash
        FROM em_prediction_display d
        LEFT JOIN em_prediction_run r ON r",
gpt-review-package/evidence/scaling/n1240/first,158.019,1,1,"Query:executing:SELECT d.*, r.result_hash AS run_result_hash, b.output_hash AS batch_output_hash
        FROM em_prediction_display d
        LEFT JOIN em_prediction_run r ON r",
gpt-review-package/evidence/scaling/n1240/first,159.048,1,1,"Query:executing:SELECT d.*, r.result_hash AS run_result_hash, b.output_hash AS batch_output_hash
        FROM em_prediction_display d
        LEFT JOIN em_prediction_run r ON r",
gpt-review-package/evidence/scaling/n1240/first,160.07,1,1,"Query:executing:SELECT d.*, r.result_hash AS run_result_hash, b.output_hash AS batch_output_hash
        FROM em_prediction_display d
        LEFT JOIN em_prediction_run r ON r",
gpt-review-package/evidence/scaling/n1240/first,161.097,1,1,"Query:executing:SELECT d.*, r.result_hash AS run_result_hash, b.output_hash AS batch_output_hash
        FROM em_prediction_display d
        LEFT JOIN em_prediction_run r ON r",
gpt-review-package/evidence/scaling/n1240/first,162.109,1,1,"Query:executing:SELECT d.*, r.result_hash AS run_result_hash, b.output_hash AS batch_output_hash
        FROM em_prediction_display d
        LEFT JOIN em_prediction_run r ON r",
gpt-review-package/evidence/scaling/n1240/first,163.125,1,1,"Query:executing:SELECT d.*, r.result_hash AS run_result_hash, b.output_hash AS batch_output_hash
        FROM em_prediction_display d
        LEFT JOIN em_prediction_run r ON r",
gpt-review-package/evidence/scaling/n1240/first,164.137,1,1,"Query:executing:SELECT d.*, r.result_hash AS run_result_hash, b.output_hash AS batch_output_hash
        FROM em_prediction_display d
        LEFT JOIN em_prediction_run r ON r",
gpt-review-package/evidence/scaling/n1240/first,165.149,1,1,"Query:executing:SELECT d.*, r.result_hash AS run_result_hash, b.output_hash AS batch_output_hash
        FROM em_prediction_display d
        LEFT JOIN em_prediction_run r ON r",
gpt-review-package/evidence/scaling/n1240/first,166.173,1,1,"Query:executing:SELECT d.*, r.result_hash AS run_result_hash, b.output_hash AS batch_output_hash
        FROM em_prediction_display d
        LEFT JOIN em_prediction_run r ON r",
gpt-review-package/evidence/scaling/n1240/first,167.2,1,1,"Query:executing:SELECT d.*, r.result_hash AS run_result_hash, b.output_hash AS batch_output_hash
        FROM em_prediction_display d
        LEFT JOIN em_prediction_run r ON r",
gpt-review-package/evidence/scaling/n1240/first,168.213,1,1,"Query:executing:SELECT d.*, r.result_hash AS run_result_hash, b.output_hash AS batch_output_hash
        FROM em_prediction_display d
        LEFT JOIN em_prediction_run r ON r",
gpt-review-package/evidence/scaling/n1240/first,169.226,1,1,"Query:executing:SELECT d.*, r.result_hash AS run_result_hash, b.output_hash AS batch_output_hash
        FROM em_prediction_display d
        LEFT JOIN em_prediction_run r ON r",
gpt-review-package/evidence/scaling/n1240/first,170.241,1,1,"Query:executing:SELECT d.*, r.result_hash AS run_result_hash, b.output_hash AS batch_output_hash
        FROM em_prediction_display d
        LEFT JOIN em_prediction_run r ON r",
gpt-review-package/evidence/scaling/n1240/first,171.254,1,1,"Query:executing:SELECT d.*, r.result_hash AS run_result_hash, b.output_hash AS batch_output_hash
        FROM em_prediction_display d
        LEFT JOIN em_prediction_run r ON r",
gpt-review-package/evidence/scaling/n1240/first,172.262,1,1,"Query:executing:SELECT d.*, r.result_hash AS run_result_hash, b.output_hash AS batch_output_hash
        FROM em_prediction_display d
        LEFT JOIN em_prediction_run r ON r",
gpt-review-package/evidence/scaling/n1240/first,173.272,1,1,"Query:executing:SELECT d.*, r.result_hash AS run_result_hash, b.output_hash AS batch_output_hash
        FROM em_prediction_display d
        LEFT JOIN em_prediction_run r ON r",
gpt-review-package/evidence/scaling/n1240/first,174.288,1,1,"Query:executing:SELECT d.*, r.result_hash AS run_result_hash, b.output_hash AS batch_output_hash
        FROM em_prediction_display d
        LEFT JOIN em_prediction_run r ON r",
gpt-review-package/evidence/scaling/n1240/first,175.31,1,1,"Query:executing:SELECT d.*, r.result_hash AS run_result_hash, b.output_hash AS batch_output_hash
        FROM em_prediction_display d
        LEFT JOIN em_prediction_run r ON r",
gpt-review-package/evidence/scaling/n1240/first,176.332,1,1,"Query:executing:SELECT d.*, r.result_hash AS run_result_hash, b.output_hash AS batch_output_hash
        FROM em_prediction_display d
        LEFT JOIN em_prediction_run r ON r",
gpt-review-package/evidence/scaling/n1240/first,177.36,1,1,"Query:executing:SELECT d.*, r.result_hash AS run_result_hash, b.output_hash AS batch_output_hash
        FROM em_prediction_display d
        LEFT JOIN em_prediction_run r ON r",
gpt-review-package/evidence/scaling/n1240/first,178.378,1,1,"Query:executing:SELECT d.*, r.result_hash AS run_result_hash, b.output_hash AS batch_output_hash
        FROM em_prediction_display d
        LEFT JOIN em_prediction_run r ON r",
gpt-review-package/evidence/scaling/n1240/first,179.388,1,1,"Query:executing:SELECT d.*, r.result_hash AS run_result_hash, b.output_hash AS batch_output_hash
        FROM em_prediction_display d
        LEFT JOIN em_prediction_run r ON r",
gpt-review-package/evidence/scaling/n248/first,0.001,1,0,Sleep::,
gpt-review-package/evidence/scaling/n248/first,1.017,1,1,"Query:executing:SELECT d.*, r.result_hash AS run_result_hash, b.output_hash AS batch_output_hash
        FROM em_prediction_display d
        LEFT JOIN em_prediction_run r ON r",
gpt-review-package/evidence/scaling/n248/first,2.033,1,1,"Query:executing:SELECT d.*, r.result_hash AS run_result_hash, b.output_hash AS batch_output_hash
        FROM em_prediction_display d
        LEFT JOIN em_prediction_run r ON r",
gpt-review-package/evidence/scaling/n248/first,3.04,1,1,"Query:executing:SELECT d.*, r.result_hash AS run_result_hash, b.output_hash AS batch_output_hash
        FROM em_prediction_display d
        LEFT JOIN em_prediction_run r ON r",
gpt-review-package/evidence/scaling/n248/first,4.048,1,1,"Query:executing:SELECT d.*, r.result_hash AS run_result_hash, b.output_hash AS batch_output_hash
        FROM em_prediction_display d
        LEFT JOIN em_prediction_run r ON r",
gpt-review-package/evidence/scaling/n248/first,5.056,1,1,"Query:executing:SELECT d.*, r.result_hash AS run_result_hash, b.output_hash AS batch_output_hash
        FROM em_prediction_display d
        LEFT JOIN em_prediction_run r ON r",
gpt-review-package/evidence/scaling/n248/first,6.958,1,1,"Query:executing:SELECT d.*, r.result_hash AS run_result_hash, b.output_hash AS batch_output_hash
        FROM em_prediction_display d
        LEFT JOIN em_prediction_run r ON r",
gpt-review-package/evidence/scaling/n248/first,7.97,1,1,"Query:executing:SELECT d.*, r.result_hash AS run_result_hash, b.output_hash AS batch_output_hash
        FROM em_prediction_display d
        LEFT JOIN em_prediction_run r ON r",
gpt-review-package/evidence/scaling/n248/first,8.983,1,1,"Query:executing:SELECT d.*, r.result_hash AS run_result_hash, b.output_hash AS batch_output_hash
        FROM em_prediction_display d
        LEFT JOIN em_prediction_run r ON r",
gpt-review-package/evidence/scaling/n496/first,0.001,1,0,Sleep::,
gpt-review-package/evidence/scaling/n496/first,1.019,1,1,"Query:executing:SELECT d.*, r.result_hash AS run_result_hash, b.output_hash AS batch_output_hash
        FROM em_prediction_display d
        LEFT JOIN em_prediction_run r ON r",
gpt-review-package/evidence/scaling/n496/first,2.037,1,1,"Query:executing:SELECT d.*, r.result_hash AS run_result_hash, b.output_hash AS batch_output_hash
        FROM em_prediction_display d
        LEFT JOIN em_prediction_run r ON r",
gpt-review-package/evidence/scaling/n496/first,3.049,1,1,"Query:executing:SELECT d.*, r.result_hash AS run_result_hash, b.output_hash AS batch_output_hash
        FROM em_prediction_display d
        LEFT JOIN em_prediction_run r ON r",
gpt-review-package/evidence/scaling/n496/first,4.063,1,1,"Query:executing:SELECT d.*, r.result_hash AS run_result_hash, b.output_hash AS batch_output_hash
        FROM em_prediction_display d
        LEFT JOIN em_prediction_run r ON r",
gpt-review-package/evidence/scaling/n496/first,5.074,1,1,"Query:executing:SELECT d.*, r.result_hash AS run_result_hash, b.output_hash AS batch_output_hash
        FROM em_prediction_display d
        LEFT JOIN em_prediction_run r ON r",
gpt-review-package/evidence/scaling/n496/first,7.055,1,1,"Query:executing:SELECT d.*, r.result_hash AS run_result_hash, b.output_hash AS batch_output_hash
        FROM em_prediction_display d
        LEFT JOIN em_prediction_run r ON r",
gpt-review-package/evidence/scaling/n496/first,8.073,1,1,"Query:executing:SELECT d.*, r.result_hash AS run_result_hash, b.output_hash AS batch_output_hash
        FROM em_prediction_display d
        LEFT JOIN em_prediction_run r ON r",
gpt-review-package/evidence/scaling/n496/first,9.087,1,1,"Query:executing:SELECT d.*, r.result_hash AS run_result_hash, b.output_hash AS batch_output_hash
        FROM em_prediction_display d
        LEFT JOIN em_prediction_run r ON r",
gpt-review-package/evidence/scaling/n496/first,10.102,1,1,"Query:executing:SELECT d.*, r.result_hash AS run_result_hash, b.output_hash AS batch_output_hash
        FROM em_prediction_display d
        LEFT JOIN em_prediction_run r ON r",
gpt-review-package/evidence/scaling/n496/first,11.119,1,1,"Query:executing:SELECT d.*, r.result_hash AS run_result_hash, b.output_hash AS batch_output_hash
        FROM em_prediction_display d
        LEFT JOIN em_prediction_run r ON r",
gpt-review-package/evidence/scaling/n496/first,12.129,1,1,"Query:executing:SELECT d.*, r.result_hash AS run_result_hash, b.output_hash AS batch_output_hash
        FROM em_prediction_display d
        LEFT JOIN em_prediction_run r ON r",
gpt-review-package/evidence/scaling/n496/first,13.14,1,1,"Query:executing:SELECT d.*, r.result_hash AS run_result_hash, b.output_hash AS batch_output_hash
        FROM em_prediction_display d
        LEFT JOIN em_prediction_run r ON r",
gpt-review-package/evidence/scaling/n496/first,14.15,1,1,"Query:executing:SELECT d.*, r.result_hash AS run_result_hash, b.output_hash AS batch_output_hash
        FROM em_prediction_display d
        LEFT JOIN em_prediction_run r ON r",
gpt-review-package/evidence/scaling/n496/first,15.163,1,1,"Query:executing:SELECT d.*, r.result_hash AS run_result_hash, b.output_hash AS batch_output_hash
        FROM em_prediction_display d
        LEFT JOIN em_prediction_run r ON r",
gpt-review-package/evidence/scaling/n496/first,17.079,1,1,"Query:executing:SELECT d.*, r.result_hash AS run_result_hash, b.output_hash AS batch_output_hash
        FROM em_prediction_display d
        LEFT JOIN em_prediction_run r ON r",
gpt-review-package/evidence/scaling/n496/first,18.088,1,1,"Query:executing:SELECT d.*, r.result_hash AS run_result_hash, b.output_hash AS batch_output_hash
        FROM em_prediction_display d
        LEFT JOIN em_prediction_run r ON r",
gpt-review-package/evidence/scaling/n496/first,19.102,1,1,"Query:executing:SELECT d.*, r.result_hash AS run_result_hash, b.output_hash AS batch_output_hash
        FROM em_prediction_display d
        LEFT JOIN em_prediction_run r ON r",
gpt-review-package/evidence/scaling/n496/first,20.114,1,1,"Query:executing:SELECT d.*, r.result_hash AS run_result_hash, b.output_hash AS batch_output_hash
        FROM em_prediction_display d
        LEFT JOIN em_prediction_run r ON r",
gpt-review-package/evidence/scaling/n496/first,21.133,1,1,"Query:executing:SELECT d.*, r.result_hash AS run_result_hash, b.output_hash AS batch_output_hash
        FROM em_prediction_display d
        LEFT JOIN em_prediction_run r ON r",
gpt-review-package/evidence/scaling/n496/first,22.142,1,1,"Query:executing:SELECT d.*, r.result_hash AS run_result_hash, b.output_hash AS batch_output_hash
        FROM em_prediction_display d
        LEFT JOIN em_prediction_run r ON r",
gpt-review-package/evidence/scaling/n496/first,23.154,1,1,"Query:executing:SELECT d.*, r.result_hash AS run_result_hash, b.output_hash AS batch_output_hash
        FROM em_prediction_display d
        LEFT JOIN em_prediction_run r ON r",
gpt-review-package/evidence/scaling/n496/first,24.168,1,1,"Query:executing:SELECT d.*, r.result_hash AS run_result_hash, b.output_hash AS batch_output_hash
        FROM em_prediction_display d
        LEFT JOIN em_prediction_run r ON r",
gpt-review-package/evidence/scaling/n496/first,25.182,1,1,"Query:executing:SELECT d.*, r.result_hash AS run_result_hash, b.output_hash AS batch_output_hash
        FROM em_prediction_display d
        LEFT JOIN em_prediction_run r ON r",
gpt-review-package/evidence/scaling/n496/first,26.194,1,1,"Query:executing:SELECT d.*, r.result_hash AS run_result_hash, b.output_hash AS batch_output_hash
        FROM em_prediction_display d
        LEFT JOIN em_prediction_run r ON r",
gpt-review-package/evidence/scaling/n496/first,27.208,1,1,"Query:executing:SELECT d.*, r.result_hash AS run_result_hash, b.output_hash AS batch_output_hash
        FROM em_prediction_display d
        LEFT JOIN em_prediction_run r ON r",
gpt-review-package/evidence/scaling/n496/first,28.221,1,1,"Query:executing:SELECT d.*, r.result_hash AS run_result_hash, b.output_hash AS batch_output_hash
        FROM em_prediction_display d
        LEFT JOIN em_prediction_run r ON r",
gpt-review-package/evidence/scaling/n496/first,29.238,1,1,"Query:executing:SELECT d.*, r.result_hash AS run_result_hash, b.output_hash AS batch_output_hash
        FROM em_prediction_display d
        LEFT JOIN em_prediction_run r ON r",
gpt-review-package/evidence/scaling/n496/first,30.261,1,1,"Query:executing:SELECT d.*, r.result_hash AS run_result_hash, b.output_hash AS batch_output_hash
        FROM em_prediction_display d
        LEFT JOIN em_prediction_run r ON r",
gpt-review-package/evidence/scaling/n496/first,32.237,1,1,"Query:executing:SELECT d.*, r.result_hash AS run_result_hash, b.output_hash AS batch_output_hash
        FROM em_prediction_display d
        LEFT JOIN em_prediction_run r ON r",
gpt-review-package/evidence/scaling/n496/first,33.259,1,1,"Query:executing:SELECT d.*, r.result_hash AS run_result_hash, b.output_hash AS batch_output_hash
        FROM em_prediction_display d
        LEFT JOIN em_prediction_run r ON r",
gpt-review-package/evidence/scaling/n496/first,34.274,1,1,"Query:executing:SELECT d.*, r.result_hash AS run_result_hash, b.output_hash AS batch_output_hash
        FROM em_prediction_display d
        LEFT JOIN em_prediction_run r ON r",
gpt-review-package/evidence/scaling/n496/first,35.287,1,1,"Query:executing:SELECT d.*, r.result_hash AS run_result_hash, b.output_hash AS batch_output_hash
        FROM em_prediction_display d
        LEFT JOIN em_prediction_run r ON r",
gpt-review-package/evidence/scaling/n496/first,36.295,1,1,"Query:executing:SELECT d.*, r.result_hash AS run_result_hash, b.output_hash AS batch_output_hash
        FROM em_prediction_display d
        LEFT JOIN em_prediction_run r ON r",
gpt-review-package/evidence/scaling/n496/first,37.323,1,0,Sleep::,
gpt-review-package/evidence/scaling/n744/first,0.001,1,0,Sleep::,
gpt-review-package/evidence/scaling/n744/first,1.015,1,1,"Query:executing:SELECT d.*, r.result_hash AS run_result_hash, b.output_hash AS batch_output_hash
        FROM em_prediction_display d
        LEFT JOIN em_prediction_run r ON r",
gpt-review-package/evidence/scaling/n744/first,2.026,1,1,"Query:executing:SELECT d.*, r.result_hash AS run_result_hash, b.output_hash AS batch_output_hash
        FROM em_prediction_display d
        LEFT JOIN em_prediction_run r ON r",
gpt-review-package/evidence/scaling/n744/first,3.035,1,1,"Query:executing:SELECT d.*, r.result_hash AS run_result_hash, b.output_hash AS batch_output_hash
        FROM em_prediction_display d
        LEFT JOIN em_prediction_run r ON r",
gpt-review-package/evidence/scaling/n744/first,4.044,1,1,"Query:executing:SELECT d.*, r.result_hash AS run_result_hash, b.output_hash AS batch_output_hash
        FROM em_prediction_display d
        LEFT JOIN em_prediction_run r ON r",
gpt-review-package/evidence/scaling/n744/first,5.056,1,1,"Query:executing:SELECT d.*, r.result_hash AS run_result_hash, b.output_hash AS batch_output_hash
        FROM em_prediction_display d
        LEFT JOIN em_prediction_run r ON r",
gpt-review-package/evidence/scaling/n744/first,6.974,1,1,"Query:executing:SELECT d.*, r.result_hash AS run_result_hash, b.output_hash AS batch_output_hash
        FROM em_prediction_display d
        LEFT JOIN em_prediction_run r ON r",
gpt-review-package/evidence/scaling/n744/first,7.988,1,1,"Query:executing:SELECT d.*, r.result_hash AS run_result_hash, b.output_hash AS batch_output_hash
        FROM em_prediction_display d
        LEFT JOIN em_prediction_run r ON r",
gpt-review-package/evidence/scaling/n744/first,8.996,1,1,"Query:executing:SELECT d.*, r.result_hash AS run_result_hash, b.output_hash AS batch_output_hash
        FROM em_prediction_display d
        LEFT JOIN em_prediction_run r ON r",
gpt-review-package/evidence/scaling/n744/first,10.006,1,1,"Query:executing:SELECT d.*, r.result_hash AS run_result_hash, b.output_hash AS batch_output_hash
        FROM em_prediction_display d
        LEFT JOIN em_prediction_run r ON r",
gpt-review-package/evidence/scaling/n744/first,11.02,1,1,"Query:executing:SELECT d.*, r.result_hash AS run_result_hash, b.output_hash AS batch_output_hash
        FROM em_prediction_display d
        LEFT JOIN em_prediction_run r ON r",
gpt-review-package/evidence/scaling/n744/first,12.028,1,1,"Query:executing:SELECT d.*, r.result_hash AS run_result_hash, b.output_hash AS batch_output_hash
        FROM em_prediction_display d
        LEFT JOIN em_prediction_run r ON r",
gpt-review-package/evidence/scaling/n744/first,13.038,1,1,"Query:executing:SELECT d.*, r.result_hash AS run_result_hash, b.output_hash AS batch_output_hash
        FROM em_prediction_display d
        LEFT JOIN em_prediction_run r ON r",
gpt-review-package/evidence/scaling/n744/first,14.054,1,1,"Query:executing:SELECT d.*, r.result_hash AS run_result_hash, b.output_hash AS batch_output_hash
        FROM em_prediction_display d
        LEFT JOIN em_prediction_run r ON r",
gpt-review-package/evidence/scaling/n744/first,15.066,1,1,"Query:executing:SELECT d.*, r.result_hash AS run_result_hash, b.output_hash AS batch_output_hash
        FROM em_prediction_display d
        LEFT JOIN em_prediction_run r ON r",
gpt-review-package/evidence/scaling/n744/first,16.907,1,1,"Query:executing:SELECT d.*, r.result_hash AS run_result_hash, b.output_hash AS batch_output_hash
        FROM em_prediction_display d
        LEFT JOIN em_prediction_run r ON r",
gpt-review-package/evidence/scaling/n744/first,17.918,1,1,"Query:executing:SELECT d.*, r.result_hash AS run_result_hash, b.output_hash AS batch_output_hash
        FROM em_prediction_display d
        LEFT JOIN em_prediction_run r ON r",
gpt-review-package/evidence/scaling/n744/first,18.927,1,1,"Query:executing:SELECT d.*, r.result_hash AS run_result_hash, b.output_hash AS batch_output_hash
        FROM em_prediction_display d
        LEFT JOIN em_prediction_run r ON r",
gpt-review-package/evidence/scaling/n744/first,19.941,1,1,"Query:executing:SELECT d.*, r.result_hash AS run_result_hash, b.output_hash AS batch_output_hash
        FROM em_prediction_display d
        LEFT JOIN em_prediction_run r ON r",
gpt-review-package/evidence/scaling/n744/first,20.957,1,1,"Query:executing:SELECT d.*, r.result_hash AS run_result_hash, b.output_hash AS batch_output_hash
        FROM em_prediction_display d
        LEFT JOIN em_prediction_run r ON r",
gpt-review-package/evidence/scaling/n744/first,21.967,1,1,"Query:executing:SELECT d.*, r.result_hash AS run_result_hash, b.output_hash AS batch_output_hash
        FROM em_prediction_display d
        LEFT JOIN em_prediction_run r ON r",
gpt-review-package/evidence/scaling/n744/first,22.993,1,1,"Query:executing:SELECT d.*, r.result_hash AS run_result_hash, b.output_hash AS batch_output_hash
        FROM em_prediction_display d
        LEFT JOIN em_prediction_run r ON r",
gpt-review-package/evidence/scaling/n744/first,24.008,1,1,"Query:executing:SELECT d.*, r.result_hash AS run_result_hash, b.output_hash AS batch_output_hash
        FROM em_prediction_display d
        LEFT JOIN em_prediction_run r ON r",
gpt-review-package/evidence/scaling/n744/first,25.027,1,1,"Query:executing:SELECT d.*, r.result_hash AS run_result_hash, b.output_hash AS batch_output_hash
        FROM em_prediction_display d
        LEFT JOIN em_prediction_run r ON r",
gpt-review-package/evidence/scaling/n744/first,26.052,1,1,"Query:executing:SELECT d.*, r.result_hash AS run_result_hash, b.output_hash AS batch_output_hash
        FROM em_prediction_display d
        LEFT JOIN em_prediction_run r ON r",
gpt-review-package/evidence/scaling/n744/first,27.062,1,1,"Query:executing:SELECT d.*, r.result_hash AS run_result_hash, b.output_hash AS batch_output_hash
        FROM em_prediction_display d
        LEFT JOIN em_prediction_run r ON r",
gpt-review-package/evidence/scaling/n744/first,28.084,1,1,"Query:executing:SELECT d.*, r.result_hash AS run_result_hash, b.output_hash AS batch_output_hash
        FROM em_prediction_display d
        LEFT JOIN em_prediction_run r ON r",
gpt-review-package/evidence/scaling/n744/first,29.1,1,1,"Query:executing:SELECT d.*, r.result_hash AS run_result_hash, b.output_hash AS batch_output_hash
        FROM em_prediction_display d
        LEFT JOIN em_prediction_run r ON r",
gpt-review-package/evidence/scaling/n744/first,30.13,1,1,"Query:executing:SELECT d.*, r.result_hash AS run_result_hash, b.output_hash AS batch_output_hash
        FROM em_prediction_display d
        LEFT JOIN em_prediction_run r ON r",
gpt-review-package/evidence/scaling/n744/first,32.057,1,1,"Query:executing:SELECT d.*, r.result_hash AS run_result_hash, b.output_hash AS batch_output_hash
        FROM em_prediction_display d
        LEFT JOIN em_prediction_run r ON r",
gpt-review-package/evidence/scaling/n744/first,33.07,1,1,"Query:executing:SELECT d.*, r.result_hash AS run_result_hash, b.output_hash AS batch_output_hash
        FROM em_prediction_display d
        LEFT JOIN em_prediction_run r ON r",
gpt-review-package/evidence/scaling/n744/first,34.082,1,1,"Query:executing:SELECT d.*, r.result_hash AS run_result_hash, b.output_hash AS batch_output_hash
        FROM em_prediction_display d
        LEFT JOIN em_prediction_run r ON r",
gpt-review-package/evidence/scaling/n744/first,35.098,1,1,"Query:executing:SELECT d.*, r.result_hash AS run_result_hash, b.output_hash AS batch_output_hash
        FROM em_prediction_display d
        LEFT JOIN em_prediction_run r ON r",
gpt-review-package/evidence/scaling/n744/first,36.109,1,1,"Query:executing:SELECT d.*, r.result_hash AS run_result_hash, b.output_hash AS batch_output_hash
        FROM em_prediction_display d
        LEFT JOIN em_prediction_run r ON r",
gpt-review-package/evidence/scaling/n744/first,37.124,1,1,"Query:executing:SELECT d.*, r.result_hash AS run_result_hash, b.output_hash AS batch_output_hash
        FROM em_prediction_display d
        LEFT JOIN em_prediction_run r ON r",
gpt-review-package/evidence/scaling/n744/first,38.148,1,1,"Query:executing:SELECT d.*, r.result_hash AS run_result_hash, b.output_hash AS batch_output_hash
        FROM em_prediction_display d
        LEFT JOIN em_prediction_run r ON r",
gpt-review-package/evidence/scaling/n744/first,39.161,1,1,"Query:executing:SELECT d.*, r.result_hash AS run_result_hash, b.output_hash AS batch_output_hash
        FROM em_prediction_display d
        LEFT JOIN em_prediction_run r ON r",
gpt-review-package/evidence/scaling/n744/first,40.172,1,1,"Query:executing:SELECT d.*, r.result_hash AS run_result_hash, b.output_hash AS batch_output_hash
        FROM em_prediction_display d
        LEFT JOIN em_prediction_run r ON r",
gpt-review-package/evidence/scaling/n744/first,41.184,1,1,"Query:executing:SELECT d.*, r.result_hash AS run_result_hash, b.output_hash AS batch_output_hash
        FROM em_prediction_display d
        LEFT JOIN em_prediction_run r ON r",
gpt-review-package/evidence/scaling/n744/first,42.21,1,1,"Query:executing:SELECT d.*, r.result_hash AS run_result_hash, b.output_hash AS batch_output_hash
        FROM em_prediction_display d
        LEFT JOIN em_prediction_run r ON r",
gpt-review-package/evidence/scaling/n744/first,43.22,1,1,"Query:executing:SELECT d.*, r.result_hash AS run_result_hash, b.output_hash AS batch_output_hash
        FROM em_prediction_display d
        LEFT JOIN em_prediction_run r ON r",
gpt-review-package/evidence/scaling/n744/first,44.232,1,1,"Query:executing:SELECT d.*, r.result_hash AS run_result_hash, b.output_hash AS batch_output_hash
        FROM em_prediction_display d
        LEFT JOIN em_prediction_run r ON r",
gpt-review-package/evidence/scaling/n744/first,45.244,1,1,"Query:executing:SELECT d.*, r.result_hash AS run_result_hash, b.output_hash AS batch_output_hash
        FROM em_prediction_display d
        LEFT JOIN em_prediction_run r ON r",
gpt-review-package/evidence/scaling/n744/first,46.259,1,1,"Query:executing:SELECT d.*, r.result_hash AS run_result_hash, b.output_hash AS batch_output_hash
        FROM em_prediction_display d
        LEFT JOIN em_prediction_run r ON r",
gpt-review-package/evidence/scaling/n744/first,47.27,1,1,"Query:executing:SELECT d.*, r.result_hash AS run_result_hash, b.output_hash AS batch_output_hash
        FROM em_prediction_display d
        LEFT JOIN em_prediction_run r ON r",
gpt-review-package/evidence/scaling/n744/first,48.281,1,1,"Query:executing:SELECT d.*, r.result_hash AS run_result_hash, b.output_hash AS batch_output_hash
        FROM em_prediction_display d
        LEFT JOIN em_prediction_run r ON r",
gpt-review-package/evidence/scaling/n744/first,49.306,1,1,"Query:executing:SELECT d.*, r.result_hash AS run_result_hash, b.output_hash AS batch_output_hash
        FROM em_prediction_display d
        LEFT JOIN em_prediction_run r ON r",
gpt-review-package/evidence/scaling/n744/first,50.318,1,1,"Query:executing:SELECT d.*, r.result_hash AS run_result_hash, b.output_hash AS batch_output_hash
        FROM em_prediction_display d
        LEFT JOIN em_prediction_run r ON r",
gpt-review-package/evidence/scaling/n744/first,51.333,1,1,"Query:executing:SELECT d.*, r.result_hash AS run_result_hash, b.output_hash AS batch_output_hash
        FROM em_prediction_display d
        LEFT JOIN em_prediction_run r ON r",
gpt-review-package/evidence/scaling/n744/first,52.343,1,1,"Query:executing:SELECT d.*, r.result_hash AS run_result_hash, b.output_hash AS batch_output_hash
        FROM em_prediction_display d
        LEFT JOIN em_prediction_run r ON r",
gpt-review-package/evidence/scaling/n744/first,53.351,1,1,"Query:executing:SELECT d.*, r.result_hash AS run_result_hash, b.output_hash AS batch_output_hash
        FROM em_prediction_display d
        LEFT JOIN em_prediction_run r ON r",
gpt-review-package/evidence/scaling/n744/first,54.362,1,1,"Query:executing:SELECT d.*, r.result_hash AS run_result_hash, b.output_hash AS batch_output_hash
        FROM em_prediction_display d
        LEFT JOIN em_prediction_run r ON r",
gpt-review-package/evidence/scaling/n744/first,55.384,1,1,"Query:executing:SELECT d.*, r.result_hash AS run_result_hash, b.output_hash AS batch_output_hash
        FROM em_prediction_display d
        LEFT JOIN em_prediction_run r ON r",
gpt-review-package/evidence/scaling/n744/first,56.398,1,1,"Query:executing:SELECT d.*, r.result_hash AS run_result_hash, b.output_hash AS batch_output_hash
        FROM em_prediction_display d
        LEFT JOIN em_prediction_run r ON r",
gpt-review-package/evidence/scaling/n744/first,57.407,1,1,"Query:executing:SELECT d.*, r.result_hash AS run_result_hash, b.output_hash AS batch_output_hash
        FROM em_prediction_display d
        LEFT JOIN em_prediction_run r ON r",
gpt-review-package/evidence/scaling/n744/first,58.427,1,1,"Query:executing:SELECT d.*, r.result_hash AS run_result_hash, b.output_hash AS batch_output_hash
        FROM em_prediction_display d
        LEFT JOIN em_prediction_run r ON r",
gpt-review-package/evidence/scaling/n744/first,59.442,1,1,"Query:executing:SELECT d.*, r.result_hash AS run_result_hash, b.output_hash AS batch_output_hash
        FROM em_prediction_display d
        LEFT JOIN em_prediction_run r ON r",
gpt-review-package/evidence/scaling/n744/first,60.466,1,1,"Query:executing:SELECT d.*, r.result_hash AS run_result_hash, b.output_hash AS batch_output_hash
        FROM em_prediction_display d
        LEFT JOIN em_prediction_run r ON r",
gpt-review-package/evidence/scaling/n744/first,62.45,1,1,"Query:executing:SELECT d.*, r.result_hash AS run_result_hash, b.output_hash AS batch_output_hash
        FROM em_prediction_display d
        LEFT JOIN em_prediction_run r ON r",
gpt-review-package/evidence/scaling/n744/first,63.461,1,1,"Query:executing:SELECT d.*, r.result_hash AS run_result_hash, b.output_hash AS batch_output_hash
        FROM em_prediction_display d
        LEFT JOIN em_prediction_run r ON r",
gpt-review-package/evidence/scaling/n744/first,64.485,1,1,"Query:executing:SELECT d.*, r.result_hash AS run_result_hash, b.output_hash AS batch_output_hash
        FROM em_prediction_display d
        LEFT JOIN em_prediction_run r ON r",
gpt-review-package/evidence/scaling/n744/first,65.506,1,1,"Query:executing:SELECT d.*, r.result_hash AS run_result_hash, b.output_hash AS batch_output_hash
        FROM em_prediction_display d
        LEFT JOIN em_prediction_run r ON r",
gpt-review-package/evidence/scaling/n744/first,66.516,1,1,"Query:executing:SELECT d.*, r.result_hash AS run_result_hash, b.output_hash AS batch_output_hash
        FROM em_prediction_display d
        LEFT JOIN em_prediction_run r ON r",
gpt-review-package/evidence/scaling/n744/first,67.54,1,1,"Query:executing:SELECT d.*, r.result_hash AS run_result_hash, b.output_hash AS batch_output_hash
        FROM em_prediction_display d
        LEFT JOIN em_prediction_run r ON r",
gpt-review-package/evidence/scaling/n744/first,68.553,1,1,"Query:executing:SELECT d.*, r.result_hash AS run_result_hash, b.output_hash AS batch_output_hash
        FROM em_prediction_display d
        LEFT JOIN em_prediction_run r ON r",
gpt-review-package/evidence/scaling/n744/first,69.565,1,1,"Query:executing:SELECT d.*, r.result_hash AS run_result_hash, b.output_hash AS batch_output_hash
        FROM em_prediction_display d
        LEFT JOIN em_prediction_run r ON r",
gpt-review-package/evidence/scaling/n744/first,70.576,1,1,"Query:executing:SELECT d.*, r.result_hash AS run_result_hash, b.output_hash AS batch_output_hash
        FROM em_prediction_display d
        LEFT JOIN em_prediction_run r ON r",
gpt-review-package/evidence/scaling/n744/first,71.6,1,1,"Query:executing:SELECT d.*, r.result_hash AS run_result_hash, b.output_hash AS batch_output_hash
        FROM em_prediction_display d
        LEFT JOIN em_prediction_run r ON r",
gpt-review-package/evidence/scaling/n744/first,72.618,1,1,"Query:executing:SELECT d.*, r.result_hash AS run_result_hash, b.output_hash AS batch_output_hash
        FROM em_prediction_display d
        LEFT JOIN em_prediction_run r ON r",
gpt-review-package/evidence/scaling/n744/first,73.637,1,1,"Query:executing:SELECT d.*, r.result_hash AS run_result_hash, b.output_hash AS batch_output_hash
        FROM em_prediction_display d
        LEFT JOIN em_prediction_run r ON r",
gpt-review-package/evidence/scaling/n744/first,74.655,1,1,"Query:executing:SELECT d.*, r.result_hash AS run_result_hash, b.output_hash AS batch_output_hash
        FROM em_prediction_display d
        LEFT JOIN em_prediction_run r ON r",
gpt-review-package/evidence/scaling/n744/first,75.667,1,0,Sleep::,
gpt-review-package/evidence/scaling/n992/first,0.001,1,0,Sleep::,
gpt-review-package/evidence/scaling/n992/first,1.01,1,1,"Query:executing:SELECT d.*, r.result_hash AS run_result_hash, b.output_hash AS batch_output_hash
        FROM em_prediction_display d
        LEFT JOIN em_prediction_run r ON r",
gpt-review-package/evidence/scaling/n992/first,2.036,1,1,"Query:executing:SELECT d.*, r.result_hash AS run_result_hash, b.output_hash AS batch_output_hash
        FROM em_prediction_display d
        LEFT JOIN em_prediction_run r ON r",
gpt-review-package/evidence/scaling/n992/first,3.048,1,1,"Query:executing:SELECT d.*, r.result_hash AS run_result_hash, b.output_hash AS batch_output_hash
        FROM em_prediction_display d
        LEFT JOIN em_prediction_run r ON r",
gpt-review-package/evidence/scaling/n992/first,4.057,1,1,"Query:executing:SELECT d.*, r.result_hash AS run_result_hash, b.output_hash AS batch_output_hash
        FROM em_prediction_display d
        LEFT JOIN em_prediction_run r ON r",
gpt-review-package/evidence/scaling/n992/first,5.067,1,1,"Query:executing:SELECT d.*, r.result_hash AS run_result_hash, b.output_hash AS batch_output_hash
        FROM em_prediction_display d
        LEFT JOIN em_prediction_run r ON r",
gpt-review-package/evidence/scaling/n992/first,7.046,1,1,"Query:executing:SELECT d.*, r.result_hash AS run_result_hash, b.output_hash AS batch_output_hash
        FROM em_prediction_display d
        LEFT JOIN em_prediction_run r ON r",
gpt-review-package/evidence/scaling/n992/first,8.059,1,1,"Query:executing:SELECT d.*, r.result_hash AS run_result_hash, b.output_hash AS batch_output_hash
        FROM em_prediction_display d
        LEFT JOIN em_prediction_run r ON r",
gpt-review-package/evidence/scaling/n992/first,9.072,1,1,"Query:executing:SELECT d.*, r.result_hash AS run_result_hash, b.output_hash AS batch_output_hash
        FROM em_prediction_display d
        LEFT JOIN em_prediction_run r ON r",
gpt-review-package/evidence/scaling/n992/first,10.086,1,1,"Query:executing:SELECT d.*, r.result_hash AS run_result_hash, b.output_hash AS batch_output_hash
        FROM em_prediction_display d
        LEFT JOIN em_prediction_run r ON r",
gpt-review-package/evidence/scaling/n992/first,11.099,1,1,"Query:executing:SELECT d.*, r.result_hash AS run_result_hash, b.output_hash AS batch_output_hash
        FROM em_prediction_display d
        LEFT JOIN em_prediction_run r ON r",
gpt-review-package/evidence/scaling/n992/first,12.107,1,1,"Query:executing:SELECT d.*, r.result_hash AS run_result_hash, b.output_hash AS batch_output_hash
        FROM em_prediction_display d
        LEFT JOIN em_prediction_run r ON r",
gpt-review-package/evidence/scaling/n992/first,13.12,1,1,"Query:executing:SELECT d.*, r.result_hash AS run_result_hash, b.output_hash AS batch_output_hash
        FROM em_prediction_display d
        LEFT JOIN em_prediction_run r ON r",
gpt-review-package/evidence/scaling/n992/first,14.138,1,1,"Query:executing:SELECT d.*, r.result_hash AS run_result_hash, b.output_hash AS batch_output_hash
        FROM em_prediction_display d
        LEFT JOIN em_prediction_run r ON r",
gpt-review-package/evidence/scaling/n992/first,15.147,1,1,"Query:executing:SELECT d.*, r.result_hash AS run_result_hash, b.output_hash AS batch_output_hash
        FROM em_prediction_display d
        LEFT JOIN em_prediction_run r ON r",
gpt-review-package/evidence/scaling/n992/first,17.209,1,1,"Query:executing:SELECT d.*, r.result_hash AS run_result_hash, b.output_hash AS batch_output_hash
        FROM em_prediction_display d
        LEFT JOIN em_prediction_run r ON r",
gpt-review-package/evidence/scaling/n992/first,18.222,1,1,"Query:executing:SELECT d.*, r.result_hash AS run_result_hash, b.output_hash AS batch_output_hash
        FROM em_prediction_display d
        LEFT JOIN em_prediction_run r ON r",
gpt-review-package/evidence/scaling/n992/first,19.241,1,1,"Query:executing:SELECT d.*, r.result_hash AS run_result_hash, b.output_hash AS batch_output_hash
        FROM em_prediction_display d
        LEFT JOIN em_prediction_run r ON r",
gpt-review-package/evidence/scaling/n992/first,20.26,1,1,"Query:executing:SELECT d.*, r.result_hash AS run_result_hash, b.output_hash AS batch_output_hash
        FROM em_prediction_display d
        LEFT JOIN em_prediction_run r ON r",
gpt-review-package/evidence/scaling/n992/first,21.301,1,1,"Query:executing:SELECT d.*, r.result_hash AS run_result_hash, b.output_hash AS batch_output_hash
        FROM em_prediction_display d
        LEFT JOIN em_prediction_run r ON r",
gpt-review-package/evidence/scaling/n992/first,22.328,1,1,"Query:executing:SELECT d.*, r.result_hash AS run_result_hash, b.output_hash AS batch_output_hash
        FROM em_prediction_display d
        LEFT JOIN em_prediction_run r ON r",
gpt-review-package/evidence/scaling/n992/first,23.338,1,1,"Query:executing:SELECT d.*, r.result_hash AS run_result_hash, b.output_hash AS batch_output_hash
        FROM em_prediction_display d
        LEFT JOIN em_prediction_run r ON r",
gpt-review-package/evidence/scaling/n992/first,24.349,1,1,"Query:executing:SELECT d.*, r.result_hash AS run_result_hash, b.output_hash AS batch_output_hash
        FROM em_prediction_display d
        LEFT JOIN em_prediction_run r ON r",
gpt-review-package/evidence/scaling/n992/first,25.366,1,1,"Query:executing:SELECT d.*, r.result_hash AS run_result_hash, b.output_hash AS batch_output_hash
        FROM em_prediction_display d
        LEFT JOIN em_prediction_run r ON r",
gpt-review-package/evidence/scaling/n992/first,26.392,1,1,"Query:executing:SELECT d.*, r.result_hash AS run_result_hash, b.output_hash AS batch_output_hash
        FROM em_prediction_display d
        LEFT JOIN em_prediction_run r ON r",
gpt-review-package/evidence/scaling/n992/first,27.418,1,1,"Query:executing:SELECT d.*, r.result_hash AS run_result_hash, b.output_hash AS batch_output_hash
        FROM em_prediction_display d
        LEFT JOIN em_prediction_run r ON r",
gpt-review-package/evidence/scaling/n992/first,28.441,1,1,"Query:executing:SELECT d.*, r.result_hash AS run_result_hash, b.output_hash AS batch_output_hash
        FROM em_prediction_display d
        LEFT JOIN em_prediction_run r ON r",
gpt-review-package/evidence/scaling/n992/first,29.461,1,1,"Query:executing:SELECT d.*, r.result_hash AS run_result_hash, b.output_hash AS batch_output_hash
        FROM em_prediction_display d
        LEFT JOIN em_prediction_run r ON r",
gpt-review-package/evidence/scaling/n992/first,30.483,1,1,"Query:executing:SELECT d.*, r.result_hash AS run_result_hash, b.output_hash AS batch_output_hash
        FROM em_prediction_display d
        LEFT JOIN em_prediction_run r ON r",
gpt-review-package/evidence/scaling/n992/first,32.377,1,1,"Query:executing:SELECT d.*, r.result_hash AS run_result_hash, b.output_hash AS batch_output_hash
        FROM em_prediction_display d
        LEFT JOIN em_prediction_run r ON r",
gpt-review-package/evidence/scaling/n992/first,33.4,1,1,"Query:executing:SELECT d.*, r.result_hash AS run_result_hash, b.output_hash AS batch_output_hash
        FROM em_prediction_display d
        LEFT JOIN em_prediction_run r ON r",
gpt-review-package/evidence/scaling/n992/first,34.412,1,1,"Query:executing:SELECT d.*, r.result_hash AS run_result_hash, b.output_hash AS batch_output_hash
        FROM em_prediction_display d
        LEFT JOIN em_prediction_run r ON r",
gpt-review-package/evidence/scaling/n992/first,35.436,1,1,"Query:executing:SELECT d.*, r.result_hash AS run_result_hash, b.output_hash AS batch_output_hash
        FROM em_prediction_display d
        LEFT JOIN em_prediction_run r ON r",
gpt-review-package/evidence/scaling/n992/first,36.444,1,1,"Query:executing:SELECT d.*, r.result_hash AS run_result_hash, b.output_hash AS batch_output_hash
        FROM em_prediction_display d
        LEFT JOIN em_prediction_run r ON r",
gpt-review-package/evidence/scaling/n992/first,37.455,1,1,"Query:executing:SELECT d.*, r.result_hash AS run_result_hash, b.output_hash AS batch_output_hash
        FROM em_prediction_display d
        LEFT JOIN em_prediction_run r ON r",
gpt-review-package/evidence/scaling/n992/first,38.477,1,1,"Query:executing:SELECT d.*, r.result_hash AS run_result_hash, b.output_hash AS batch_output_hash
        FROM em_prediction_display d
        LEFT JOIN em_prediction_run r ON r",
gpt-review-package/evidence/scaling/n992/first,39.487,1,1,"Query:executing:SELECT d.*, r.result_hash AS run_result_hash, b.output_hash AS batch_output_hash
        FROM em_prediction_display d
        LEFT JOIN em_prediction_run r ON r",
gpt-review-package/evidence/scaling/n992/first,40.51,1,1,"Query:executing:SELECT d.*, r.result_hash AS run_result_hash, b.output_hash AS batch_output_hash
        FROM em_prediction_display d
        LEFT JOIN em_prediction_run r ON r",
gpt-review-package/evidence/scaling/n992/first,41.531,1,1,"Query:executing:SELECT d.*, r.result_hash AS run_result_hash, b.output_hash AS batch_output_hash
        FROM em_prediction_display d
        LEFT JOIN em_prediction_run r ON r",
gpt-review-package/evidence/scaling/n992/first,42.549,1,1,"Query:executing:SELECT d.*, r.result_hash AS run_result_hash, b.output_hash AS batch_output_hash
        FROM em_prediction_display d
        LEFT JOIN em_prediction_run r ON r",
gpt-review-package/evidence/scaling/n992/first,43.569,1,1,"Query:executing:SELECT d.*, r.result_hash AS run_result_hash, b.output_hash AS batch_output_hash
        FROM em_prediction_display d
        LEFT JOIN em_prediction_run r ON r",
gpt-review-package/evidence/scaling/n992/first,44.589,1,1,"Query:executing:SELECT d.*, r.result_hash AS run_result_hash, b.output_hash AS batch_output_hash
        FROM em_prediction_display d
        LEFT JOIN em_prediction_run r ON r",
gpt-review-package/evidence/scaling/n992/first,45.604,1,1,"Query:executing:SELECT d.*, r.result_hash AS run_result_hash, b.output_hash AS batch_output_hash
        FROM em_prediction_display d
        LEFT JOIN em_prediction_run r ON r",
gpt-review-package/evidence/scaling/n992/first,46.621,1,1,"Query:executing:SELECT d.*, r.result_hash AS run_result_hash, b.output_hash AS batch_output_hash
        FROM em_prediction_display d
        LEFT JOIN em_prediction_run r ON r",
gpt-review-package/evidence/scaling/n992/first,47.64,1,1,"Query:executing:SELECT d.*, r.result_hash AS run_result_hash, b.output_hash AS batch_output_hash
        FROM em_prediction_display d
        LEFT JOIN em_prediction_run r ON r",
gpt-review-package/evidence/scaling/n992/first,48.654,1,1,"Query:executing:SELECT d.*, r.result_hash AS run_result_hash, b.output_hash AS batch_output_hash
        FROM em_prediction_display d
        LEFT JOIN em_prediction_run r ON r",
gpt-review-package/evidence/scaling/n992/first,49.669,1,1,"Query:executing:SELECT d.*, r.result_hash AS run_result_hash, b.output_hash AS batch_output_hash
        FROM em_prediction_display d
        LEFT JOIN em_prediction_run r ON r",
gpt-review-package/evidence/scaling/n992/first,50.681,1,1,"Query:executing:SELECT d.*, r.result_hash AS run_result_hash, b.output_hash AS batch_output_hash
        FROM em_prediction_display d
        LEFT JOIN em_prediction_run r ON r",
gpt-review-package/evidence/scaling/n992/first,51.692,1,1,"Query:executing:SELECT d.*, r.result_hash AS run_result_hash, b.output_hash AS batch_output_hash
        FROM em_prediction_display d
        LEFT JOIN em_prediction_run r ON r",
gpt-review-package/evidence/scaling/n992/first,52.706,1,1,"Query:executing:SELECT d.*, r.result_hash AS run_result_hash, b.output_hash AS batch_output_hash
        FROM em_prediction_display d
        LEFT JOIN em_prediction_run r ON r",
gpt-review-package/evidence/scaling/n992/first,53.718,1,1,"Query:executing:SELECT d.*, r.result_hash AS run_result_hash, b.output_hash AS batch_output_hash
        FROM em_prediction_display d
        LEFT JOIN em_prediction_run r ON r",
gpt-review-package/evidence/scaling/n992/first,54.726,1,1,"Query:executing:SELECT d.*, r.result_hash AS run_result_hash, b.output_hash AS batch_output_hash
        FROM em_prediction_display d
        LEFT JOIN em_prediction_run r ON r",
gpt-review-package/evidence/scaling/n992/first,55.735,1,1,"Query:executing:SELECT d.*, r.result_hash AS run_result_hash, b.output_hash AS batch_output_hash
        FROM em_prediction_display d
        LEFT JOIN em_prediction_run r ON r",
gpt-review-package/evidence/scaling/n992/first,56.744,1,1,"Query:executing:SELECT d.*, r.result_hash AS run_result_hash, b.output_hash AS batch_output_hash
        FROM em_prediction_display d
        LEFT JOIN em_prediction_run r ON r",
gpt-review-package/evidence/scaling/n992/first,57.766,1,1,"Query:executing:SELECT d.*, r.result_hash AS run_result_hash, b.output_hash AS batch_output_hash
        FROM em_prediction_display d
        LEFT JOIN em_prediction_run r ON r",
gpt-review-package/evidence/scaling/n992/first,58.78,1,1,"Query:executing:SELECT d.*, r.result_hash AS run_result_hash, b.output_hash AS batch_output_hash
        FROM em_prediction_display d
        LEFT JOIN em_prediction_run r ON r",
gpt-review-package/evidence/scaling/n992/first,59.787,1,1,"Query:executing:SELECT d.*, r.result_hash AS run_result_hash, b.output_hash AS batch_output_hash
        FROM em_prediction_display d
        LEFT JOIN em_prediction_run r ON r",
gpt-review-package/evidence/scaling/n992/first,60.796,1,1,"Query:executing:SELECT d.*, r.result_hash AS run_result_hash, b.output_hash AS batch_output_hash
        FROM em_prediction_display d
        LEFT JOIN em_prediction_run r ON r",
gpt-review-package/evidence/scaling/n992/first,62.768,1,1,"Query:executing:SELECT d.*, r.result_hash AS run_result_hash, b.output_hash AS batch_output_hash
        FROM em_prediction_display d
        LEFT JOIN em_prediction_run r ON r",
gpt-review-package/evidence/scaling/n992/first,63.782,1,1,"Query:executing:SELECT d.*, r.result_hash AS run_result_hash, b.output_hash AS batch_output_hash
        FROM em_prediction_display d
        LEFT JOIN em_prediction_run r ON r",
gpt-review-package/evidence/scaling/n992/first,64.797,1,1,"Query:executing:SELECT d.*, r.result_hash AS run_result_hash, b.output_hash AS batch_output_hash
        FROM em_prediction_display d
        LEFT JOIN em_prediction_run r ON r",
gpt-review-package/evidence/scaling/n992/first,65.82,1,1,"Query:executing:SELECT d.*, r.result_hash AS run_result_hash, b.output_hash AS batch_output_hash
        FROM em_prediction_display d
        LEFT JOIN em_prediction_run r ON r",
gpt-review-package/evidence/scaling/n992/first,66.831,1,1,"Query:executing:SELECT d.*, r.result_hash AS run_result_hash, b.output_hash AS batch_output_hash
        FROM em_prediction_display d
        LEFT JOIN em_prediction_run r ON r",
gpt-review-package/evidence/scaling/n992/first,67.849,1,1,"Query:executing:SELECT d.*, r.result_hash AS run_result_hash, b.output_hash AS batch_output_hash
        FROM em_prediction_display d
        LEFT JOIN em_prediction_run r ON r",
gpt-review-package/evidence/scaling/n992/first,68.861,1,1,"Query:executing:SELECT d.*, r.result_hash AS run_result_hash, b.output_hash AS batch_output_hash
        FROM em_prediction_display d
        LEFT JOIN em_prediction_run r ON r",
gpt-review-package/evidence/scaling/n992/first,69.871,1,1,"Query:executing:SELECT d.*, r.result_hash AS run_result_hash, b.output_hash AS batch_output_hash
        FROM em_prediction_display d
        LEFT JOIN em_prediction_run r ON r",
gpt-review-package/evidence/scaling/n992/first,70.882,1,1,"Query:executing:SELECT d.*, r.result_hash AS run_result_hash, b.output_hash AS batch_output_hash
        FROM em_prediction_display d
        LEFT JOIN em_prediction_run r ON r",
gpt-review-package/evidence/scaling/n992/first,71.891,1,1,"Query:executing:SELECT d.*, r.result_hash AS run_result_hash, b.output_hash AS batch_output_hash
        FROM em_prediction_display d
        LEFT JOIN em_prediction_run r ON r",
gpt-review-package/evidence/scaling/n992/first,72.906,1,1,"Query:executing:SELECT d.*, r.result_hash AS run_result_hash, b.output_hash AS batch_output_hash
        FROM em_prediction_display d
        LEFT JOIN em_prediction_run r ON r",
gpt-review-package/evidence/scaling/n992/first,73.92,1,1,"Query:executing:SELECT d.*, r.result_hash AS run_result_hash, b.output_hash AS batch_output_hash
        FROM em_prediction_display d
        LEFT JOIN em_prediction_run r ON r",
gpt-review-package/evidence/scaling/n992/first,74.935,1,1,"Query:executing:SELECT d.*, r.result_hash AS run_result_hash, b.output_hash AS batch_output_hash
        FROM em_prediction_display d
        LEFT JOIN em_prediction_run r ON r",
gpt-review-package/evidence/scaling/n992/first,75.946,1,1,"Query:executing:SELECT d.*, r.result_hash AS run_result_hash, b.output_hash AS batch_output_hash
        FROM em_prediction_display d
        LEFT JOIN em_prediction_run r ON r",
gpt-review-package/evidence/scaling/n992/first,76.97,1,1,"Query:executing:SELECT d.*, r.result_hash AS run_result_hash, b.output_hash AS batch_output_hash
        FROM em_prediction_display d
        LEFT JOIN em_prediction_run r ON r",
gpt-review-package/evidence/scaling/n992/first,77.981,1,1,"Query:executing:SELECT d.*, r.result_hash AS run_result_hash, b.output_hash AS batch_output_hash
        FROM em_prediction_display d
        LEFT JOIN em_prediction_run r ON r",
gpt-review-package/evidence/scaling/n992/first,79.003,1,1,"Query:executing:SELECT d.*, r.result_hash AS run_result_hash, b.output_hash AS batch_output_hash
        FROM em_prediction_display d
        LEFT JOIN em_prediction_run r ON r",
gpt-review-package/evidence/scaling/n992/first,80.019,1,1,"Query:executing:SELECT d.*, r.result_hash AS run_result_hash, b.output_hash AS batch_output_hash
        FROM em_prediction_display d
        LEFT JOIN em_prediction_run r ON r",
gpt-review-package/evidence/scaling/n992/first,81.028,1,1,"Query:executing:SELECT d.*, r.result_hash AS run_result_hash, b.output_hash AS batch_output_hash
        FROM em_prediction_display d
        LEFT JOIN em_prediction_run r ON r",
gpt-review-package/evidence/scaling/n992/first,82.041,1,1,"Query:executing:SELECT d.*, r.result_hash AS run_result_hash, b.output_hash AS batch_output_hash
        FROM em_prediction_display d
        LEFT JOIN em_prediction_run r ON r",
gpt-review-package/evidence/scaling/n992/first,83.053,1,1,"Query:executing:SELECT d.*, r.result_hash AS run_result_hash, b.output_hash AS batch_output_hash
        FROM em_prediction_display d
        LEFT JOIN em_prediction_run r ON r",
gpt-review-package/evidence/scaling/n992/first,84.067,1,1,"Query:executing:SELECT d.*, r.result_hash AS run_result_hash, b.output_hash AS batch_output_hash
        FROM em_prediction_display d
        LEFT JOIN em_prediction_run r ON r",
gpt-review-package/evidence/scaling/n992/first,85.092,1,1,"Query:executing:SELECT d.*, r.result_hash AS run_result_hash, b.output_hash AS batch_output_hash
        FROM em_prediction_display d
        LEFT JOIN em_prediction_run r ON r",
gpt-review-package/evidence/scaling/n992/first,86.112,1,1,"Query:executing:SELECT d.*, r.result_hash AS run_result_hash, b.output_hash AS batch_output_hash
        FROM em_prediction_display d
        LEFT JOIN em_prediction_run r ON r",
gpt-review-package/evidence/scaling/n992/first,87.121,1,1,"Query:executing:SELECT d.*, r.result_hash AS run_result_hash, b.output_hash AS batch_output_hash
        FROM em_prediction_display d
        LEFT JOIN em_prediction_run r ON r",
gpt-review-package/evidence/scaling/n992/first,88.139,1,1,"Query:executing:SELECT d.*, r.result_hash AS run_result_hash, b.output_hash AS batch_output_hash
        FROM em_prediction_display d
        LEFT JOIN em_prediction_run r ON r",
gpt-review-package/evidence/scaling/n992/first,89.148,1,1,"Query:executing:SELECT d.*, r.result_hash AS run_result_hash, b.output_hash AS batch_output_hash
        FROM em_prediction_display d
        LEFT JOIN em_prediction_run r ON r",
gpt-review-package/evidence/scaling/n992/first,90.164,1,1,"Query:executing:SELECT d.*, r.result_hash AS run_result_hash, b.output_hash AS batch_output_hash
        FROM em_prediction_display d
        LEFT JOIN em_prediction_run r ON r",
gpt-review-package/evidence/scaling/n992/first,91.179,1,1,"Query:executing:SELECT d.*, r.result_hash AS run_result_hash, b.output_hash AS batch_output_hash
        FROM em_prediction_display d
        LEFT JOIN em_prediction_run r ON r",
gpt-review-package/evidence/scaling/n992/first,92.193,1,1,"Query:executing:SELECT d.*, r.result_hash AS run_result_hash, b.output_hash AS batch_output_hash
        FROM em_prediction_display d
        LEFT JOIN em_prediction_run r ON r",
gpt-review-package/evidence/scaling/n992/first,93.209,1,1,"Query:executing:SELECT d.*, r.result_hash AS run_result_hash, b.output_hash AS batch_output_hash
        FROM em_prediction_display d
        LEFT JOIN em_prediction_run r ON r",
gpt-review-package/evidence/scaling/n992/first,94.223,1,1,"Query:executing:SELECT d.*, r.result_hash AS run_result_hash, b.output_hash AS batch_output_hash
        FROM em_prediction_display d
        LEFT JOIN em_prediction_run r ON r",
gpt-review-package/evidence/scaling/n992/first,95.234,1,1,"Query:executing:SELECT d.*, r.result_hash AS run_result_hash, b.output_hash AS batch_output_hash
        FROM em_prediction_display d
        LEFT JOIN em_prediction_run r ON r",
gpt-review-package/evidence/scaling/n992/first,96.248,1,1,"Query:executing:SELECT d.*, r.result_hash AS run_result_hash, b.output_hash AS batch_output_hash
        FROM em_prediction_display d
        LEFT JOIN em_prediction_run r ON r",
gpt-review-package/evidence/scaling/n992/first,97.264,1,1,"Query:executing:SELECT d.*, r.result_hash AS run_result_hash, b.output_hash AS batch_output_hash
        FROM em_prediction_display d
        LEFT JOIN em_prediction_run r ON r",
gpt-review-package/evidence/scaling/n992/first,98.282,1,1,"Query:executing:SELECT d.*, r.result_hash AS run_result_hash, b.output_hash AS batch_output_hash
        FROM em_prediction_display d
        LEFT JOIN em_prediction_run r ON r",
gpt-review-package/evidence/scaling/n992/first,99.293,1,1,"Query:executing:SELECT d.*, r.result_hash AS run_result_hash, b.output_hash AS batch_output_hash
        FROM em_prediction_display d
        LEFT JOIN em_prediction_run r ON r",
gpt-review-package/evidence/scaling/n992/first,100.308,1,1,"Query:executing:SELECT d.*, r.result_hash AS run_result_hash, b.output_hash AS batch_output_hash
        FROM em_prediction_display d
        LEFT JOIN em_prediction_run r ON r",
gpt-review-package/evidence/scaling/n992/first,101.324,1,1,"Query:executing:SELECT d.*, r.result_hash AS run_result_hash, b.output_hash AS batch_output_hash
        FROM em_prediction_display d
        LEFT JOIN em_prediction_run r ON r",
gpt-review-package/evidence/scaling/n992/first,102.333,1,1,"Query:executing:SELECT d.*, r.result_hash AS run_result_hash, b.output_hash AS batch_output_hash
        FROM em_prediction_display d
        LEFT JOIN em_prediction_run r ON r",
gpt-review-package/evidence/scaling/n992/first,103.345,1,1,"Query:executing:SELECT d.*, r.result_hash AS run_result_hash, b.output_hash AS batch_output_hash
        FROM em_prediction_display d
        LEFT JOIN em_prediction_run r ON r",
gpt-review-package/evidence/scaling/n992/first,104.368,1,1,"Query:executing:SELECT d.*, r.result_hash AS run_result_hash, b.output_hash AS batch_output_hash
        FROM em_prediction_display d
        LEFT JOIN em_prediction_run r ON r",
gpt-review-package/evidence/scaling/n992/first,105.378,1,1,"Query:executing:SELECT d.*, r.result_hash AS run_result_hash, b.output_hash AS batch_output_hash
        FROM em_prediction_display d
        LEFT JOIN em_prediction_run r ON r",
gpt-review-package/evidence/scaling/n992/first,106.39,1,1,"Query:executing:SELECT d.*, r.result_hash AS run_result_hash, b.output_hash AS batch_output_hash
        FROM em_prediction_display d
        LEFT JOIN em_prediction_run r ON r",
gpt-review-package/evidence/scaling/n992/first,107.407,1,1,"Query:executing:SELECT d.*, r.result_hash AS run_result_hash, b.output_hash AS batch_output_hash
        FROM em_prediction_display d
        LEFT JOIN em_prediction_run r ON r",
gpt-review-package/evidence/scaling/n992/first,108.429,1,1,"Query:executing:SELECT d.*, r.result_hash AS run_result_hash, b.output_hash AS batch_output_hash
        FROM em_prediction_display d
        LEFT JOIN em_prediction_run r ON r",
gpt-review-package/evidence/scaling/n992/first,109.444,1,1,"Query:executing:SELECT d.*, r.result_hash AS run_result_hash, b.output_hash AS batch_output_hash
        FROM em_prediction_display d
        LEFT JOIN em_prediction_run r ON r",
gpt-review-package/evidence/scaling/n992/first,110.456,1,1,"Query:executing:SELECT d.*, r.result_hash AS run_result_hash, b.output_hash AS batch_output_hash
        FROM em_prediction_display d
        LEFT JOIN em_prediction_run r ON r",
gpt-review-package/evidence/scaling/n992/first,111.465,1,1,"Query:executing:SELECT d.*, r.result_hash AS run_result_hash, b.output_hash AS batch_output_hash
        FROM em_prediction_display d
        LEFT JOIN em_prediction_run r ON r",
gpt-review-package/evidence/scaling/n992/first,112.481,1,1,"Query:executing:SELECT d.*, r.result_hash AS run_result_hash, b.output_hash AS batch_output_hash
        FROM em_prediction_display d
        LEFT JOIN em_prediction_run r ON r",
gpt-review-package/evidence/scaling/n992/first,113.493,1,1,"Query:executing:SELECT d.*, r.result_hash AS run_result_hash, b.output_hash AS batch_output_hash
        FROM em_prediction_display d
        LEFT JOIN em_prediction_run r ON r",
gpt-review-package/evidence/scaling/n992/first,114.504,1,1,"Query:executing:SELECT d.*, r.result_hash AS run_result_hash, b.output_hash AS batch_output_hash
        FROM em_prediction_display d
        LEFT JOIN em_prediction_run r ON r",
gpt-review-package/evidence/scaling/n992/first,115.521,1,1,"Query:executing:SELECT d.*, r.result_hash AS run_result_hash, b.output_hash AS batch_output_hash
        FROM em_prediction_display d
        LEFT JOIN em_prediction_run r ON r",
gpt-review-package/evidence/scaling/n992/first,116.535,1,1,"Query:executing:SELECT d.*, r.result_hash AS run_result_hash, b.output_hash AS batch_output_hash
        FROM em_prediction_display d
        LEFT JOIN em_prediction_run r ON r",
gpt-review-package/evidence/scaling/n992/first,117.549,1,1,"Query:executing:SELECT d.*, r.result_hash AS run_result_hash, b.output_hash AS batch_output_hash
        FROM em_prediction_display d
        LEFT JOIN em_prediction_run r ON r",
gpt-review-package/evidence/scaling/n992/first,118.562,1,1,"Query:executing:SELECT d.*, r.result_hash AS run_result_hash, b.output_hash AS batch_output_hash
        FROM em_prediction_display d
        LEFT JOIN em_prediction_run r ON r",
gpt-review-package/evidence/scaling/n992/first,119.58,1,1,"Query:executing:SELECT d.*, r.result_hash AS run_result_hash, b.output_hash AS batch_output_hash
        FROM em_prediction_display d
        LEFT JOIN em_prediction_run r ON r",
gpt-review-package/evidence/scaling/n992/first,120.593,1,1,"Query:executing:SELECT d.*, r.result_hash AS run_result_hash, b.output_hash AS batch_output_hash
        FROM em_prediction_display d
        LEFT JOIN em_prediction_run r ON r",
gpt-review-package/evidence/scaling/n992/first,122.357,1,1,"Query:executing:SELECT d.*, r.result_hash AS run_result_hash, b.output_hash AS batch_output_hash
        FROM em_prediction_display d
        LEFT JOIN em_prediction_run r ON r",
gpt-review-package/evidence/scaling/n992/first,123.367,1,1,"Query:executing:SELECT d.*, r.result_hash AS run_result_hash, b.output_hash AS batch_output_hash
        FROM em_prediction_display d
        LEFT JOIN em_prediction_run r ON r",
gpt-review-package/evidence/scaling/n992/first,124.378,1,1,"Query:executing:SELECT d.*, r.result_hash AS run_result_hash, b.output_hash AS batch_output_hash
        FROM em_prediction_display d
        LEFT JOIN em_prediction_run r ON r",
gpt-review-package/evidence/scaling/n992/first,125.394,1,1,"Query:executing:SELECT d.*, r.result_hash AS run_result_hash, b.output_hash AS batch_output_hash
        FROM em_prediction_display d
        LEFT JOIN em_prediction_run r ON r",
gpt-review-package/evidence/scaling/n992/first,126.407,1,1,"Query:executing:SELECT d.*, r.result_hash AS run_result_hash, b.output_hash AS batch_output_hash
        FROM em_prediction_display d
        LEFT JOIN em_prediction_run r ON r",
gpt-review-package/evidence/scaling/n992/first,127.421,1,1,"Query:executing:SELECT d.*, r.result_hash AS run_result_hash, b.output_hash AS batch_output_hash
        FROM em_prediction_display d
        LEFT JOIN em_prediction_run r ON r",
gpt-review-package/evidence/scaling/n992/first,128.434,1,1,"Query:executing:SELECT d.*, r.result_hash AS run_result_hash, b.output_hash AS batch_output_hash
        FROM em_prediction_display d
        LEFT JOIN em_prediction_run r ON r",
gpt-review-package/evidence/scaling/n992/first,129.446,1,1,"Query:executing:SELECT d.*, r.result_hash AS run_result_hash, b.output_hash AS batch_output_hash
        FROM em_prediction_display d
        LEFT JOIN em_prediction_run r ON r",
gpt-review-package/evidence/scaling/n992/first,130.459,1,1,"Query:executing:SELECT d.*, r.result_hash AS run_result_hash, b.output_hash AS batch_output_hash
        FROM em_prediction_display d
        LEFT JOIN em_prediction_run r ON r",
gpt-review-package/evidence/scaling/n992/first,131.468,1,1,"Query:executing:SELECT d.*, r.result_hash AS run_result_hash, b.output_hash AS batch_output_hash
        FROM em_prediction_display d
        LEFT JOIN em_prediction_run r ON r",
gpt-review-package/evidence/scaling/n992/first,132.48,1,1,"Query:executing:SELECT d.*, r.result_hash AS run_result_hash, b.output_hash AS batch_output_hash
        FROM em_prediction_display d
        LEFT JOIN em_prediction_run r ON r",
gpt-review-package/evidence/scaling/n992/first,133.507,1,1,"Query:executing:SELECT d.*, r.result_hash AS run_result_hash, b.output_hash AS batch_output_hash
        FROM em_prediction_display d
        LEFT JOIN em_prediction_run r ON r",
gpt-review-package/evidence/scaling/n992/first,134.519,1,1,"Query:executing:SELECT d.*, r.result_hash AS run_result_hash, b.output_hash AS batch_output_hash
        FROM em_prediction_display d
        LEFT JOIN em_prediction_run r ON r",
gpt-review-package/evidence/scaling/n992/first,135.529,1,0,Sleep::,
scaling/n124/first,0.001,1,0,Sleep::,
scaling/n124/first,1.025,1,1,"Query:executing:SELECT d.*, r.result_hash AS run_result_hash, b.output_hash AS batch_output_hash
        FROM em_prediction_display d
        LEFT JOIN em_prediction_run r ON r",
scaling/n124/first,2.04,1,1,"Query:executing:SELECT d.*, r.result_hash AS run_result_hash, b.output_hash AS batch_output_hash
        FROM em_prediction_display d
        LEFT JOIN em_prediction_run r ON r",
scaling/n1240/first,0.001,1,0,Sleep::,
scaling/n1240/first,1.012,1,1,"Query:executing:SELECT d.*, r.result_hash AS run_result_hash, b.output_hash AS batch_output_hash
        FROM em_prediction_display d
        LEFT JOIN em_prediction_run r ON r",
scaling/n1240/first,2.032,1,1,"Query:executing:SELECT d.*, r.result_hash AS run_result_hash, b.output_hash AS batch_output_hash
        FROM em_prediction_display d
        LEFT JOIN em_prediction_run r ON r",
scaling/n1240/first,3.044,1,1,"Query:executing:SELECT d.*, r.result_hash AS run_result_hash, b.output_hash AS batch_output_hash
        FROM em_prediction_display d
        LEFT JOIN em_prediction_run r ON r",
scaling/n1240/first,4.057,1,1,"Query:executing:SELECT d.*, r.result_hash AS run_result_hash, b.output_hash AS batch_output_hash
        FROM em_prediction_display d
        LEFT JOIN em_prediction_run r ON r",
scaling/n1240/first,5.071,1,1,"Query:executing:SELECT d.*, r.result_hash AS run_result_hash, b.output_hash AS batch_output_hash
        FROM em_prediction_display d
        LEFT JOIN em_prediction_run r ON r",
scaling/n1240/first,7.021,1,1,"Query:executing:SELECT d.*, r.result_hash AS run_result_hash, b.output_hash AS batch_output_hash
        FROM em_prediction_display d
        LEFT JOIN em_prediction_run r ON r",
scaling/n1240/first,8.03,1,1,"Query:executing:SELECT d.*, r.result_hash AS run_result_hash, b.output_hash AS batch_output_hash
        FROM em_prediction_display d
        LEFT JOIN em_prediction_run r ON r",
scaling/n1240/first,9.043,1,1,"Query:executing:SELECT d.*, r.result_hash AS run_result_hash, b.output_hash AS batch_output_hash
        FROM em_prediction_display d
        LEFT JOIN em_prediction_run r ON r",
scaling/n1240/first,10.056,1,1,"Query:executing:SELECT d.*, r.result_hash AS run_result_hash, b.output_hash AS batch_output_hash
        FROM em_prediction_display d
        LEFT JOIN em_prediction_run r ON r",
scaling/n1240/first,11.064,1,1,"Query:executing:SELECT d.*, r.result_hash AS run_result_hash, b.output_hash AS batch_output_hash
        FROM em_prediction_display d
        LEFT JOIN em_prediction_run r ON r",
scaling/n1240/first,12.086,1,1,"Query:executing:SELECT d.*, r.result_hash AS run_result_hash, b.output_hash AS batch_output_hash
        FROM em_prediction_display d
        LEFT JOIN em_prediction_run r ON r",
scaling/n1240/first,13.097,1,1,"Query:executing:SELECT d.*, r.result_hash AS run_result_hash, b.output_hash AS batch_output_hash
        FROM em_prediction_display d
        LEFT JOIN em_prediction_run r ON r",
scaling/n1240/first,14.122,1,1,"Query:executing:SELECT d.*, r.result_hash AS run_result_hash, b.output_hash AS batch_output_hash
        FROM em_prediction_display d
        LEFT JOIN em_prediction_run r ON r",
scaling/n1240/first,15.134,1,1,"Query:executing:SELECT d.*, r.result_hash AS run_result_hash, b.output_hash AS batch_output_hash
        FROM em_prediction_display d
        LEFT JOIN em_prediction_run r ON r",
scaling/n1240/first,17.178,1,1,"Query:executing:SELECT d.*, r.result_hash AS run_result_hash, b.output_hash AS batch_output_hash
        FROM em_prediction_display d
        LEFT JOIN em_prediction_run r ON r",
scaling/n1240/first,18.189,1,1,"Query:executing:SELECT d.*, r.result_hash AS run_result_hash, b.output_hash AS batch_output_hash
        FROM em_prediction_display d
        LEFT JOIN em_prediction_run r ON r",
scaling/n1240/first,19.211,1,1,"Query:executing:SELECT d.*, r.result_hash AS run_result_hash, b.output_hash AS batch_output_hash
        FROM em_prediction_display d
        LEFT JOIN em_prediction_run r ON r",
scaling/n1240/first,20.22,1,1,"Query:executing:SELECT d.*, r.result_hash AS run_result_hash, b.output_hash AS batch_output_hash
        FROM em_prediction_display d
        LEFT JOIN em_prediction_run r ON r",
scaling/n1240/first,21.232,1,1,"Query:executing:SELECT d.*, r.result_hash AS run_result_hash, b.output_hash AS batch_output_hash
        FROM em_prediction_display d
        LEFT JOIN em_prediction_run r ON r",
scaling/n1240/first,22.254,1,1,"Query:executing:SELECT d.*, r.result_hash AS run_result_hash, b.output_hash AS batch_output_hash
        FROM em_prediction_display d
        LEFT JOIN em_prediction_run r ON r",
scaling/n1240/first,23.269,1,1,"Query:executing:SELECT d.*, r.result_hash AS run_result_hash, b.output_hash AS batch_output_hash
        FROM em_prediction_display d
        LEFT JOIN em_prediction_run r ON r",
scaling/n1240/first,24.277,1,1,"Query:executing:SELECT d.*, r.result_hash AS run_result_hash, b.output_hash AS batch_output_hash
        FROM em_prediction_display d
        LEFT JOIN em_prediction_run r ON r",
scaling/n1240/first,25.3,1,1,"Query:executing:SELECT d.*, r.result_hash AS run_result_hash, b.output_hash AS batch_output_hash
        FROM em_prediction_display d
        LEFT JOIN em_prediction_run r ON r",
scaling/n1240/first,26.321,1,1,"Query:executing:SELECT d.*, r.result_hash AS run_result_hash, b.output_hash AS batch_output_hash
        FROM em_prediction_display d
        LEFT JOIN em_prediction_run r ON r",
scaling/n1240/first,27.335,1,1,"Query:executing:SELECT d.*, r.result_hash AS run_result_hash, b.output_hash AS batch_output_hash
        FROM em_prediction_display d
        LEFT JOIN em_prediction_run r ON r",
scaling/n1240/first,28.349,1,1,"Query:executing:SELECT d.*, r.result_hash AS run_result_hash, b.output_hash AS batch_output_hash
        FROM em_prediction_display d
        LEFT JOIN em_prediction_run r ON r",
scaling/n1240/first,29.361,1,1,"Query:executing:SELECT d.*, r.result_hash AS run_result_hash, b.output_hash AS batch_output_hash
        FROM em_prediction_display d
        LEFT JOIN em_prediction_run r ON r",
scaling/n1240/first,30.369,1,1,"Query:executing:SELECT d.*, r.result_hash AS run_result_hash, b.output_hash AS batch_output_hash
        FROM em_prediction_display d
        LEFT JOIN em_prediction_run r ON r",
scaling/n1240/first,32.206,1,1,"Query:executing:SELECT d.*, r.result_hash AS run_result_hash, b.output_hash AS batch_output_hash
        FROM em_prediction_display d
        LEFT JOIN em_prediction_run r ON r",
scaling/n1240/first,33.217,1,1,"Query:executing:SELECT d.*, r.result_hash AS run_result_hash, b.output_hash AS batch_output_hash
        FROM em_prediction_display d
        LEFT JOIN em_prediction_run r ON r",
scaling/n1240/first,34.227,1,1,"Query:executing:SELECT d.*, r.result_hash AS run_result_hash, b.output_hash AS batch_output_hash
        FROM em_prediction_display d
        LEFT JOIN em_prediction_run r ON r",
scaling/n1240/first,35.239,1,1,"Query:executing:SELECT d.*, r.result_hash AS run_result_hash, b.output_hash AS batch_output_hash
        FROM em_prediction_display d
        LEFT JOIN em_prediction_run r ON r",
scaling/n1240/first,36.25,1,1,"Query:executing:SELECT d.*, r.result_hash AS run_result_hash, b.output_hash AS batch_output_hash
        FROM em_prediction_display d
        LEFT JOIN em_prediction_run r ON r",
scaling/n1240/first,37.263,1,1,"Query:executing:SELECT d.*, r.result_hash AS run_result_hash, b.output_hash AS batch_output_hash
        FROM em_prediction_display d
        LEFT JOIN em_prediction_run r ON r",
scaling/n1240/first,38.277,1,1,"Query:executing:SELECT d.*, r.result_hash AS run_result_hash, b.output_hash AS batch_output_hash
        FROM em_prediction_display d
        LEFT JOIN em_prediction_run r ON r",
scaling/n1240/first,39.291,1,1,"Query:executing:SELECT d.*, r.result_hash AS run_result_hash, b.output_hash AS batch_output_hash
        FROM em_prediction_display d
        LEFT JOIN em_prediction_run r ON r",
scaling/n1240/first,40.316,1,1,"Query:executing:SELECT d.*, r.result_hash AS run_result_hash, b.output_hash AS batch_output_hash
        FROM em_prediction_display d
        LEFT JOIN em_prediction_run r ON r",
scaling/n1240/first,41.328,1,1,"Query:executing:SELECT d.*, r.result_hash AS run_result_hash, b.output_hash AS batch_output_hash
        FROM em_prediction_display d
        LEFT JOIN em_prediction_run r ON r",
scaling/n1240/first,42.336,1,1,"Query:executing:SELECT d.*, r.result_hash AS run_result_hash, b.output_hash AS batch_output_hash
        FROM em_prediction_display d
        LEFT JOIN em_prediction_run r ON r",
scaling/n1240/first,43.363,1,1,"Query:executing:SELECT d.*, r.result_hash AS run_result_hash, b.output_hash AS batch_output_hash
        FROM em_prediction_display d
        LEFT JOIN em_prediction_run r ON r",
scaling/n1240/first,44.375,1,1,"Query:executing:SELECT d.*, r.result_hash AS run_result_hash, b.output_hash AS batch_output_hash
        FROM em_prediction_display d
        LEFT JOIN em_prediction_run r ON r",
scaling/n1240/first,45.395,1,1,"Query:executing:SELECT d.*, r.result_hash AS run_result_hash, b.output_hash AS batch_output_hash
        FROM em_prediction_display d
        LEFT JOIN em_prediction_run r ON r",
scaling/n1240/first,46.41,1,1,"Query:executing:SELECT d.*, r.result_hash AS run_result_hash, b.output_hash AS batch_output_hash
        FROM em_prediction_display d
        LEFT JOIN em_prediction_run r ON r",
scaling/n1240/first,47.429,1,1,"Query:executing:SELECT d.*, r.result_hash AS run_result_hash, b.output_hash AS batch_output_hash
        FROM em_prediction_display d
        LEFT JOIN em_prediction_run r ON r",
scaling/n1240/first,48.451,1,1,"Query:executing:SELECT d.*, r.result_hash AS run_result_hash, b.output_hash AS batch_output_hash
        FROM em_prediction_display d
        LEFT JOIN em_prediction_run r ON r",
scaling/n1240/first,49.46,1,1,"Query:executing:SELECT d.*, r.result_hash AS run_result_hash, b.output_hash AS batch_output_hash
        FROM em_prediction_display d
        LEFT JOIN em_prediction_run r ON r",
scaling/n1240/first,50.483,1,1,"Query:executing:SELECT d.*, r.result_hash AS run_result_hash, b.output_hash AS batch_output_hash
        FROM em_prediction_display d
        LEFT JOIN em_prediction_run r ON r",
scaling/n1240/first,51.504,1,1,"Query:executing:SELECT d.*, r.result_hash AS run_result_hash, b.output_hash AS batch_output_hash
        FROM em_prediction_display d
        LEFT JOIN em_prediction_run r ON r",
scaling/n1240/first,52.512,1,1,"Query:executing:SELECT d.*, r.result_hash AS run_result_hash, b.output_hash AS batch_output_hash
        FROM em_prediction_display d
        LEFT JOIN em_prediction_run r ON r",
scaling/n1240/first,53.529,1,1,"Query:executing:SELECT d.*, r.result_hash AS run_result_hash, b.output_hash AS batch_output_hash
        FROM em_prediction_display d
        LEFT JOIN em_prediction_run r ON r",
scaling/n1240/first,54.54,1,1,"Query:executing:SELECT d.*, r.result_hash AS run_result_hash, b.output_hash AS batch_output_hash
        FROM em_prediction_display d
        LEFT JOIN em_prediction_run r ON r",
scaling/n1240/first,55.548,1,1,"Query:executing:SELECT d.*, r.result_hash AS run_result_hash, b.output_hash AS batch_output_hash
        FROM em_prediction_display d
        LEFT JOIN em_prediction_run r ON r",
scaling/n1240/first,56.56,1,1,"Query:executing:SELECT d.*, r.result_hash AS run_result_hash, b.output_hash AS batch_output_hash
        FROM em_prediction_display d
        LEFT JOIN em_prediction_run r ON r",
scaling/n1240/first,57.571,1,1,"Query:executing:SELECT d.*, r.result_hash AS run_result_hash, b.output_hash AS batch_output_hash
        FROM em_prediction_display d
        LEFT JOIN em_prediction_run r ON r",
scaling/n1240/first,58.582,1,1,"Query:executing:SELECT d.*, r.result_hash AS run_result_hash, b.output_hash AS batch_output_hash
        FROM em_prediction_display d
        LEFT JOIN em_prediction_run r ON r",
scaling/n1240/first,59.594,1,1,"Query:executing:SELECT d.*, r.result_hash AS run_result_hash, b.output_hash AS batch_output_hash
        FROM em_prediction_display d
        LEFT JOIN em_prediction_run r ON r",
scaling/n1240/first,60.617,1,1,"Query:executing:SELECT d.*, r.result_hash AS run_result_hash, b.output_hash AS batch_output_hash
        FROM em_prediction_display d
        LEFT JOIN em_prediction_run r ON r",
scaling/n1240/first,62.455,1,1,"Query:executing:SELECT d.*, r.result_hash AS run_result_hash, b.output_hash AS batch_output_hash
        FROM em_prediction_display d
        LEFT JOIN em_prediction_run r ON r",
scaling/n1240/first,63.468,1,1,"Query:executing:SELECT d.*, r.result_hash AS run_result_hash, b.output_hash AS batch_output_hash
        FROM em_prediction_display d
        LEFT JOIN em_prediction_run r ON r",
scaling/n1240/first,64.477,1,1,"Query:executing:SELECT d.*, r.result_hash AS run_result_hash, b.output_hash AS batch_output_hash
        FROM em_prediction_display d
        LEFT JOIN em_prediction_run r ON r",
scaling/n1240/first,65.489,1,1,"Query:executing:SELECT d.*, r.result_hash AS run_result_hash, b.output_hash AS batch_output_hash
        FROM em_prediction_display d
        LEFT JOIN em_prediction_run r ON r",
scaling/n1240/first,66.5,1,1,"Query:executing:SELECT d.*, r.result_hash AS run_result_hash, b.output_hash AS batch_output_hash
        FROM em_prediction_display d
        LEFT JOIN em_prediction_run r ON r",
scaling/n1240/first,67.513,1,1,"Query:executing:SELECT d.*, r.result_hash AS run_result_hash, b.output_hash AS batch_output_hash
        FROM em_prediction_display d
        LEFT JOIN em_prediction_run r ON r",
scaling/n1240/first,68.523,1,1,"Query:executing:SELECT d.*, r.result_hash AS run_result_hash, b.output_hash AS batch_output_hash
        FROM em_prediction_display d
        LEFT JOIN em_prediction_run r ON r",
scaling/n1240/first,69.532,1,1,"Query:executing:SELECT d.*, r.result_hash AS run_result_hash, b.output_hash AS batch_output_hash
        FROM em_prediction_display d
        LEFT JOIN em_prediction_run r ON r",
scaling/n1240/first,70.543,1,1,"Query:executing:SELECT d.*, r.result_hash AS run_result_hash, b.output_hash AS batch_output_hash
        FROM em_prediction_display d
        LEFT JOIN em_prediction_run r ON r",
scaling/n1240/first,71.557,1,1,"Query:executing:SELECT d.*, r.result_hash AS run_result_hash, b.output_hash AS batch_output_hash
        FROM em_prediction_display d
        LEFT JOIN em_prediction_run r ON r",
scaling/n1240/first,72.568,1,1,"Query:executing:SELECT d.*, r.result_hash AS run_result_hash, b.output_hash AS batch_output_hash
        FROM em_prediction_display d
        LEFT JOIN em_prediction_run r ON r",
scaling/n1240/first,73.581,1,1,"Query:executing:SELECT d.*, r.result_hash AS run_result_hash, b.output_hash AS batch_output_hash
        FROM em_prediction_display d
        LEFT JOIN em_prediction_run r ON r",
scaling/n1240/first,74.603,1,1,"Query:executing:SELECT d.*, r.result_hash AS run_result_hash, b.output_hash AS batch_output_hash
        FROM em_prediction_display d
        LEFT JOIN em_prediction_run r ON r",
scaling/n1240/first,75.623,1,1,"Query:executing:SELECT d.*, r.result_hash AS run_result_hash, b.output_hash AS batch_output_hash
        FROM em_prediction_display d
        LEFT JOIN em_prediction_run r ON r",
scaling/n1240/first,76.639,1,1,"Query:executing:SELECT d.*, r.result_hash AS run_result_hash, b.output_hash AS batch_output_hash
        FROM em_prediction_display d
        LEFT JOIN em_prediction_run r ON r",
scaling/n1240/first,77.65,1,1,"Query:executing:SELECT d.*, r.result_hash AS run_result_hash, b.output_hash AS batch_output_hash
        FROM em_prediction_display d
        LEFT JOIN em_prediction_run r ON r",
scaling/n1240/first,78.662,1,1,"Query:executing:SELECT d.*, r.result_hash AS run_result_hash, b.output_hash AS batch_output_hash
        FROM em_prediction_display d
        LEFT JOIN em_prediction_run r ON r",
scaling/n1240/first,79.681,1,1,"Query:executing:SELECT d.*, r.result_hash AS run_result_hash, b.output_hash AS batch_output_hash
        FROM em_prediction_display d
        LEFT JOIN em_prediction_run r ON r",
scaling/n1240/first,80.704,1,1,"Query:executing:SELECT d.*, r.result_hash AS run_result_hash, b.output_hash AS batch_output_hash
        FROM em_prediction_display d
        LEFT JOIN em_prediction_run r ON r",
scaling/n1240/first,81.72,1,1,"Query:executing:SELECT d.*, r.result_hash AS run_result_hash, b.output_hash AS batch_output_hash
        FROM em_prediction_display d
        LEFT JOIN em_prediction_run r ON r",
scaling/n1240/first,82.742,1,1,"Query:executing:SELECT d.*, r.result_hash AS run_result_hash, b.output_hash AS batch_output_hash
        FROM em_prediction_display d
        LEFT JOIN em_prediction_run r ON r",
scaling/n1240/first,83.759,1,1,"Query:executing:SELECT d.*, r.result_hash AS run_result_hash, b.output_hash AS batch_output_hash
        FROM em_prediction_display d
        LEFT JOIN em_prediction_run r ON r",
scaling/n1240/first,84.781,1,1,"Query:executing:SELECT d.*, r.result_hash AS run_result_hash, b.output_hash AS batch_output_hash
        FROM em_prediction_display d
        LEFT JOIN em_prediction_run r ON r",
scaling/n1240/first,85.795,1,1,"Query:executing:SELECT d.*, r.result_hash AS run_result_hash, b.output_hash AS batch_output_hash
        FROM em_prediction_display d
        LEFT JOIN em_prediction_run r ON r",
scaling/n1240/first,86.808,1,1,"Query:executing:SELECT d.*, r.result_hash AS run_result_hash, b.output_hash AS batch_output_hash
        FROM em_prediction_display d
        LEFT JOIN em_prediction_run r ON r",
scaling/n1240/first,87.819,1,1,"Query:executing:SELECT d.*, r.result_hash AS run_result_hash, b.output_hash AS batch_output_hash
        FROM em_prediction_display d
        LEFT JOIN em_prediction_run r ON r",
scaling/n1240/first,88.846,1,1,"Query:executing:SELECT d.*, r.result_hash AS run_result_hash, b.output_hash AS batch_output_hash
        FROM em_prediction_display d
        LEFT JOIN em_prediction_run r ON r",
scaling/n1240/first,89.87,1,1,"Query:executing:SELECT d.*, r.result_hash AS run_result_hash, b.output_hash AS batch_output_hash
        FROM em_prediction_display d
        LEFT JOIN em_prediction_run r ON r",
scaling/n1240/first,90.884,1,1,"Query:executing:SELECT d.*, r.result_hash AS run_result_hash, b.output_hash AS batch_output_hash
        FROM em_prediction_display d
        LEFT JOIN em_prediction_run r ON r",
scaling/n1240/first,91.893,1,1,"Query:executing:SELECT d.*, r.result_hash AS run_result_hash, b.output_hash AS batch_output_hash
        FROM em_prediction_display d
        LEFT JOIN em_prediction_run r ON r",
scaling/n1240/first,92.904,1,1,"Query:executing:SELECT d.*, r.result_hash AS run_result_hash, b.output_hash AS batch_output_hash
        FROM em_prediction_display d
        LEFT JOIN em_prediction_run r ON r",
scaling/n1240/first,93.919,1,1,"Query:executing:SELECT d.*, r.result_hash AS run_result_hash, b.output_hash AS batch_output_hash
        FROM em_prediction_display d
        LEFT JOIN em_prediction_run r ON r",
scaling/n1240/first,94.932,1,1,"Query:executing:SELECT d.*, r.result_hash AS run_result_hash, b.output_hash AS batch_output_hash
        FROM em_prediction_display d
        LEFT JOIN em_prediction_run r ON r",
scaling/n1240/first,95.943,1,1,"Query:executing:SELECT d.*, r.result_hash AS run_result_hash, b.output_hash AS batch_output_hash
        FROM em_prediction_display d
        LEFT JOIN em_prediction_run r ON r",
scaling/n1240/first,96.964,1,1,"Query:executing:SELECT d.*, r.result_hash AS run_result_hash, b.output_hash AS batch_output_hash
        FROM em_prediction_display d
        LEFT JOIN em_prediction_run r ON r",
scaling/n1240/first,97.977,1,1,"Query:executing:SELECT d.*, r.result_hash AS run_result_hash, b.output_hash AS batch_output_hash
        FROM em_prediction_display d
        LEFT JOIN em_prediction_run r ON r",
scaling/n1240/first,98.986,1,1,"Query:executing:SELECT d.*, r.result_hash AS run_result_hash, b.output_hash AS batch_output_hash
        FROM em_prediction_display d
        LEFT JOIN em_prediction_run r ON r",
scaling/n1240/first,99.999,1,1,"Query:executing:SELECT d.*, r.result_hash AS run_result_hash, b.output_hash AS batch_output_hash
        FROM em_prediction_display d
        LEFT JOIN em_prediction_run r ON r",
scaling/n1240/first,101.011,1,1,"Query:executing:SELECT d.*, r.result_hash AS run_result_hash, b.output_hash AS batch_output_hash
        FROM em_prediction_display d
        LEFT JOIN em_prediction_run r ON r",
scaling/n1240/first,102.021,1,1,"Query:executing:SELECT d.*, r.result_hash AS run_result_hash, b.output_hash AS batch_output_hash
        FROM em_prediction_display d
        LEFT JOIN em_prediction_run r ON r",
scaling/n1240/first,103.043,1,1,"Query:executing:SELECT d.*, r.result_hash AS run_result_hash, b.output_hash AS batch_output_hash
        FROM em_prediction_display d
        LEFT JOIN em_prediction_run r ON r",
scaling/n1240/first,104.057,1,1,"Query:executing:SELECT d.*, r.result_hash AS run_result_hash, b.output_hash AS batch_output_hash
        FROM em_prediction_display d
        LEFT JOIN em_prediction_run r ON r",
scaling/n1240/first,105.07,1,1,"Query:executing:SELECT d.*, r.result_hash AS run_result_hash, b.output_hash AS batch_output_hash
        FROM em_prediction_display d
        LEFT JOIN em_prediction_run r ON r",
scaling/n1240/first,106.079,1,1,"Query:executing:SELECT d.*, r.result_hash AS run_result_hash, b.output_hash AS batch_output_hash
        FROM em_prediction_display d
        LEFT JOIN em_prediction_run r ON r",
scaling/n1240/first,107.092,1,1,"Query:executing:SELECT d.*, r.result_hash AS run_result_hash, b.output_hash AS batch_output_hash
        FROM em_prediction_display d
        LEFT JOIN em_prediction_run r ON r",
scaling/n1240/first,108.104,1,1,"Query:executing:SELECT d.*, r.result_hash AS run_result_hash, b.output_hash AS batch_output_hash
        FROM em_prediction_display d
        LEFT JOIN em_prediction_run r ON r",
scaling/n1240/first,109.113,1,1,"Query:executing:SELECT d.*, r.result_hash AS run_result_hash, b.output_hash AS batch_output_hash
        FROM em_prediction_display d
        LEFT JOIN em_prediction_run r ON r",
scaling/n1240/first,110.121,1,1,"Query:executing:SELECT d.*, r.result_hash AS run_result_hash, b.output_hash AS batch_output_hash
        FROM em_prediction_display d
        LEFT JOIN em_prediction_run r ON r",
scaling/n1240/first,111.149,1,1,"Query:executing:SELECT d.*, r.result_hash AS run_result_hash, b.output_hash AS batch_output_hash
        FROM em_prediction_display d
        LEFT JOIN em_prediction_run r ON r",
scaling/n1240/first,112.166,1,1,"Query:executing:SELECT d.*, r.result_hash AS run_result_hash, b.output_hash AS batch_output_hash
        FROM em_prediction_display d
        LEFT JOIN em_prediction_run r ON r",
scaling/n1240/first,113.18,1,1,"Query:executing:SELECT d.*, r.result_hash AS run_result_hash, b.output_hash AS batch_output_hash
        FROM em_prediction_display d
        LEFT JOIN em_prediction_run r ON r",
scaling/n1240/first,114.201,1,1,"Query:executing:SELECT d.*, r.result_hash AS run_result_hash, b.output_hash AS batch_output_hash
        FROM em_prediction_display d
        LEFT JOIN em_prediction_run r ON r",
scaling/n1240/first,115.222,1,1,"Query:executing:SELECT d.*, r.result_hash AS run_result_hash, b.output_hash AS batch_output_hash
        FROM em_prediction_display d
        LEFT JOIN em_prediction_run r ON r",
scaling/n1240/first,116.242,1,1,"Query:executing:SELECT d.*, r.result_hash AS run_result_hash, b.output_hash AS batch_output_hash
        FROM em_prediction_display d
        LEFT JOIN em_prediction_run r ON r",
scaling/n1240/first,117.261,1,1,"Query:executing:SELECT d.*, r.result_hash AS run_result_hash, b.output_hash AS batch_output_hash
        FROM em_prediction_display d
        LEFT JOIN em_prediction_run r ON r",
scaling/n1240/first,118.282,1,1,"Query:executing:SELECT d.*, r.result_hash AS run_result_hash, b.output_hash AS batch_output_hash
        FROM em_prediction_display d
        LEFT JOIN em_prediction_run r ON r",
scaling/n1240/first,119.29,1,1,"Query:executing:SELECT d.*, r.result_hash AS run_result_hash, b.output_hash AS batch_output_hash
        FROM em_prediction_display d
        LEFT JOIN em_prediction_run r ON r",
scaling/n1240/first,120.303,1,1,"Query:executing:SELECT d.*, r.result_hash AS run_result_hash, b.output_hash AS batch_output_hash
        FROM em_prediction_display d
        LEFT JOIN em_prediction_run r ON r",
scaling/n1240/first,122.448,1,1,"Query:executing:SELECT d.*, r.result_hash AS run_result_hash, b.output_hash AS batch_output_hash
        FROM em_prediction_display d
        LEFT JOIN em_prediction_run r ON r",
scaling/n1240/first,123.464,1,1,"Query:executing:SELECT d.*, r.result_hash AS run_result_hash, b.output_hash AS batch_output_hash
        FROM em_prediction_display d
        LEFT JOIN em_prediction_run r ON r",
scaling/n1240/first,124.472,1,1,"Query:executing:SELECT d.*, r.result_hash AS run_result_hash, b.output_hash AS batch_output_hash
        FROM em_prediction_display d
        LEFT JOIN em_prediction_run r ON r",
scaling/n1240/first,125.489,1,1,"Query:executing:SELECT d.*, r.result_hash AS run_result_hash, b.output_hash AS batch_output_hash
        FROM em_prediction_display d
        LEFT JOIN em_prediction_run r ON r",
scaling/n1240/first,126.508,1,1,"Query:executing:SELECT d.*, r.result_hash AS run_result_hash, b.output_hash AS batch_output_hash
        FROM em_prediction_display d
        LEFT JOIN em_prediction_run r ON r",
scaling/n1240/first,127.542,1,1,"Query:executing:SELECT d.*, r.result_hash AS run_result_hash, b.output_hash AS batch_output_hash
        FROM em_prediction_display d
        LEFT JOIN em_prediction_run r ON r",
scaling/n1240/first,128.561,1,1,"Query:executing:SELECT d.*, r.result_hash AS run_result_hash, b.output_hash AS batch_output_hash
        FROM em_prediction_display d
        LEFT JOIN em_prediction_run r ON r",
scaling/n1240/first,129.577,1,1,"Query:executing:SELECT d.*, r.result_hash AS run_result_hash, b.output_hash AS batch_output_hash
        FROM em_prediction_display d
        LEFT JOIN em_prediction_run r ON r",
scaling/n1240/first,130.6,1,1,"Query:executing:SELECT d.*, r.result_hash AS run_result_hash, b.output_hash AS batch_output_hash
        FROM em_prediction_display d
        LEFT JOIN em_prediction_run r ON r",
scaling/n1240/first,131.612,1,1,"Query:executing:SELECT d.*, r.result_hash AS run_result_hash, b.output_hash AS batch_output_hash
        FROM em_prediction_display d
        LEFT JOIN em_prediction_run r ON r",
scaling/n1240/first,132.62,1,1,"Query:executing:SELECT d.*, r.result_hash AS run_result_hash, b.output_hash AS batch_output_hash
        FROM em_prediction_display d
        LEFT JOIN em_prediction_run r ON r",
scaling/n1240/first,133.643,1,1,"Query:executing:SELECT d.*, r.result_hash AS run_result_hash, b.output_hash AS batch_output_hash
        FROM em_prediction_display d
        LEFT JOIN em_prediction_run r ON r",
scaling/n1240/first,134.654,1,1,"Query:executing:SELECT d.*, r.result_hash AS run_result_hash, b.output_hash AS batch_output_hash
        FROM em_prediction_display d
        LEFT JOIN em_prediction_run r ON r",
scaling/n1240/first,135.671,1,1,"Query:executing:SELECT d.*, r.result_hash AS run_result_hash, b.output_hash AS batch_output_hash
        FROM em_prediction_display d
        LEFT JOIN em_prediction_run r ON r",
scaling/n1240/first,136.694,1,1,"Query:executing:SELECT d.*, r.result_hash AS run_result_hash, b.output_hash AS batch_output_hash
        FROM em_prediction_display d
        LEFT JOIN em_prediction_run r ON r",
scaling/n1240/first,137.705,1,1,"Query:executing:SELECT d.*, r.result_hash AS run_result_hash, b.output_hash AS batch_output_hash
        FROM em_prediction_display d
        LEFT JOIN em_prediction_run r ON r",
scaling/n1240/first,138.716,1,1,"Query:executing:SELECT d.*, r.result_hash AS run_result_hash, b.output_hash AS batch_output_hash
        FROM em_prediction_display d
        LEFT JOIN em_prediction_run r ON r",
scaling/n1240/first,139.727,1,1,"Query:executing:SELECT d.*, r.result_hash AS run_result_hash, b.output_hash AS batch_output_hash
        FROM em_prediction_display d
        LEFT JOIN em_prediction_run r ON r",
scaling/n1240/first,140.735,1,1,"Query:executing:SELECT d.*, r.result_hash AS run_result_hash, b.output_hash AS batch_output_hash
        FROM em_prediction_display d
        LEFT JOIN em_prediction_run r ON r",
scaling/n1240/first,141.748,1,1,"Query:executing:SELECT d.*, r.result_hash AS run_result_hash, b.output_hash AS batch_output_hash
        FROM em_prediction_display d
        LEFT JOIN em_prediction_run r ON r",
scaling/n1240/first,142.758,1,1,"Query:executing:SELECT d.*, r.result_hash AS run_result_hash, b.output_hash AS batch_output_hash
        FROM em_prediction_display d
        LEFT JOIN em_prediction_run r ON r",
scaling/n1240/first,143.772,1,1,"Query:executing:SELECT d.*, r.result_hash AS run_result_hash, b.output_hash AS batch_output_hash
        FROM em_prediction_display d
        LEFT JOIN em_prediction_run r ON r",
scaling/n1240/first,144.794,1,1,"Query:executing:SELECT d.*, r.result_hash AS run_result_hash, b.output_hash AS batch_output_hash
        FROM em_prediction_display d
        LEFT JOIN em_prediction_run r ON r",
scaling/n1240/first,145.818,1,1,"Query:executing:SELECT d.*, r.result_hash AS run_result_hash, b.output_hash AS batch_output_hash
        FROM em_prediction_display d
        LEFT JOIN em_prediction_run r ON r",
scaling/n1240/first,146.843,1,1,"Query:executing:SELECT d.*, r.result_hash AS run_result_hash, b.output_hash AS batch_output_hash
        FROM em_prediction_display d
        LEFT JOIN em_prediction_run r ON r",
scaling/n1240/first,147.862,1,1,"Query:executing:SELECT d.*, r.result_hash AS run_result_hash, b.output_hash AS batch_output_hash
        FROM em_prediction_display d
        LEFT JOIN em_prediction_run r ON r",
scaling/n1240/first,148.878,1,1,"Query:executing:SELECT d.*, r.result_hash AS run_result_hash, b.output_hash AS batch_output_hash
        FROM em_prediction_display d
        LEFT JOIN em_prediction_run r ON r",
scaling/n1240/first,149.891,1,1,"Query:executing:SELECT d.*, r.result_hash AS run_result_hash, b.output_hash AS batch_output_hash
        FROM em_prediction_display d
        LEFT JOIN em_prediction_run r ON r",
scaling/n1240/first,150.922,1,1,"Query:executing:SELECT d.*, r.result_hash AS run_result_hash, b.output_hash AS batch_output_hash
        FROM em_prediction_display d
        LEFT JOIN em_prediction_run r ON r",
scaling/n1240/first,151.935,1,1,"Query:executing:SELECT d.*, r.result_hash AS run_result_hash, b.output_hash AS batch_output_hash
        FROM em_prediction_display d
        LEFT JOIN em_prediction_run r ON r",
scaling/n1240/first,152.949,1,1,"Query:executing:SELECT d.*, r.result_hash AS run_result_hash, b.output_hash AS batch_output_hash
        FROM em_prediction_display d
        LEFT JOIN em_prediction_run r ON r",
scaling/n1240/first,153.965,1,1,"Query:executing:SELECT d.*, r.result_hash AS run_result_hash, b.output_hash AS batch_output_hash
        FROM em_prediction_display d
        LEFT JOIN em_prediction_run r ON r",
scaling/n1240/first,154.981,1,1,"Query:executing:SELECT d.*, r.result_hash AS run_result_hash, b.output_hash AS batch_output_hash
        FROM em_prediction_display d
        LEFT JOIN em_prediction_run r ON r",
scaling/n1240/first,155.994,1,1,"Query:executing:SELECT d.*, r.result_hash AS run_result_hash, b.output_hash AS batch_output_hash
        FROM em_prediction_display d
        LEFT JOIN em_prediction_run r ON r",
scaling/n1240/first,157.004,1,1,"Query:executing:SELECT d.*, r.result_hash AS run_result_hash, b.output_hash AS batch_output_hash
        FROM em_prediction_display d
        LEFT JOIN em_prediction_run r ON r",
scaling/n1240/first,158.019,1,1,"Query:executing:SELECT d.*, r.result_hash AS run_result_hash, b.output_hash AS batch_output_hash
        FROM em_prediction_display d
        LEFT JOIN em_prediction_run r ON r",
scaling/n1240/first,159.048,1,1,"Query:executing:SELECT d.*, r.result_hash AS run_result_hash, b.output_hash AS batch_output_hash
        FROM em_prediction_display d
        LEFT JOIN em_prediction_run r ON r",
scaling/n1240/first,160.07,1,1,"Query:executing:SELECT d.*, r.result_hash AS run_result_hash, b.output_hash AS batch_output_hash
        FROM em_prediction_display d
        LEFT JOIN em_prediction_run r ON r",
scaling/n1240/first,161.097,1,1,"Query:executing:SELECT d.*, r.result_hash AS run_result_hash, b.output_hash AS batch_output_hash
        FROM em_prediction_display d
        LEFT JOIN em_prediction_run r ON r",
scaling/n1240/first,162.109,1,1,"Query:executing:SELECT d.*, r.result_hash AS run_result_hash, b.output_hash AS batch_output_hash
        FROM em_prediction_display d
        LEFT JOIN em_prediction_run r ON r",
scaling/n1240/first,163.125,1,1,"Query:executing:SELECT d.*, r.result_hash AS run_result_hash, b.output_hash AS batch_output_hash
        FROM em_prediction_display d
        LEFT JOIN em_prediction_run r ON r",
scaling/n1240/first,164.137,1,1,"Query:executing:SELECT d.*, r.result_hash AS run_result_hash, b.output_hash AS batch_output_hash
        FROM em_prediction_display d
        LEFT JOIN em_prediction_run r ON r",
scaling/n1240/first,165.149,1,1,"Query:executing:SELECT d.*, r.result_hash AS run_result_hash, b.output_hash AS batch_output_hash
        FROM em_prediction_display d
        LEFT JOIN em_prediction_run r ON r",
scaling/n1240/first,166.173,1,1,"Query:executing:SELECT d.*, r.result_hash AS run_result_hash, b.output_hash AS batch_output_hash
        FROM em_prediction_display d
        LEFT JOIN em_prediction_run r ON r",
scaling/n1240/first,167.2,1,1,"Query:executing:SELECT d.*, r.result_hash AS run_result_hash, b.output_hash AS batch_output_hash
        FROM em_prediction_display d
        LEFT JOIN em_prediction_run r ON r",
scaling/n1240/first,168.213,1,1,"Query:executing:SELECT d.*, r.result_hash AS run_result_hash, b.output_hash AS batch_output_hash
        FROM em_prediction_display d
        LEFT JOIN em_prediction_run r ON r",
scaling/n1240/first,169.226,1,1,"Query:executing:SELECT d.*, r.result_hash AS run_result_hash, b.output_hash AS batch_output_hash
        FROM em_prediction_display d
        LEFT JOIN em_prediction_run r ON r",
scaling/n1240/first,170.241,1,1,"Query:executing:SELECT d.*, r.result_hash AS run_result_hash, b.output_hash AS batch_output_hash
        FROM em_prediction_display d
        LEFT JOIN em_prediction_run r ON r",
scaling/n1240/first,171.254,1,1,"Query:executing:SELECT d.*, r.result_hash AS run_result_hash, b.output_hash AS batch_output_hash
        FROM em_prediction_display d
        LEFT JOIN em_prediction_run r ON r",
scaling/n1240/first,172.262,1,1,"Query:executing:SELECT d.*, r.result_hash AS run_result_hash, b.output_hash AS batch_output_hash
        FROM em_prediction_display d
        LEFT JOIN em_prediction_run r ON r",
scaling/n1240/first,173.272,1,1,"Query:executing:SELECT d.*, r.result_hash AS run_result_hash, b.output_hash AS batch_output_hash
        FROM em_prediction_display d
        LEFT JOIN em_prediction_run r ON r",
scaling/n1240/first,174.288,1,1,"Query:executing:SELECT d.*, r.result_hash AS run_result_hash, b.output_hash AS batch_output_hash
        FROM em_prediction_display d
        LEFT JOIN em_prediction_run r ON r",
scaling/n1240/first,175.31,1,1,"Query:executing:SELECT d.*, r.result_hash AS run_result_hash, b.output_hash AS batch_output_hash
        FROM em_prediction_display d
        LEFT JOIN em_prediction_run r ON r",
scaling/n1240/first,176.332,1,1,"Query:executing:SELECT d.*, r.result_hash AS run_result_hash, b.output_hash AS batch_output_hash
        FROM em_prediction_display d
        LEFT JOIN em_prediction_run r ON r",
scaling/n1240/first,177.36,1,1,"Query:executing:SELECT d.*, r.result_hash AS run_result_hash, b.output_hash AS batch_output_hash
        FROM em_prediction_display d
        LEFT JOIN em_prediction_run r ON r",
scaling/n1240/first,178.378,1,1,"Query:executing:SELECT d.*, r.result_hash AS run_result_hash, b.output_hash AS batch_output_hash
        FROM em_prediction_display d
        LEFT JOIN em_prediction_run r ON r",
scaling/n1240/first,179.388,1,1,"Query:executing:SELECT d.*, r.result_hash AS run_result_hash, b.output_hash AS batch_output_hash
        FROM em_prediction_display d
        LEFT JOIN em_prediction_run r ON r",
scaling/n248/first,0.001,1,0,Sleep::,
scaling/n248/first,1.017,1,1,"Query:executing:SELECT d.*, r.result_hash AS run_result_hash, b.output_hash AS batch_output_hash
        FROM em_prediction_display d
        LEFT JOIN em_prediction_run r ON r",
scaling/n248/first,2.033,1,1,"Query:executing:SELECT d.*, r.result_hash AS run_result_hash, b.output_hash AS batch_output_hash
        FROM em_prediction_display d
        LEFT JOIN em_prediction_run r ON r",
scaling/n248/first,3.04,1,1,"Query:executing:SELECT d.*, r.result_hash AS run_result_hash, b.output_hash AS batch_output_hash
        FROM em_prediction_display d
        LEFT JOIN em_prediction_run r ON r",
scaling/n248/first,4.048,1,1,"Query:executing:SELECT d.*, r.result_hash AS run_result_hash, b.output_hash AS batch_output_hash
        FROM em_prediction_display d
        LEFT JOIN em_prediction_run r ON r",
scaling/n248/first,5.056,1,1,"Query:executing:SELECT d.*, r.result_hash AS run_result_hash, b.output_hash AS batch_output_hash
        FROM em_prediction_display d
        LEFT JOIN em_prediction_run r ON r",
scaling/n248/first,6.958,1,1,"Query:executing:SELECT d.*, r.result_hash AS run_result_hash, b.output_hash AS batch_output_hash
        FROM em_prediction_display d
        LEFT JOIN em_prediction_run r ON r",
scaling/n248/first,7.97,1,1,"Query:executing:SELECT d.*, r.result_hash AS run_result_hash, b.output_hash AS batch_output_hash
        FROM em_prediction_display d
        LEFT JOIN em_prediction_run r ON r",
scaling/n248/first,8.983,1,1,"Query:executing:SELECT d.*, r.result_hash AS run_result_hash, b.output_hash AS batch_output_hash
        FROM em_prediction_display d
        LEFT JOIN em_prediction_run r ON r",
scaling/n496/first,0.001,1,0,Sleep::,
scaling/n496/first,1.019,1,1,"Query:executing:SELECT d.*, r.result_hash AS run_result_hash, b.output_hash AS batch_output_hash
        FROM em_prediction_display d
        LEFT JOIN em_prediction_run r ON r",
scaling/n496/first,2.037,1,1,"Query:executing:SELECT d.*, r.result_hash AS run_result_hash, b.output_hash AS batch_output_hash
        FROM em_prediction_display d
        LEFT JOIN em_prediction_run r ON r",
scaling/n496/first,3.049,1,1,"Query:executing:SELECT d.*, r.result_hash AS run_result_hash, b.output_hash AS batch_output_hash
        FROM em_prediction_display d
        LEFT JOIN em_prediction_run r ON r",
scaling/n496/first,4.063,1,1,"Query:executing:SELECT d.*, r.result_hash AS run_result_hash, b.output_hash AS batch_output_hash
        FROM em_prediction_display d
        LEFT JOIN em_prediction_run r ON r",
scaling/n496/first,5.074,1,1,"Query:executing:SELECT d.*, r.result_hash AS run_result_hash, b.output_hash AS batch_output_hash
        FROM em_prediction_display d
        LEFT JOIN em_prediction_run r ON r",
scaling/n496/first,7.055,1,1,"Query:executing:SELECT d.*, r.result_hash AS run_result_hash, b.output_hash AS batch_output_hash
        FROM em_prediction_display d
        LEFT JOIN em_prediction_run r ON r",
scaling/n496/first,8.073,1,1,"Query:executing:SELECT d.*, r.result_hash AS run_result_hash, b.output_hash AS batch_output_hash
        FROM em_prediction_display d
        LEFT JOIN em_prediction_run r ON r",
scaling/n496/first,9.087,1,1,"Query:executing:SELECT d.*, r.result_hash AS run_result_hash, b.output_hash AS batch_output_hash
        FROM em_prediction_display d
        LEFT JOIN em_prediction_run r ON r",
scaling/n496/first,10.102,1,1,"Query:executing:SELECT d.*, r.result_hash AS run_result_hash, b.output_hash AS batch_output_hash
        FROM em_prediction_display d
        LEFT JOIN em_prediction_run r ON r",
scaling/n496/first,11.119,1,1,"Query:executing:SELECT d.*, r.result_hash AS run_result_hash, b.output_hash AS batch_output_hash
        FROM em_prediction_display d
        LEFT JOIN em_prediction_run r ON r",
scaling/n496/first,12.129,1,1,"Query:executing:SELECT d.*, r.result_hash AS run_result_hash, b.output_hash AS batch_output_hash
        FROM em_prediction_display d
        LEFT JOIN em_prediction_run r ON r",
scaling/n496/first,13.14,1,1,"Query:executing:SELECT d.*, r.result_hash AS run_result_hash, b.output_hash AS batch_output_hash
        FROM em_prediction_display d
        LEFT JOIN em_prediction_run r ON r",
scaling/n496/first,14.15,1,1,"Query:executing:SELECT d.*, r.result_hash AS run_result_hash, b.output_hash AS batch_output_hash
        FROM em_prediction_display d
        LEFT JOIN em_prediction_run r ON r",
scaling/n496/first,15.163,1,1,"Query:executing:SELECT d.*, r.result_hash AS run_result_hash, b.output_hash AS batch_output_hash
        FROM em_prediction_display d
        LEFT JOIN em_prediction_run r ON r",
scaling/n496/first,17.079,1,1,"Query:executing:SELECT d.*, r.result_hash AS run_result_hash, b.output_hash AS batch_output_hash
        FROM em_prediction_display d
        LEFT JOIN em_prediction_run r ON r",
scaling/n496/first,18.088,1,1,"Query:executing:SELECT d.*, r.result_hash AS run_result_hash, b.output_hash AS batch_output_hash
        FROM em_prediction_display d
        LEFT JOIN em_prediction_run r ON r",
scaling/n496/first,19.102,1,1,"Query:executing:SELECT d.*, r.result_hash AS run_result_hash, b.output_hash AS batch_output_hash
        FROM em_prediction_display d
        LEFT JOIN em_prediction_run r ON r",
scaling/n496/first,20.114,1,1,"Query:executing:SELECT d.*, r.result_hash AS run_result_hash, b.output_hash AS batch_output_hash
        FROM em_prediction_display d
        LEFT JOIN em_prediction_run r ON r",
scaling/n496/first,21.133,1,1,"Query:executing:SELECT d.*, r.result_hash AS run_result_hash, b.output_hash AS batch_output_hash
        FROM em_prediction_display d
        LEFT JOIN em_prediction_run r ON r",
scaling/n496/first,22.142,1,1,"Query:executing:SELECT d.*, r.result_hash AS run_result_hash, b.output_hash AS batch_output_hash
        FROM em_prediction_display d
        LEFT JOIN em_prediction_run r ON r",
scaling/n496/first,23.154,1,1,"Query:executing:SELECT d.*, r.result_hash AS run_result_hash, b.output_hash AS batch_output_hash
        FROM em_prediction_display d
        LEFT JOIN em_prediction_run r ON r",
scaling/n496/first,24.168,1,1,"Query:executing:SELECT d.*, r.result_hash AS run_result_hash, b.output_hash AS batch_output_hash
        FROM em_prediction_display d
        LEFT JOIN em_prediction_run r ON r",
scaling/n496/first,25.182,1,1,"Query:executing:SELECT d.*, r.result_hash AS run_result_hash, b.output_hash AS batch_output_hash
        FROM em_prediction_display d
        LEFT JOIN em_prediction_run r ON r",
scaling/n496/first,26.194,1,1,"Query:executing:SELECT d.*, r.result_hash AS run_result_hash, b.output_hash AS batch_output_hash
        FROM em_prediction_display d
        LEFT JOIN em_prediction_run r ON r",
scaling/n496/first,27.208,1,1,"Query:executing:SELECT d.*, r.result_hash AS run_result_hash, b.output_hash AS batch_output_hash
        FROM em_prediction_display d
        LEFT JOIN em_prediction_run r ON r",
scaling/n496/first,28.221,1,1,"Query:executing:SELECT d.*, r.result_hash AS run_result_hash, b.output_hash AS batch_output_hash
        FROM em_prediction_display d
        LEFT JOIN em_prediction_run r ON r",
scaling/n496/first,29.238,1,1,"Query:executing:SELECT d.*, r.result_hash AS run_result_hash, b.output_hash AS batch_output_hash
        FROM em_prediction_display d
        LEFT JOIN em_prediction_run r ON r",
scaling/n496/first,30.261,1,1,"Query:executing:SELECT d.*, r.result_hash AS run_result_hash, b.output_hash AS batch_output_hash
        FROM em_prediction_display d
        LEFT JOIN em_prediction_run r ON r",
scaling/n496/first,32.237,1,1,"Query:executing:SELECT d.*, r.result_hash AS run_result_hash, b.output_hash AS batch_output_hash
        FROM em_prediction_display d
        LEFT JOIN em_prediction_run r ON r",
scaling/n496/first,33.259,1,1,"Query:executing:SELECT d.*, r.result_hash AS run_result_hash, b.output_hash AS batch_output_hash
        FROM em_prediction_display d
        LEFT JOIN em_prediction_run r ON r",
scaling/n496/first,34.274,1,1,"Query:executing:SELECT d.*, r.result_hash AS run_result_hash, b.output_hash AS batch_output_hash
        FROM em_prediction_display d
        LEFT JOIN em_prediction_run r ON r",
scaling/n496/first,35.287,1,1,"Query:executing:SELECT d.*, r.result_hash AS run_result_hash, b.output_hash AS batch_output_hash
        FROM em_prediction_display d
        LEFT JOIN em_prediction_run r ON r",
scaling/n496/first,36.295,1,1,"Query:executing:SELECT d.*, r.result_hash AS run_result_hash, b.output_hash AS batch_output_hash
        FROM em_prediction_display d
        LEFT JOIN em_prediction_run r ON r",
scaling/n496/first,37.323,1,0,Sleep::,
scaling/n744/first,0.001,1,0,Sleep::,
scaling/n744/first,1.015,1,1,"Query:executing:SELECT d.*, r.result_hash AS run_result_hash, b.output_hash AS batch_output_hash
        FROM em_prediction_display d
        LEFT JOIN em_prediction_run r ON r",
scaling/n744/first,2.026,1,1,"Query:executing:SELECT d.*, r.result_hash AS run_result_hash, b.output_hash AS batch_output_hash
        FROM em_prediction_display d
        LEFT JOIN em_prediction_run r ON r",
scaling/n744/first,3.035,1,1,"Query:executing:SELECT d.*, r.result_hash AS run_result_hash, b.output_hash AS batch_output_hash
        FROM em_prediction_display d
        LEFT JOIN em_prediction_run r ON r",
scaling/n744/first,4.044,1,1,"Query:executing:SELECT d.*, r.result_hash AS run_result_hash, b.output_hash AS batch_output_hash
        FROM em_prediction_display d
        LEFT JOIN em_prediction_run r ON r",
scaling/n744/first,5.056,1,1,"Query:executing:SELECT d.*, r.result_hash AS run_result_hash, b.output_hash AS batch_output_hash
        FROM em_prediction_display d
        LEFT JOIN em_prediction_run r ON r",
scaling/n744/first,6.974,1,1,"Query:executing:SELECT d.*, r.result_hash AS run_result_hash, b.output_hash AS batch_output_hash
        FROM em_prediction_display d
        LEFT JOIN em_prediction_run r ON r",
scaling/n744/first,7.988,1,1,"Query:executing:SELECT d.*, r.result_hash AS run_result_hash, b.output_hash AS batch_output_hash
        FROM em_prediction_display d
        LEFT JOIN em_prediction_run r ON r",
scaling/n744/first,8.996,1,1,"Query:executing:SELECT d.*, r.result_hash AS run_result_hash, b.output_hash AS batch_output_hash
        FROM em_prediction_display d
        LEFT JOIN em_prediction_run r ON r",
scaling/n744/first,10.006,1,1,"Query:executing:SELECT d.*, r.result_hash AS run_result_hash, b.output_hash AS batch_output_hash
        FROM em_prediction_display d
        LEFT JOIN em_prediction_run r ON r",
scaling/n744/first,11.02,1,1,"Query:executing:SELECT d.*, r.result_hash AS run_result_hash, b.output_hash AS batch_output_hash
        FROM em_prediction_display d
        LEFT JOIN em_prediction_run r ON r",
scaling/n744/first,12.028,1,1,"Query:executing:SELECT d.*, r.result_hash AS run_result_hash, b.output_hash AS batch_output_hash
        FROM em_prediction_display d
        LEFT JOIN em_prediction_run r ON r",
scaling/n744/first,13.038,1,1,"Query:executing:SELECT d.*, r.result_hash AS run_result_hash, b.output_hash AS batch_output_hash
        FROM em_prediction_display d
        LEFT JOIN em_prediction_run r ON r",
scaling/n744/first,14.054,1,1,"Query:executing:SELECT d.*, r.result_hash AS run_result_hash, b.output_hash AS batch_output_hash
        FROM em_prediction_display d
        LEFT JOIN em_prediction_run r ON r",
scaling/n744/first,15.066,1,1,"Query:executing:SELECT d.*, r.result_hash AS run_result_hash, b.output_hash AS batch_output_hash
        FROM em_prediction_display d
        LEFT JOIN em_prediction_run r ON r",
scaling/n744/first,16.907,1,1,"Query:executing:SELECT d.*, r.result_hash AS run_result_hash, b.output_hash AS batch_output_hash
        FROM em_prediction_display d
        LEFT JOIN em_prediction_run r ON r",
scaling/n744/first,17.918,1,1,"Query:executing:SELECT d.*, r.result_hash AS run_result_hash, b.output_hash AS batch_output_hash
        FROM em_prediction_display d
        LEFT JOIN em_prediction_run r ON r",
scaling/n744/first,18.927,1,1,"Query:executing:SELECT d.*, r.result_hash AS run_result_hash, b.output_hash AS batch_output_hash
        FROM em_prediction_display d
        LEFT JOIN em_prediction_run r ON r",
scaling/n744/first,19.941,1,1,"Query:executing:SELECT d.*, r.result_hash AS run_result_hash, b.output_hash AS batch_output_hash
        FROM em_prediction_display d
        LEFT JOIN em_prediction_run r ON r",
scaling/n744/first,20.957,1,1,"Query:executing:SELECT d.*, r.result_hash AS run_result_hash, b.output_hash AS batch_output_hash
        FROM em_prediction_display d
        LEFT JOIN em_prediction_run r ON r",
scaling/n744/first,21.967,1,1,"Query:executing:SELECT d.*, r.result_hash AS run_result_hash, b.output_hash AS batch_output_hash
        FROM em_prediction_display d
        LEFT JOIN em_prediction_run r ON r",
scaling/n744/first,22.993,1,1,"Query:executing:SELECT d.*, r.result_hash AS run_result_hash, b.output_hash AS batch_output_hash
        FROM em_prediction_display d
        LEFT JOIN em_prediction_run r ON r",
scaling/n744/first,24.008,1,1,"Query:executing:SELECT d.*, r.result_hash AS run_result_hash, b.output_hash AS batch_output_hash
        FROM em_prediction_display d
        LEFT JOIN em_prediction_run r ON r",
scaling/n744/first,25.027,1,1,"Query:executing:SELECT d.*, r.result_hash AS run_result_hash, b.output_hash AS batch_output_hash
        FROM em_prediction_display d
        LEFT JOIN em_prediction_run r ON r",
scaling/n744/first,26.052,1,1,"Query:executing:SELECT d.*, r.result_hash AS run_result_hash, b.output_hash AS batch_output_hash
        FROM em_prediction_display d
        LEFT JOIN em_prediction_run r ON r",
scaling/n744/first,27.062,1,1,"Query:executing:SELECT d.*, r.result_hash AS run_result_hash, b.output_hash AS batch_output_hash
        FROM em_prediction_display d
        LEFT JOIN em_prediction_run r ON r",
scaling/n744/first,28.084,1,1,"Query:executing:SELECT d.*, r.result_hash AS run_result_hash, b.output_hash AS batch_output_hash
        FROM em_prediction_display d
        LEFT JOIN em_prediction_run r ON r",
scaling/n744/first,29.1,1,1,"Query:executing:SELECT d.*, r.result_hash AS run_result_hash, b.output_hash AS batch_output_hash
        FROM em_prediction_display d
        LEFT JOIN em_prediction_run r ON r",
scaling/n744/first,30.13,1,1,"Query:executing:SELECT d.*, r.result_hash AS run_result_hash, b.output_hash AS batch_output_hash
        FROM em_prediction_display d
        LEFT JOIN em_prediction_run r ON r",
scaling/n744/first,32.057,1,1,"Query:executing:SELECT d.*, r.result_hash AS run_result_hash, b.output_hash AS batch_output_hash
        FROM em_prediction_display d
        LEFT JOIN em_prediction_run r ON r",
scaling/n744/first,33.07,1,1,"Query:executing:SELECT d.*, r.result_hash AS run_result_hash, b.output_hash AS batch_output_hash
        FROM em_prediction_display d
        LEFT JOIN em_prediction_run r ON r",
scaling/n744/first,34.082,1,1,"Query:executing:SELECT d.*, r.result_hash AS run_result_hash, b.output_hash AS batch_output_hash
        FROM em_prediction_display d
        LEFT JOIN em_prediction_run r ON r",
scaling/n744/first,35.098,1,1,"Query:executing:SELECT d.*, r.result_hash AS run_result_hash, b.output_hash AS batch_output_hash
        FROM em_prediction_display d
        LEFT JOIN em_prediction_run r ON r",
scaling/n744/first,36.109,1,1,"Query:executing:SELECT d.*, r.result_hash AS run_result_hash, b.output_hash AS batch_output_hash
        FROM em_prediction_display d
        LEFT JOIN em_prediction_run r ON r",
scaling/n744/first,37.124,1,1,"Query:executing:SELECT d.*, r.result_hash AS run_result_hash, b.output_hash AS batch_output_hash
        FROM em_prediction_display d
        LEFT JOIN em_prediction_run r ON r",
scaling/n744/first,38.148,1,1,"Query:executing:SELECT d.*, r.result_hash AS run_result_hash, b.output_hash AS batch_output_hash
        FROM em_prediction_display d
        LEFT JOIN em_prediction_run r ON r",
scaling/n744/first,39.161,1,1,"Query:executing:SELECT d.*, r.result_hash AS run_result_hash, b.output_hash AS batch_output_hash
        FROM em_prediction_display d
        LEFT JOIN em_prediction_run r ON r",
scaling/n744/first,40.172,1,1,"Query:executing:SELECT d.*, r.result_hash AS run_result_hash, b.output_hash AS batch_output_hash
        FROM em_prediction_display d
        LEFT JOIN em_prediction_run r ON r",
scaling/n744/first,41.184,1,1,"Query:executing:SELECT d.*, r.result_hash AS run_result_hash, b.output_hash AS batch_output_hash
        FROM em_prediction_display d
        LEFT JOIN em_prediction_run r ON r",
scaling/n744/first,42.21,1,1,"Query:executing:SELECT d.*, r.result_hash AS run_result_hash, b.output_hash AS batch_output_hash
        FROM em_prediction_display d
        LEFT JOIN em_prediction_run r ON r",
scaling/n744/first,43.22,1,1,"Query:executing:SELECT d.*, r.result_hash AS run_result_hash, b.output_hash AS batch_output_hash
        FROM em_prediction_display d
        LEFT JOIN em_prediction_run r ON r",
scaling/n744/first,44.232,1,1,"Query:executing:SELECT d.*, r.result_hash AS run_result_hash, b.output_hash AS batch_output_hash
        FROM em_prediction_display d
        LEFT JOIN em_prediction_run r ON r",
scaling/n744/first,45.244,1,1,"Query:executing:SELECT d.*, r.result_hash AS run_result_hash, b.output_hash AS batch_output_hash
        FROM em_prediction_display d
        LEFT JOIN em_prediction_run r ON r",
scaling/n744/first,46.259,1,1,"Query:executing:SELECT d.*, r.result_hash AS run_result_hash, b.output_hash AS batch_output_hash
        FROM em_prediction_display d
        LEFT JOIN em_prediction_run r ON r",
scaling/n744/first,47.27,1,1,"Query:executing:SELECT d.*, r.result_hash AS run_result_hash, b.output_hash AS batch_output_hash
        FROM em_prediction_display d
        LEFT JOIN em_prediction_run r ON r",
scaling/n744/first,48.281,1,1,"Query:executing:SELECT d.*, r.result_hash AS run_result_hash, b.output_hash AS batch_output_hash
        FROM em_prediction_display d
        LEFT JOIN em_prediction_run r ON r",
scaling/n744/first,49.306,1,1,"Query:executing:SELECT d.*, r.result_hash AS run_result_hash, b.output_hash AS batch_output_hash
        FROM em_prediction_display d
        LEFT JOIN em_prediction_run r ON r",
scaling/n744/first,50.318,1,1,"Query:executing:SELECT d.*, r.result_hash AS run_result_hash, b.output_hash AS batch_output_hash
        FROM em_prediction_display d
        LEFT JOIN em_prediction_run r ON r",
scaling/n744/first,51.333,1,1,"Query:executing:SELECT d.*, r.result_hash AS run_result_hash, b.output_hash AS batch_output_hash
        FROM em_prediction_display d
        LEFT JOIN em_prediction_run r ON r",
scaling/n744/first,52.343,1,1,"Query:executing:SELECT d.*, r.result_hash AS run_result_hash, b.output_hash AS batch_output_hash
        FROM em_prediction_display d
        LEFT JOIN em_prediction_run r ON r",
scaling/n744/first,53.351,1,1,"Query:executing:SELECT d.*, r.result_hash AS run_result_hash, b.output_hash AS batch_output_hash
        FROM em_prediction_display d
        LEFT JOIN em_prediction_run r ON r",
scaling/n744/first,54.362,1,1,"Query:executing:SELECT d.*, r.result_hash AS run_result_hash, b.output_hash AS batch_output_hash
        FROM em_prediction_display d
        LEFT JOIN em_prediction_run r ON r",
scaling/n744/first,55.384,1,1,"Query:executing:SELECT d.*, r.result_hash AS run_result_hash, b.output_hash AS batch_output_hash
        FROM em_prediction_display d
        LEFT JOIN em_prediction_run r ON r",
scaling/n744/first,56.398,1,1,"Query:executing:SELECT d.*, r.result_hash AS run_result_hash, b.output_hash AS batch_output_hash
        FROM em_prediction_display d
        LEFT JOIN em_prediction_run r ON r",
scaling/n744/first,57.407,1,1,"Query:executing:SELECT d.*, r.result_hash AS run_result_hash, b.output_hash AS batch_output_hash
        FROM em_prediction_display d
        LEFT JOIN em_prediction_run r ON r",
scaling/n744/first,58.427,1,1,"Query:executing:SELECT d.*, r.result_hash AS run_result_hash, b.output_hash AS batch_output_hash
        FROM em_prediction_display d
        LEFT JOIN em_prediction_run r ON r",
scaling/n744/first,59.442,1,1,"Query:executing:SELECT d.*, r.result_hash AS run_result_hash, b.output_hash AS batch_output_hash
        FROM em_prediction_display d
        LEFT JOIN em_prediction_run r ON r",
scaling/n744/first,60.466,1,1,"Query:executing:SELECT d.*, r.result_hash AS run_result_hash, b.output_hash AS batch_output_hash
        FROM em_prediction_display d
        LEFT JOIN em_prediction_run r ON r",
scaling/n744/first,62.45,1,1,"Query:executing:SELECT d.*, r.result_hash AS run_result_hash, b.output_hash AS batch_output_hash
        FROM em_prediction_display d
        LEFT JOIN em_prediction_run r ON r",
scaling/n744/first,63.461,1,1,"Query:executing:SELECT d.*, r.result_hash AS run_result_hash, b.output_hash AS batch_output_hash
        FROM em_prediction_display d
        LEFT JOIN em_prediction_run r ON r",
scaling/n744/first,64.485,1,1,"Query:executing:SELECT d.*, r.result_hash AS run_result_hash, b.output_hash AS batch_output_hash
        FROM em_prediction_display d
        LEFT JOIN em_prediction_run r ON r",
scaling/n744/first,65.506,1,1,"Query:executing:SELECT d.*, r.result_hash AS run_result_hash, b.output_hash AS batch_output_hash
        FROM em_prediction_display d
        LEFT JOIN em_prediction_run r ON r",
scaling/n744/first,66.516,1,1,"Query:executing:SELECT d.*, r.result_hash AS run_result_hash, b.output_hash AS batch_output_hash
        FROM em_prediction_display d
        LEFT JOIN em_prediction_run r ON r",
scaling/n744/first,67.54,1,1,"Query:executing:SELECT d.*, r.result_hash AS run_result_hash, b.output_hash AS batch_output_hash
        FROM em_prediction_display d
        LEFT JOIN em_prediction_run r ON r",
scaling/n744/first,68.553,1,1,"Query:executing:SELECT d.*, r.result_hash AS run_result_hash, b.output_hash AS batch_output_hash
        FROM em_prediction_display d
        LEFT JOIN em_prediction_run r ON r",
scaling/n744/first,69.565,1,1,"Query:executing:SELECT d.*, r.result_hash AS run_result_hash, b.output_hash AS batch_output_hash
        FROM em_prediction_display d
        LEFT JOIN em_prediction_run r ON r",
scaling/n744/first,70.576,1,1,"Query:executing:SELECT d.*, r.result_hash AS run_result_hash, b.output_hash AS batch_output_hash
        FROM em_prediction_display d
        LEFT JOIN em_prediction_run r ON r",
scaling/n744/first,71.6,1,1,"Query:executing:SELECT d.*, r.result_hash AS run_result_hash, b.output_hash AS batch_output_hash
        FROM em_prediction_display d
        LEFT JOIN em_prediction_run r ON r",
scaling/n744/first,72.618,1,1,"Query:executing:SELECT d.*, r.result_hash AS run_result_hash, b.output_hash AS batch_output_hash
        FROM em_prediction_display d
        LEFT JOIN em_prediction_run r ON r",
scaling/n744/first,73.637,1,1,"Query:executing:SELECT d.*, r.result_hash AS run_result_hash, b.output_hash AS batch_output_hash
        FROM em_prediction_display d
        LEFT JOIN em_prediction_run r ON r",
scaling/n744/first,74.655,1,1,"Query:executing:SELECT d.*, r.result_hash AS run_result_hash, b.output_hash AS batch_output_hash
        FROM em_prediction_display d
        LEFT JOIN em_prediction_run r ON r",
scaling/n744/first,75.667,1,0,Sleep::,
scaling/n992/first,0.001,1,0,Sleep::,
scaling/n992/first,1.01,1,1,"Query:executing:SELECT d.*, r.result_hash AS run_result_hash, b.output_hash AS batch_output_hash
        FROM em_prediction_display d
        LEFT JOIN em_prediction_run r ON r",
scaling/n992/first,2.036,1,1,"Query:executing:SELECT d.*, r.result_hash AS run_result_hash, b.output_hash AS batch_output_hash
        FROM em_prediction_display d
        LEFT JOIN em_prediction_run r ON r",
scaling/n992/first,3.048,1,1,"Query:executing:SELECT d.*, r.result_hash AS run_result_hash, b.output_hash AS batch_output_hash
        FROM em_prediction_display d
        LEFT JOIN em_prediction_run r ON r",
scaling/n992/first,4.057,1,1,"Query:executing:SELECT d.*, r.result_hash AS run_result_hash, b.output_hash AS batch_output_hash
        FROM em_prediction_display d
        LEFT JOIN em_prediction_run r ON r",
scaling/n992/first,5.067,1,1,"Query:executing:SELECT d.*, r.result_hash AS run_result_hash, b.output_hash AS batch_output_hash
        FROM em_prediction_display d
        LEFT JOIN em_prediction_run r ON r",
scaling/n992/first,7.046,1,1,"Query:executing:SELECT d.*, r.result_hash AS run_result_hash, b.output_hash AS batch_output_hash
        FROM em_prediction_display d
        LEFT JOIN em_prediction_run r ON r",
scaling/n992/first,8.059,1,1,"Query:executing:SELECT d.*, r.result_hash AS run_result_hash, b.output_hash AS batch_output_hash
        FROM em_prediction_display d
        LEFT JOIN em_prediction_run r ON r",
scaling/n992/first,9.072,1,1,"Query:executing:SELECT d.*, r.result_hash AS run_result_hash, b.output_hash AS batch_output_hash
        FROM em_prediction_display d
        LEFT JOIN em_prediction_run r ON r",
scaling/n992/first,10.086,1,1,"Query:executing:SELECT d.*, r.result_hash AS run_result_hash, b.output_hash AS batch_output_hash
        FROM em_prediction_display d
        LEFT JOIN em_prediction_run r ON r",
scaling/n992/first,11.099,1,1,"Query:executing:SELECT d.*, r.result_hash AS run_result_hash, b.output_hash AS batch_output_hash
        FROM em_prediction_display d
        LEFT JOIN em_prediction_run r ON r",
scaling/n992/first,12.107,1,1,"Query:executing:SELECT d.*, r.result_hash AS run_result_hash, b.output_hash AS batch_output_hash
        FROM em_prediction_display d
        LEFT JOIN em_prediction_run r ON r",
scaling/n992/first,13.12,1,1,"Query:executing:SELECT d.*, r.result_hash AS run_result_hash, b.output_hash AS batch_output_hash
        FROM em_prediction_display d
        LEFT JOIN em_prediction_run r ON r",
scaling/n992/first,14.138,1,1,"Query:executing:SELECT d.*, r.result_hash AS run_result_hash, b.output_hash AS batch_output_hash
        FROM em_prediction_display d
        LEFT JOIN em_prediction_run r ON r",
scaling/n992/first,15.147,1,1,"Query:executing:SELECT d.*, r.result_hash AS run_result_hash, b.output_hash AS batch_output_hash
        FROM em_prediction_display d
        LEFT JOIN em_prediction_run r ON r",
scaling/n992/first,17.209,1,1,"Query:executing:SELECT d.*, r.result_hash AS run_result_hash, b.output_hash AS batch_output_hash
        FROM em_prediction_display d
        LEFT JOIN em_prediction_run r ON r",
scaling/n992/first,18.222,1,1,"Query:executing:SELECT d.*, r.result_hash AS run_result_hash, b.output_hash AS batch_output_hash
        FROM em_prediction_display d
        LEFT JOIN em_prediction_run r ON r",
scaling/n992/first,19.241,1,1,"Query:executing:SELECT d.*, r.result_hash AS run_result_hash, b.output_hash AS batch_output_hash
        FROM em_prediction_display d
        LEFT JOIN em_prediction_run r ON r",
scaling/n992/first,20.26,1,1,"Query:executing:SELECT d.*, r.result_hash AS run_result_hash, b.output_hash AS batch_output_hash
        FROM em_prediction_display d
        LEFT JOIN em_prediction_run r ON r",
scaling/n992/first,21.301,1,1,"Query:executing:SELECT d.*, r.result_hash AS run_result_hash, b.output_hash AS batch_output_hash
        FROM em_prediction_display d
        LEFT JOIN em_prediction_run r ON r",
scaling/n992/first,22.328,1,1,"Query:executing:SELECT d.*, r.result_hash AS run_result_hash, b.output_hash AS batch_output_hash
        FROM em_prediction_display d
        LEFT JOIN em_prediction_run r ON r",
scaling/n992/first,23.338,1,1,"Query:executing:SELECT d.*, r.result_hash AS run_result_hash, b.output_hash AS batch_output_hash
        FROM em_prediction_display d
        LEFT JOIN em_prediction_run r ON r",
scaling/n992/first,24.349,1,1,"Query:executing:SELECT d.*, r.result_hash AS run_result_hash, b.output_hash AS batch_output_hash
        FROM em_prediction_display d
        LEFT JOIN em_prediction_run r ON r",
scaling/n992/first,25.366,1,1,"Query:executing:SELECT d.*, r.result_hash AS run_result_hash, b.output_hash AS batch_output_hash
        FROM em_prediction_display d
        LEFT JOIN em_prediction_run r ON r",
scaling/n992/first,26.392,1,1,"Query:executing:SELECT d.*, r.result_hash AS run_result_hash, b.output_hash AS batch_output_hash
        FROM em_prediction_display d
        LEFT JOIN em_prediction_run r ON r",
scaling/n992/first,27.418,1,1,"Query:executing:SELECT d.*, r.result_hash AS run_result_hash, b.output_hash AS batch_output_hash
        FROM em_prediction_display d
        LEFT JOIN em_prediction_run r ON r",
scaling/n992/first,28.441,1,1,"Query:executing:SELECT d.*, r.result_hash AS run_result_hash, b.output_hash AS batch_output_hash
        FROM em_prediction_display d
        LEFT JOIN em_prediction_run r ON r",
scaling/n992/first,29.461,1,1,"Query:executing:SELECT d.*, r.result_hash AS run_result_hash, b.output_hash AS batch_output_hash
        FROM em_prediction_display d
        LEFT JOIN em_prediction_run r ON r",
scaling/n992/first,30.483,1,1,"Query:executing:SELECT d.*, r.result_hash AS run_result_hash, b.output_hash AS batch_output_hash
        FROM em_prediction_display d
        LEFT JOIN em_prediction_run r ON r",
scaling/n992/first,32.377,1,1,"Query:executing:SELECT d.*, r.result_hash AS run_result_hash, b.output_hash AS batch_output_hash
        FROM em_prediction_display d
        LEFT JOIN em_prediction_run r ON r",
scaling/n992/first,33.4,1,1,"Query:executing:SELECT d.*, r.result_hash AS run_result_hash, b.output_hash AS batch_output_hash
        FROM em_prediction_display d
        LEFT JOIN em_prediction_run r ON r",
scaling/n992/first,34.412,1,1,"Query:executing:SELECT d.*, r.result_hash AS run_result_hash, b.output_hash AS batch_output_hash
        FROM em_prediction_display d
        LEFT JOIN em_prediction_run r ON r",
scaling/n992/first,35.436,1,1,"Query:executing:SELECT d.*, r.result_hash AS run_result_hash, b.output_hash AS batch_output_hash
        FROM em_prediction_display d
        LEFT JOIN em_prediction_run r ON r",
scaling/n992/first,36.444,1,1,"Query:executing:SELECT d.*, r.result_hash AS run_result_hash, b.output_hash AS batch_output_hash
        FROM em_prediction_display d
        LEFT JOIN em_prediction_run r ON r",
scaling/n992/first,37.455,1,1,"Query:executing:SELECT d.*, r.result_hash AS run_result_hash, b.output_hash AS batch_output_hash
        FROM em_prediction_display d
        LEFT JOIN em_prediction_run r ON r",
scaling/n992/first,38.477,1,1,"Query:executing:SELECT d.*, r.result_hash AS run_result_hash, b.output_hash AS batch_output_hash
        FROM em_prediction_display d
        LEFT JOIN em_prediction_run r ON r",
scaling/n992/first,39.487,1,1,"Query:executing:SELECT d.*, r.result_hash AS run_result_hash, b.output_hash AS batch_output_hash
        FROM em_prediction_display d
        LEFT JOIN em_prediction_run r ON r",
scaling/n992/first,40.51,1,1,"Query:executing:SELECT d.*, r.result_hash AS run_result_hash, b.output_hash AS batch_output_hash
        FROM em_prediction_display d
        LEFT JOIN em_prediction_run r ON r",
scaling/n992/first,41.531,1,1,"Query:executing:SELECT d.*, r.result_hash AS run_result_hash, b.output_hash AS batch_output_hash
        FROM em_prediction_display d
        LEFT JOIN em_prediction_run r ON r",
scaling/n992/first,42.549,1,1,"Query:executing:SELECT d.*, r.result_hash AS run_result_hash, b.output_hash AS batch_output_hash
        FROM em_prediction_display d
        LEFT JOIN em_prediction_run r ON r",
scaling/n992/first,43.569,1,1,"Query:executing:SELECT d.*, r.result_hash AS run_result_hash, b.output_hash AS batch_output_hash
        FROM em_prediction_display d
        LEFT JOIN em_prediction_run r ON r",
scaling/n992/first,44.589,1,1,"Query:executing:SELECT d.*, r.result_hash AS run_result_hash, b.output_hash AS batch_output_hash
        FROM em_prediction_display d
        LEFT JOIN em_prediction_run r ON r",
scaling/n992/first,45.604,1,1,"Query:executing:SELECT d.*, r.result_hash AS run_result_hash, b.output_hash AS batch_output_hash
        FROM em_prediction_display d
        LEFT JOIN em_prediction_run r ON r",
scaling/n992/first,46.621,1,1,"Query:executing:SELECT d.*, r.result_hash AS run_result_hash, b.output_hash AS batch_output_hash
        FROM em_prediction_display d
        LEFT JOIN em_prediction_run r ON r",
scaling/n992/first,47.64,1,1,"Query:executing:SELECT d.*, r.result_hash AS run_result_hash, b.output_hash AS batch_output_hash
        FROM em_prediction_display d
        LEFT JOIN em_prediction_run r ON r",
scaling/n992/first,48.654,1,1,"Query:executing:SELECT d.*, r.result_hash AS run_result_hash, b.output_hash AS batch_output_hash
        FROM em_prediction_display d
        LEFT JOIN em_prediction_run r ON r",
scaling/n992/first,49.669,1,1,"Query:executing:SELECT d.*, r.result_hash AS run_result_hash, b.output_hash AS batch_output_hash
        FROM em_prediction_display d
        LEFT JOIN em_prediction_run r ON r",
scaling/n992/first,50.681,1,1,"Query:executing:SELECT d.*, r.result_hash AS run_result_hash, b.output_hash AS batch_output_hash
        FROM em_prediction_display d
        LEFT JOIN em_prediction_run r ON r",
scaling/n992/first,51.692,1,1,"Query:executing:SELECT d.*, r.result_hash AS run_result_hash, b.output_hash AS batch_output_hash
        FROM em_prediction_display d
        LEFT JOIN em_prediction_run r ON r",
scaling/n992/first,52.706,1,1,"Query:executing:SELECT d.*, r.result_hash AS run_result_hash, b.output_hash AS batch_output_hash
        FROM em_prediction_display d
        LEFT JOIN em_prediction_run r ON r",
scaling/n992/first,53.718,1,1,"Query:executing:SELECT d.*, r.result_hash AS run_result_hash, b.output_hash AS batch_output_hash
        FROM em_prediction_display d
        LEFT JOIN em_prediction_run r ON r",
scaling/n992/first,54.726,1,1,"Query:executing:SELECT d.*, r.result_hash AS run_result_hash, b.output_hash AS batch_output_hash
        FROM em_prediction_display d
        LEFT JOIN em_prediction_run r ON r",
scaling/n992/first,55.735,1,1,"Query:executing:SELECT d.*, r.result_hash AS run_result_hash, b.output_hash AS batch_output_hash
        FROM em_prediction_display d
        LEFT JOIN em_prediction_run r ON r",
scaling/n992/first,56.744,1,1,"Query:executing:SELECT d.*, r.result_hash AS run_result_hash, b.output_hash AS batch_output_hash
        FROM em_prediction_display d
        LEFT JOIN em_prediction_run r ON r",
scaling/n992/first,57.766,1,1,"Query:executing:SELECT d.*, r.result_hash AS run_result_hash, b.output_hash AS batch_output_hash
        FROM em_prediction_display d
        LEFT JOIN em_prediction_run r ON r",
scaling/n992/first,58.78,1,1,"Query:executing:SELECT d.*, r.result_hash AS run_result_hash, b.output_hash AS batch_output_hash
        FROM em_prediction_display d
        LEFT JOIN em_prediction_run r ON r",
scaling/n992/first,59.787,1,1,"Query:executing:SELECT d.*, r.result_hash AS run_result_hash, b.output_hash AS batch_output_hash
        FROM em_prediction_display d
        LEFT JOIN em_prediction_run r ON r",
scaling/n992/first,60.796,1,1,"Query:executing:SELECT d.*, r.result_hash AS run_result_hash, b.output_hash AS batch_output_hash
        FROM em_prediction_display d
        LEFT JOIN em_prediction_run r ON r",
scaling/n992/first,62.768,1,1,"Query:executing:SELECT d.*, r.result_hash AS run_result_hash, b.output_hash AS batch_output_hash
        FROM em_prediction_display d
        LEFT JOIN em_prediction_run r ON r",
scaling/n992/first,63.782,1,1,"Query:executing:SELECT d.*, r.result_hash AS run_result_hash, b.output_hash AS batch_output_hash
        FROM em_prediction_display d
        LEFT JOIN em_prediction_run r ON r",
scaling/n992/first,64.797,1,1,"Query:executing:SELECT d.*, r.result_hash AS run_result_hash, b.output_hash AS batch_output_hash
        FROM em_prediction_display d
        LEFT JOIN em_prediction_run r ON r",
scaling/n992/first,65.82,1,1,"Query:executing:SELECT d.*, r.result_hash AS run_result_hash, b.output_hash AS batch_output_hash
        FROM em_prediction_display d
        LEFT JOIN em_prediction_run r ON r",
scaling/n992/first,66.831,1,1,"Query:executing:SELECT d.*, r.result_hash AS run_result_hash, b.output_hash AS batch_output_hash
        FROM em_prediction_display d
        LEFT JOIN em_prediction_run r ON r",
scaling/n992/first,67.849,1,1,"Query:executing:SELECT d.*, r.result_hash AS run_result_hash, b.output_hash AS batch_output_hash
        FROM em_prediction_display d
        LEFT JOIN em_prediction_run r ON r",
scaling/n992/first,68.861,1,1,"Query:executing:SELECT d.*, r.result_hash AS run_result_hash, b.output_hash AS batch_output_hash
        FROM em_prediction_display d
        LEFT JOIN em_prediction_run r ON r",
scaling/n992/first,69.871,1,1,"Query:executing:SELECT d.*, r.result_hash AS run_result_hash, b.output_hash AS batch_output_hash
        FROM em_prediction_display d
        LEFT JOIN em_prediction_run r ON r",
scaling/n992/first,70.882,1,1,"Query:executing:SELECT d.*, r.result_hash AS run_result_hash, b.output_hash AS batch_output_hash
        FROM em_prediction_display d
        LEFT JOIN em_prediction_run r ON r",
scaling/n992/first,71.891,1,1,"Query:executing:SELECT d.*, r.result_hash AS run_result_hash, b.output_hash AS batch_output_hash
        FROM em_prediction_display d
        LEFT JOIN em_prediction_run r ON r",
scaling/n992/first,72.906,1,1,"Query:executing:SELECT d.*, r.result_hash AS run_result_hash, b.output_hash AS batch_output_hash
        FROM em_prediction_display d
        LEFT JOIN em_prediction_run r ON r",
scaling/n992/first,73.92,1,1,"Query:executing:SELECT d.*, r.result_hash AS run_result_hash, b.output_hash AS batch_output_hash
        FROM em_prediction_display d
        LEFT JOIN em_prediction_run r ON r",
scaling/n992/first,74.935,1,1,"Query:executing:SELECT d.*, r.result_hash AS run_result_hash, b.output_hash AS batch_output_hash
        FROM em_prediction_display d
        LEFT JOIN em_prediction_run r ON r",
scaling/n992/first,75.946,1,1,"Query:executing:SELECT d.*, r.result_hash AS run_result_hash, b.output_hash AS batch_output_hash
        FROM em_prediction_display d
        LEFT JOIN em_prediction_run r ON r",
scaling/n992/first,76.97,1,1,"Query:executing:SELECT d.*, r.result_hash AS run_result_hash, b.output_hash AS batch_output_hash
        FROM em_prediction_display d
        LEFT JOIN em_prediction_run r ON r",
scaling/n992/first,77.981,1,1,"Query:executing:SELECT d.*, r.result_hash AS run_result_hash, b.output_hash AS batch_output_hash
        FROM em_prediction_display d
        LEFT JOIN em_prediction_run r ON r",
scaling/n992/first,79.003,1,1,"Query:executing:SELECT d.*, r.result_hash AS run_result_hash, b.output_hash AS batch_output_hash
        FROM em_prediction_display d
        LEFT JOIN em_prediction_run r ON r",
scaling/n992/first,80.019,1,1,"Query:executing:SELECT d.*, r.result_hash AS run_result_hash, b.output_hash AS batch_output_hash
        FROM em_prediction_display d
        LEFT JOIN em_prediction_run r ON r",
scaling/n992/first,81.028,1,1,"Query:executing:SELECT d.*, r.result_hash AS run_result_hash, b.output_hash AS batch_output_hash
        FROM em_prediction_display d
        LEFT JOIN em_prediction_run r ON r",
scaling/n992/first,82.041,1,1,"Query:executing:SELECT d.*, r.result_hash AS run_result_hash, b.output_hash AS batch_output_hash
        FROM em_prediction_display d
        LEFT JOIN em_prediction_run r ON r",
scaling/n992/first,83.053,1,1,"Query:executing:SELECT d.*, r.result_hash AS run_result_hash, b.output_hash AS batch_output_hash
        FROM em_prediction_display d
        LEFT JOIN em_prediction_run r ON r",
scaling/n992/first,84.067,1,1,"Query:executing:SELECT d.*, r.result_hash AS run_result_hash, b.output_hash AS batch_output_hash
        FROM em_prediction_display d
        LEFT JOIN em_prediction_run r ON r",
scaling/n992/first,85.092,1,1,"Query:executing:SELECT d.*, r.result_hash AS run_result_hash, b.output_hash AS batch_output_hash
        FROM em_prediction_display d
        LEFT JOIN em_prediction_run r ON r",
scaling/n992/first,86.112,1,1,"Query:executing:SELECT d.*, r.result_hash AS run_result_hash, b.output_hash AS batch_output_hash
        FROM em_prediction_display d
        LEFT JOIN em_prediction_run r ON r",
scaling/n992/first,87.121,1,1,"Query:executing:SELECT d.*, r.result_hash AS run_result_hash, b.output_hash AS batch_output_hash
        FROM em_prediction_display d
        LEFT JOIN em_prediction_run r ON r",
scaling/n992/first,88.139,1,1,"Query:executing:SELECT d.*, r.result_hash AS run_result_hash, b.output_hash AS batch_output_hash
        FROM em_prediction_display d
        LEFT JOIN em_prediction_run r ON r",
scaling/n992/first,89.148,1,1,"Query:executing:SELECT d.*, r.result_hash AS run_result_hash, b.output_hash AS batch_output_hash
        FROM em_prediction_display d
        LEFT JOIN em_prediction_run r ON r",
scaling/n992/first,90.164,1,1,"Query:executing:SELECT d.*, r.result_hash AS run_result_hash, b.output_hash AS batch_output_hash
        FROM em_prediction_display d
        LEFT JOIN em_prediction_run r ON r",
scaling/n992/first,91.179,1,1,"Query:executing:SELECT d.*, r.result_hash AS run_result_hash, b.output_hash AS batch_output_hash
        FROM em_prediction_display d
        LEFT JOIN em_prediction_run r ON r",
scaling/n992/first,92.193,1,1,"Query:executing:SELECT d.*, r.result_hash AS run_result_hash, b.output_hash AS batch_output_hash
        FROM em_prediction_display d
        LEFT JOIN em_prediction_run r ON r",
scaling/n992/first,93.209,1,1,"Query:executing:SELECT d.*, r.result_hash AS run_result_hash, b.output_hash AS batch_output_hash
        FROM em_prediction_display d
        LEFT JOIN em_prediction_run r ON r",
scaling/n992/first,94.223,1,1,"Query:executing:SELECT d.*, r.result_hash AS run_result_hash, b.output_hash AS batch_output_hash
        FROM em_prediction_display d
        LEFT JOIN em_prediction_run r ON r",
scaling/n992/first,95.234,1,1,"Query:executing:SELECT d.*, r.result_hash AS run_result_hash, b.output_hash AS batch_output_hash
        FROM em_prediction_display d
        LEFT JOIN em_prediction_run r ON r",
scaling/n992/first,96.248,1,1,"Query:executing:SELECT d.*, r.result_hash AS run_result_hash, b.output_hash AS batch_output_hash
        FROM em_prediction_display d
        LEFT JOIN em_prediction_run r ON r",
scaling/n992/first,97.264,1,1,"Query:executing:SELECT d.*, r.result_hash AS run_result_hash, b.output_hash AS batch_output_hash
        FROM em_prediction_display d
        LEFT JOIN em_prediction_run r ON r",
scaling/n992/first,98.282,1,1,"Query:executing:SELECT d.*, r.result_hash AS run_result_hash, b.output_hash AS batch_output_hash
        FROM em_prediction_display d
        LEFT JOIN em_prediction_run r ON r",
scaling/n992/first,99.293,1,1,"Query:executing:SELECT d.*, r.result_hash AS run_result_hash, b.output_hash AS batch_output_hash
        FROM em_prediction_display d
        LEFT JOIN em_prediction_run r ON r",
scaling/n992/first,100.308,1,1,"Query:executing:SELECT d.*, r.result_hash AS run_result_hash, b.output_hash AS batch_output_hash
        FROM em_prediction_display d
        LEFT JOIN em_prediction_run r ON r",
scaling/n992/first,101.324,1,1,"Query:executing:SELECT d.*, r.result_hash AS run_result_hash, b.output_hash AS batch_output_hash
        FROM em_prediction_display d
        LEFT JOIN em_prediction_run r ON r",
scaling/n992/first,102.333,1,1,"Query:executing:SELECT d.*, r.result_hash AS run_result_hash, b.output_hash AS batch_output_hash
        FROM em_prediction_display d
        LEFT JOIN em_prediction_run r ON r",
scaling/n992/first,103.345,1,1,"Query:executing:SELECT d.*, r.result_hash AS run_result_hash, b.output_hash AS batch_output_hash
        FROM em_prediction_display d
        LEFT JOIN em_prediction_run r ON r",
scaling/n992/first,104.368,1,1,"Query:executing:SELECT d.*, r.result_hash AS run_result_hash, b.output_hash AS batch_output_hash
        FROM em_prediction_display d
        LEFT JOIN em_prediction_run r ON r",
scaling/n992/first,105.378,1,1,"Query:executing:SELECT d.*, r.result_hash AS run_result_hash, b.output_hash AS batch_output_hash
        FROM em_prediction_display d
        LEFT JOIN em_prediction_run r ON r",
scaling/n992/first,106.39,1,1,"Query:executing:SELECT d.*, r.result_hash AS run_result_hash, b.output_hash AS batch_output_hash
        FROM em_prediction_display d
        LEFT JOIN em_prediction_run r ON r",
scaling/n992/first,107.407,1,1,"Query:executing:SELECT d.*, r.result_hash AS run_result_hash, b.output_hash AS batch_output_hash
        FROM em_prediction_display d
        LEFT JOIN em_prediction_run r ON r",
scaling/n992/first,108.429,1,1,"Query:executing:SELECT d.*, r.result_hash AS run_result_hash, b.output_hash AS batch_output_hash
        FROM em_prediction_display d
        LEFT JOIN em_prediction_run r ON r",
scaling/n992/first,109.444,1,1,"Query:executing:SELECT d.*, r.result_hash AS run_result_hash, b.output_hash AS batch_output_hash
        FROM em_prediction_display d
        LEFT JOIN em_prediction_run r ON r",
scaling/n992/first,110.456,1,1,"Query:executing:SELECT d.*, r.result_hash AS run_result_hash, b.output_hash AS batch_output_hash
        FROM em_prediction_display d
        LEFT JOIN em_prediction_run r ON r",
scaling/n992/first,111.465,1,1,"Query:executing:SELECT d.*, r.result_hash AS run_result_hash, b.output_hash AS batch_output_hash
        FROM em_prediction_display d
        LEFT JOIN em_prediction_run r ON r",
scaling/n992/first,112.481,1,1,"Query:executing:SELECT d.*, r.result_hash AS run_result_hash, b.output_hash AS batch_output_hash
        FROM em_prediction_display d
        LEFT JOIN em_prediction_run r ON r",
scaling/n992/first,113.493,1,1,"Query:executing:SELECT d.*, r.result_hash AS run_result_hash, b.output_hash AS batch_output_hash
        FROM em_prediction_display d
        LEFT JOIN em_prediction_run r ON r",
scaling/n992/first,114.504,1,1,"Query:executing:SELECT d.*, r.result_hash AS run_result_hash, b.output_hash AS batch_output_hash
        FROM em_prediction_display d
        LEFT JOIN em_prediction_run r ON r",
scaling/n992/first,115.521,1,1,"Query:executing:SELECT d.*, r.result_hash AS run_result_hash, b.output_hash AS batch_output_hash
        FROM em_prediction_display d
        LEFT JOIN em_prediction_run r ON r",
scaling/n992/first,116.535,1,1,"Query:executing:SELECT d.*, r.result_hash AS run_result_hash, b.output_hash AS batch_output_hash
        FROM em_prediction_display d
        LEFT JOIN em_prediction_run r ON r",
scaling/n992/first,117.549,1,1,"Query:executing:SELECT d.*, r.result_hash AS run_result_hash, b.output_hash AS batch_output_hash
        FROM em_prediction_display d
        LEFT JOIN em_prediction_run r ON r",
scaling/n992/first,118.562,1,1,"Query:executing:SELECT d.*, r.result_hash AS run_result_hash, b.output_hash AS batch_output_hash
        FROM em_prediction_display d
        LEFT JOIN em_prediction_run r ON r",
scaling/n992/first,119.58,1,1,"Query:executing:SELECT d.*, r.result_hash AS run_result_hash, b.output_hash AS batch_output_hash
        FROM em_prediction_display d
        LEFT JOIN em_prediction_run r ON r",
scaling/n992/first,120.593,1,1,"Query:executing:SELECT d.*, r.result_hash AS run_result_hash, b.output_hash AS batch_output_hash
        FROM em_prediction_display d
        LEFT JOIN em_prediction_run r ON r",
scaling/n992/first,122.357,1,1,"Query:executing:SELECT d.*, r.result_hash AS run_result_hash, b.output_hash AS batch_output_hash
        FROM em_prediction_display d
        LEFT JOIN em_prediction_run r ON r",
scaling/n992/first,123.367,1,1,"Query:executing:SELECT d.*, r.result_hash AS run_result_hash, b.output_hash AS batch_output_hash
        FROM em_prediction_display d
        LEFT JOIN em_prediction_run r ON r",
scaling/n992/first,124.378,1,1,"Query:executing:SELECT d.*, r.result_hash AS run_result_hash, b.output_hash AS batch_output_hash
        FROM em_prediction_display d
        LEFT JOIN em_prediction_run r ON r",
scaling/n992/first,125.394,1,1,"Query:executing:SELECT d.*, r.result_hash AS run_result_hash, b.output_hash AS batch_output_hash
        FROM em_prediction_display d
        LEFT JOIN em_prediction_run r ON r",
scaling/n992/first,126.407,1,1,"Query:executing:SELECT d.*, r.result_hash AS run_result_hash, b.output_hash AS batch_output_hash
        FROM em_prediction_display d
        LEFT JOIN em_prediction_run r ON r",
scaling/n992/first,127.421,1,1,"Query:executing:SELECT d.*, r.result_hash AS run_result_hash, b.output_hash AS batch_output_hash
        FROM em_prediction_display d
        LEFT JOIN em_prediction_run r ON r",
scaling/n992/first,128.434,1,1,"Query:executing:SELECT d.*, r.result_hash AS run_result_hash, b.output_hash AS batch_output_hash
        FROM em_prediction_display d
        LEFT JOIN em_prediction_run r ON r",
scaling/n992/first,129.446,1,1,"Query:executing:SELECT d.*, r.result_hash AS run_result_hash, b.output_hash AS batch_output_hash
        FROM em_prediction_display d
        LEFT JOIN em_prediction_run r ON r",
scaling/n992/first,130.459,1,1,"Query:executing:SELECT d.*, r.result_hash AS run_result_hash, b.output_hash AS batch_output_hash
        FROM em_prediction_display d
        LEFT JOIN em_prediction_run r ON r",
scaling/n992/first,131.468,1,1,"Query:executing:SELECT d.*, r.result_hash AS run_result_hash, b.output_hash AS batch_output_hash
        FROM em_prediction_display d
        LEFT JOIN em_prediction_run r ON r",
scaling/n992/first,132.48,1,1,"Query:executing:SELECT d.*, r.result_hash AS run_result_hash, b.output_hash AS batch_output_hash
        FROM em_prediction_display d
        LEFT JOIN em_prediction_run r ON r",
scaling/n992/first,133.507,1,1,"Query:executing:SELECT d.*, r.result_hash AS run_result_hash, b.output_hash AS batch_output_hash
        FROM em_prediction_display d
        LEFT JOIN em_prediction_run r ON r",
scaling/n992/first,134.519,1,1,"Query:executing:SELECT d.*, r.result_hash AS run_result_hash, b.output_hash AS batch_output_hash
        FROM em_prediction_display d
        LEFT JOIN em_prediction_run r ON r",
scaling/n992/first,135.529,1,0,Sleep::,
